2026-05-27 13:30:57.049 [main] INFO  com.fbp.engine.api.HttpApiServer - [HttpApiServer] 서버 시작
2026-05-27 13:30:57.050 [main] INFO  com.fbp.engine.runner.EngineMain - === [성공] HTTP API 서버가 포트 8080 에서 실행 중입니다 ===
2026-05-27 13:30:57.051 [main] INFO  com.fbp.engine.runner.EngineMain -    - 상태 확인: GET http://localhost:8080/health
2026-05-27 13:30:57.051 [main] INFO  com.fbp.engine.runner.EngineMain -    - 플로우 배포: POST http://localhost:8080/flows
2026-05-27 14:32:29.500 [main] INFO  com.fbp.engine.api.HttpApiServer - [HttpApiServer] 서버 시작
2026-05-27 14:32:29.501 [main] INFO  com.fbp.engine.runner.EngineMain - === [성공] HTTP API 서버가 포트 8080 에서 실행 중입니다 ===
2026-05-27 14:32:29.502 [main] INFO  com.fbp.engine.runner.EngineMain -    - 상태 확인: GET http://localhost:8080/health
2026-05-27 14:32:29.502 [main] INFO  com.fbp.engine.runner.EngineMain -    - 플로우 배포: POST http://localhost:8080/flows
2026-05-27 14:32:52.577 [main] INFO  com.fbp.engine.api.HttpApiServer - [HttpApiServer] 서버 시작
2026-05-27 14:32:52.579 [main] INFO  com.fbp.engine.runner.EngineMain - === [성공] HTTP API 서버가 포트 8080 에서 실행 중입니다 ===
2026-05-27 14:32:52.580 [main] INFO  com.fbp.engine.runner.EngineMain -    - 상태 확인: GET http://localhost:8080/health
2026-05-27 14:32:52.580 [main] INFO  com.fbp.engine.runner.EngineMain -    - 플로우 배포: POST http://localhost:8080/flows
2026-05-27 14:33:05.080 [main] INFO  com.fbp.engine.engine.FlowManager - [FlowManager] MQTT 브릿지 연결 생성 - 토픽: fbp/smart-building/mqtt-sub.out->router.in
2026-05-27 14:33:05.086 [MQTT Call: sub-mqtt-sub:out->router:in-100574685822208] INFO  c.f.e.core.impl.MqttBridgeConnection - [MqttBridge mqtt-sub:out->router:in] 브로커 (재)연결 및 토픽 구독 완료: fbp/smart-building/mqtt-sub.out->router.in
2026-05-27 14:33:05.717 [main] INFO  com.fbp.engine.engine.FlowManager - [FlowManager] MQTT 브릿지 연결 생성 - 토픽: fbp/smart-building/router.temp->temp-rule.in
2026-05-27 14:33:05.719 [MQTT Call: sub-router:temp->temp-rule:in-100575322990750] INFO  c.f.e.core.impl.MqttBridgeConnection - [MqttBridge router:temp->temp-rule:in] 브로커 (재)연결 및 토픽 구독 완료: fbp/smart-building/router.temp->temp-rule.in
2026-05-27 14:33:06.362 [main] INFO  com.fbp.engine.engine.FlowManager - [FlowManager] MQTT 브릿지 연결 생성 - 토픽: fbp/smart-building/router.humidity->humidity-rule.in
2026-05-27 14:33:06.363 [MQTT Call: sub-router:humidity->humidity-rule:in-100575966720500] INFO  c.f.e.core.impl.MqttBridgeConnection - [MqttBridge router:humidity->humidity-rule:in] 브로커 (재)연결 및 토픽 구독 완료: fbp/smart-building/router.humidity->humidity-rule.in
2026-05-27 14:33:07.011 [main] INFO  com.fbp.engine.engine.FlowManager - [FlowManager] MQTT 브릿지 연결 생성 - 토픽: fbp/smart-building/temp-rule.alert->alert.in
2026-05-27 14:33:07.012 [MQTT Call: sub-temp-rule:alert->alert:in-100576611008625] INFO  c.f.e.core.impl.MqttBridgeConnection - [MqttBridge temp-rule:alert->alert:in] 브로커 (재)연결 및 토픽 구독 완료: fbp/smart-building/temp-rule.alert->alert.in
2026-05-27 14:33:07.647 [main] INFO  com.fbp.engine.engine.FlowManager - [FlowManager] MQTT 브릿지 연결 생성 - 토픽: fbp/smart-building/temp-rule.normal->modbus-writer.in
2026-05-27 14:33:07.649 [MQTT Call: sub-temp-rule:normal->modbus-writer:in-100577253219458] INFO  c.f.e.core.impl.MqttBridgeConnection - [MqttBridge temp-rule:normal->modbus-writer:in] 브로커 (재)연결 및 토픽 구독 완료: fbp/smart-building/temp-rule.normal->modbus-writer.in
2026-05-27 14:33:08.277 [main] INFO  com.fbp.engine.engine.FlowManager - [FlowManager] MQTT 브릿지 연결 생성 - 토픽: fbp/smart-building/humidity-rule.alert->mqtt-pub.in
2026-05-27 14:33:08.277 [main] INFO  com.fbp.engine.core.FlowEngine - [Engine] 플로우 'smart-building' 등록됨
2026-05-27 14:33:08.278 [MQTT Call: sub-humidity-rule:alert->mqtt-pub:in-100577888144458] INFO  c.f.e.core.impl.MqttBridgeConnection - [MqttBridge humidity-rule:alert->mqtt-pub:in] 브로커 (재)연결 및 토픽 구독 완료: fbp/smart-building/humidity-rule.alert->mqtt-pub.in
2026-05-27 14:33:08.282 [main] INFO  com.fbp.engine.node.ProtocolNode - [modbus-writer] 연결 성공
2026-05-27 14:33:08.607 [MQTT Call: fbp-building-sub-100578207994166] INFO  c.f.e.node.impl.MqttSubscriberNode - [mqtt-sub] MQTT Broker 연결 완료
2026-05-27 14:33:08.608 [main] INFO  com.fbp.engine.node.ProtocolNode - [mqtt-sub] 연결 성공
2026-05-27 14:33:08.611 [main] INFO  c.f.e.node.impl.MqttPublisherNode - [mqtt-pub] MQTT Broker(tcp://localhost:1883) 연결 시도
2026-05-27 14:33:08.929 [main] INFO  c.f.e.node.impl.MqttPublisherNode - [mqtt-pub] MQTT Broker 연결 완료 (Publisher)
2026-05-27 14:33:08.930 [main] INFO  com.fbp.engine.node.ProtocolNode - [mqtt-pub] 연결 성공
2026-05-27 14:33:08.935 [main] INFO  com.fbp.engine.core.FlowEngine - [Engine] 플로우 'smart-building' 시작됨
2026-05-27 14:33:09.059 [main] INFO  c.f.engine.metrics.MetricsCollector - MetricsCollector InfluxDB 설정 로드 완료 (버퍼 크기: 100000)
2026-05-27 14:33:19.116 [pool-3-thread-1] INFO  c.f.engine.metrics.MetricsCollector - [MetricsCollector] 1건 메트릭 InfluxDB 적재 완료
2026-05-27 14:44:01.092 [main] INFO  com.fbp.engine.engine.FlowManager - [Patch Diff] -Nodes: 0, +Nodes: 1, ~Nodes: 1, -Wires: 0, +Wires: 2
2026-05-27 14:44:02.358 [MQTT Call: sub-mqtt-sub:out->router:in-101231962876208] INFO  c.f.e.core.impl.MqttBridgeConnection - [MqttBridge mqtt-sub:out->router:in] 브로커 (재)연결 및 토픽 구독 완료: fbp/smart-building/mqtt-sub.out->router.in
2026-05-27 14:44:02.995 [MQTT Call: sub-router:temp->temp-rule:in-101232601030583] INFO  c.f.e.core.impl.MqttBridgeConnection - [MqttBridge router:temp->temp-rule:in] 브로커 (재)연결 및 토픽 구독 완료: fbp/smart-building/router.temp->temp-rule.in
2026-05-27 14:44:03.634 [main] INFO  com.fbp.engine.engine.FlowManager - [FlowManager] 노드 [router] 설정 업데이트 및 연결 복구 완료
2026-05-27 14:44:03.634 [MQTT Call: sub-router:humidity->humidity-rule:in-101233236490708] INFO  c.f.e.core.impl.MqttBridgeConnection - [MqttBridge router:humidity->humidity-rule:in] 브로커 (재)연결 및 토픽 구독 완료: fbp/smart-building/router.humidity->humidity-rule.in
2026-05-27 14:44:03.634 [main] INFO  com.fbp.engine.engine.FlowManager -   [~] Node 설정 업데이트 완료: router
2026-05-27 14:44:03.635 [main] INFO  com.fbp.engine.engine.FlowManager -   [+] Node 추가 완료: pressure-rule
2026-05-27 14:44:04.275 [main] INFO  com.fbp.engine.engine.FlowManager -   [+] Wire 추가 완료: pressure-rule:alert->alert:in
2026-05-27 14:44:04.276 [MQTT Call: sub-pressure-rule:alert->alert:in-101233879185250] INFO  c.f.e.core.impl.MqttBridgeConnection - [MqttBridge pressure-rule:alert->alert:in] 브로커 (재)연결 및 토픽 구독 완료: fbp/smart-building/pressure-rule.alert->alert.in
2026-05-27 14:44:04.908 [main] INFO  com.fbp.engine.engine.FlowManager -   [+] Wire 추가 완료: router:pressure->pressure-rule:in
2026-05-27 14:44:04.909 [main] INFO  com.fbp.engine.engine.FlowManager - [FlowManager] 플로우 [smart-building] 동적 패치 완료!
2026-05-27 14:44:04.909 [MQTT Call: sub-router:pressure->pressure-rule:in-101234514194208] INFO  c.f.e.core.impl.MqttBridgeConnection - [MqttBridge router:pressure->pressure-rule:in] 브로커 (재)연결 및 토픽 구독 완료: fbp/smart-building/router.pressure->pressure-rule.in
2026-05-27 14:47:18.117 [main] INFO  com.fbp.engine.api.HttpApiServer - [HttpApiServer] 서버 시작
2026-05-27 14:47:18.118 [main] INFO  com.fbp.engine.runner.EngineMain - === [성공] HTTP API 서버가 포트 8080 에서 실행 중입니다 ===
2026-05-27 14:47:18.118 [main] INFO  com.fbp.engine.runner.EngineMain -    - 상태 확인: GET http://localhost:8080/health
2026-05-27 14:47:18.118 [main] INFO  com.fbp.engine.runner.EngineMain -    - 플로우 배포: POST http://localhost:8080/flows
2026-05-27 14:47:22.870 [main] INFO  com.fbp.engine.engine.FlowManager - [FlowManager] MQTT 브릿지 연결 생성 - 토픽: fbp/smart-building/mqtt-sub.out->router.in
2026-05-27 14:47:22.873 [MQTT Call: sub-mqtt-sub:out->router:in-101432477984833] INFO  c.f.e.core.impl.MqttBridgeConnection - [MqttBridge mqtt-sub:out->router:in] 브로커 (재)연결 및 토픽 구독 완료: fbp/smart-building/mqtt-sub.out->router.in
2026-05-27 14:47:23.505 [main] INFO  com.fbp.engine.engine.FlowManager - [FlowManager] MQTT 브릿지 연결 생성 - 토픽: fbp/smart-building/router.temp->temp-rule.in
2026-05-27 14:47:23.506 [MQTT Call: sub-router:temp->temp-rule:in-101433111053791] INFO  c.f.e.core.impl.MqttBridgeConnection - [MqttBridge router:temp->temp-rule:in] 브로커 (재)연결 및 토픽 구독 완료: fbp/smart-building/router.temp->temp-rule.in
2026-05-27 14:47:24.140 [main] INFO  com.fbp.engine.engine.FlowManager - [FlowManager] MQTT 브릿지 연결 생성 - 토픽: fbp/smart-building/router.humidity->humidity-rule.in
2026-05-27 14:47:24.141 [MQTT Call: sub-router:humidity->humidity-rule:in-101433744007291] INFO  c.f.e.core.impl.MqttBridgeConnection - [MqttBridge router:humidity->humidity-rule:in] 브로커 (재)연결 및 토픽 구독 완료: fbp/smart-building/router.humidity->humidity-rule.in
2026-05-27 14:47:24.779 [main] INFO  com.fbp.engine.engine.FlowManager - [FlowManager] MQTT 브릿지 연결 생성 - 토픽: fbp/smart-building/temp-rule.alert->alert.in
2026-05-27 14:47:24.781 [MQTT Call: sub-temp-rule:alert->alert:in-101434382670666] INFO  c.f.e.core.impl.MqttBridgeConnection - [MqttBridge temp-rule:alert->alert:in] 브로커 (재)연결 및 토픽 구독 완료: fbp/smart-building/temp-rule.alert->alert.in
2026-05-27 14:47:25.415 [main] INFO  com.fbp.engine.engine.FlowManager - [FlowManager] MQTT 브릿지 연결 생성 - 토픽: fbp/smart-building/temp-rule.normal->modbus-writer.in
2026-05-27 14:47:25.416 [MQTT Call: sub-temp-rule:normal->modbus-writer:in-101435018530458] INFO  c.f.e.core.impl.MqttBridgeConnection - [MqttBridge temp-rule:normal->modbus-writer:in] 브로커 (재)연결 및 토픽 구독 완료: fbp/smart-building/temp-rule.normal->modbus-writer.in
2026-05-27 14:47:26.047 [main] INFO  com.fbp.engine.engine.FlowManager - [FlowManager] MQTT 브릿지 연결 생성 - 토픽: fbp/smart-building/humidity-rule.alert->mqtt-pub.in
2026-05-27 14:47:26.048 [main] INFO  com.fbp.engine.core.FlowEngine - [Engine] 플로우 'smart-building' 등록됨
2026-05-27 14:47:26.049 [MQTT Call: sub-humidity-rule:alert->mqtt-pub:in-101435654672375] INFO  c.f.e.core.impl.MqttBridgeConnection - [MqttBridge humidity-rule:alert->mqtt-pub:in] 브로커 (재)연결 및 토픽 구독 완료: fbp/smart-building/humidity-rule.alert->mqtt-pub.in
2026-05-27 14:47:26.051 [main] INFO  com.fbp.engine.node.ProtocolNode - [modbus-writer] 연결 성공
2026-05-27 14:47:26.377 [MQTT Call: fbp-building-sub-101435974856833] INFO  c.f.e.node.impl.MqttSubscriberNode - [mqtt-sub] MQTT Broker 연결 완료
2026-05-27 14:47:26.378 [main] INFO  com.fbp.engine.node.ProtocolNode - [mqtt-sub] 연결 성공
2026-05-27 14:47:26.381 [main] INFO  c.f.e.node.impl.MqttPublisherNode - [mqtt-pub] MQTT Broker(tcp://localhost:1883) 연결 시도
2026-05-27 14:47:26.704 [main] INFO  c.f.e.node.impl.MqttPublisherNode - [mqtt-pub] MQTT Broker 연결 완료 (Publisher)
2026-05-27 14:47:26.705 [main] INFO  com.fbp.engine.node.ProtocolNode - [mqtt-pub] 연결 성공
2026-05-27 14:47:26.710 [main] INFO  com.fbp.engine.core.FlowEngine - [Engine] 플로우 'smart-building' 시작됨
2026-05-27 14:47:26.817 [main] INFO  c.f.engine.metrics.MetricsCollector - MetricsCollector InfluxDB 설정 로드 완료 (버퍼 크기: 100000)
2026-05-27 14:47:27.969 [main] INFO  com.fbp.engine.engine.FlowManager - [FlowManager] 로컬 연결 생성 - timer:out->health-checker:in
2026-05-27 14:47:27.969 [main] INFO  com.fbp.engine.engine.FlowManager - [FlowManager] 로컬 연결 생성 - health-checker:out->logger:in
2026-05-27 14:47:27.969 [main] INFO  com.fbp.engine.core.FlowEngine - [Engine] 플로우 'health-check' 등록됨
2026-05-27 14:47:27.971 [main] INFO  com.fbp.engine.core.FlowEngine - [Engine] 플로우 'health-check' 시작됨
2026-05-27 14:47:27.972 [pool-1-thread-8] INFO  com.fbp.engine.node.impl.LogNode - [14:47:27.971][logger] {tick=0, __inPort=in, check_timestamp=1779860847971, timestamp=1779860847970, status=UP}
2026-05-27 14:47:32.848 [main] INFO  com.fbp.engine.node.ProtocolNode - [modbus-writer] 연결 성공
2026-05-27 14:47:32.971 [pool-1-thread-8] INFO  com.fbp.engine.node.impl.LogNode - [14:47:32.971][logger] {tick=1, __inPort=in, check_timestamp=1779860852971, timestamp=1779860852971, status=UP}
2026-05-27 14:47:36.872 [pool-3-thread-1] INFO  c.f.engine.metrics.MetricsCollector - [MetricsCollector] 6건 메트릭 InfluxDB 적재 완료
2026-05-27 14:47:37.975 [pool-1-thread-8] INFO  com.fbp.engine.node.impl.LogNode - [14:47:37.975][logger] {tick=2, __inPort=in, check_timestamp=1779860857975, timestamp=1779860857975, status=UP}
2026-05-27 14:47:42.976 [pool-1-thread-8] INFO  com.fbp.engine.node.impl.LogNode - [14:47:42.975][logger] {tick=3, __inPort=in, check_timestamp=1779860862975, timestamp=1779860862975, status=UP}
2026-05-27 14:47:43.280 [MQTT Call: fbp-building-sub-101452884344666] INFO  c.f.e.node.impl.MqttSubscriberNode - [mqtt-sub] MQTT Broker 연결 완료
2026-05-27 14:47:43.281 [main] INFO  com.fbp.engine.node.ProtocolNode - [mqtt-sub] 연결 성공
2026-05-27 14:47:46.834 [pool-3-thread-1] INFO  c.f.engine.metrics.MetricsCollector - [MetricsCollector] 4건 메트릭 InfluxDB 적재 완료
2026-05-27 14:47:47.972 [pool-1-thread-8] INFO  com.fbp.engine.node.impl.LogNode - [14:47:47.971][logger] {tick=4, __inPort=in, check_timestamp=1779860867971, timestamp=1779860867971, status=UP}
2026-05-27 14:47:52.976 [pool-1-thread-8] INFO  com.fbp.engine.node.impl.LogNode - [14:47:52.976][logger] {tick=5, __inPort=in, check_timestamp=1779860872976, timestamp=1779860872975, status=UP}
2026-05-27 14:47:53.393 [main] INFO  c.f.e.node.impl.MqttPublisherNode - [mqtt-pub] MQTT Broker(tcp://localhost:1883) 연결 시도
2026-05-27 14:47:53.715 [main] INFO  c.f.e.node.impl.MqttPublisherNode - [mqtt-pub] MQTT Broker 연결 완료 (Publisher)
2026-05-27 14:47:53.716 [main] INFO  com.fbp.engine.node.ProtocolNode - [mqtt-pub] 연결 성공
2026-05-27 14:47:53.716 [main] INFO  com.fbp.engine.core.FlowEngine - [Engine] 플로우 'smart-building' 시작됨
2026-05-27 14:47:55.833 [main] INFO  com.fbp.engine.core.FlowEngine - [Engine] 플로우 'health-check' 시작됨
2026-05-27 14:47:55.834 [pool-1-thread-8] INFO  com.fbp.engine.node.impl.LogNode - [14:47:55.834][logger] {tick=6, __inPort=in, check_timestamp=1779860875833, timestamp=1779860875833, status=UP}
2026-05-27 14:47:56.831 [pool-3-thread-1] INFO  c.f.engine.metrics.MetricsCollector - [MetricsCollector] 6건 메트릭 InfluxDB 적재 완료
2026-05-27 14:47:57.976 [pool-1-thread-8] INFO  com.fbp.engine.node.impl.LogNode - [14:47:57.976][logger] {tick=7, __inPort=in, check_timestamp=1779860877976, timestamp=1779860877975, status=UP}
2026-05-27 14:48:00.835 [pool-1-thread-8] INFO  com.fbp.engine.node.impl.LogNode - [14:48:00.835][logger] {tick=8, __inPort=in, check_timestamp=1779860880835, timestamp=1779860880835, status=UP}
2026-05-27 14:48:02.973 [pool-1-thread-8] INFO  com.fbp.engine.node.impl.LogNode - [14:48:02.973][logger] {tick=9, __inPort=in, check_timestamp=1779860882972, timestamp=1779860882972, status=UP}
2026-05-27 14:48:05.839 [pool-1-thread-8] INFO  com.fbp.engine.node.impl.LogNode - [14:48:05.839][logger] {tick=10, __inPort=in, check_timestamp=1779860885839, timestamp=1779860885838, status=UP}
2026-05-27 14:48:06.835 [pool-3-thread-1] INFO  c.f.engine.metrics.MetricsCollector - [MetricsCollector] 8건 메트릭 InfluxDB 적재 완료
2026-05-27 14:48:07.973 [pool-1-thread-8] INFO  com.fbp.engine.node.impl.LogNode - [14:48:07.972][logger] {tick=11, __inPort=in, check_timestamp=1779860887972, timestamp=1779860887972, status=UP}
2026-05-27 14:48:10.837 [pool-1-thread-8] INFO  com.fbp.engine.node.impl.LogNode - [14:48:10.837][logger] {tick=12, __inPort=in, check_timestamp=1779860890837, timestamp=1779860890836, status=UP}
2026-05-27 14:48:12.976 [pool-1-thread-8] INFO  com.fbp.engine.node.impl.LogNode - [14:48:12.976][logger] {tick=13, __inPort=in, check_timestamp=1779860892976, timestamp=1779860892975, status=UP}
2026-05-27 14:48:15.839 [pool-1-thread-8] INFO  com.fbp.engine.node.impl.LogNode - [14:48:15.839][logger] {tick=14, __inPort=in, check_timestamp=1779860895839, timestamp=1779860895838, status=UP}
2026-05-27 14:48:16.830 [pool-3-thread-1] INFO  c.f.engine.metrics.MetricsCollector - [MetricsCollector] 8건 메트릭 InfluxDB 적재 완료
2026-05-27 14:48:17.976 [pool-1-thread-8] INFO  com.fbp.engine.node.impl.LogNode - [14:48:17.976][logger] {tick=15, __inPort=in, check_timestamp=1779860897976, timestamp=1779860897975, status=UP}
2026-05-27 14:48:20.838 [pool-1-thread-8] INFO  com.fbp.engine.node.impl.LogNode - [14:48:20.838][logger] {tick=16, __inPort=in, check_timestamp=1779860900838, timestamp=1779860900837, status=UP}
2026-05-27 14:48:22.975 [pool-1-thread-8] INFO  com.fbp.engine.node.impl.LogNode - [14:48:22.975][logger] {tick=17, __inPort=in, check_timestamp=1779860902975, timestamp=1779860902974, status=UP}
2026-05-27 14:48:25.837 [pool-1-thread-8] INFO  com.fbp.engine.node.impl.LogNode - [14:48:25.837][logger] {tick=18, __inPort=in, check_timestamp=1779860905837, timestamp=1779860905837, status=UP}
2026-05-27 14:48:26.835 [pool-3-thread-1] INFO  c.f.engine.metrics.MetricsCollector - [MetricsCollector] 8건 메트릭 InfluxDB 적재 완료
2026-05-27 14:48:27.976 [pool-1-thread-8] INFO  com.fbp.engine.node.impl.LogNode - [14:48:27.975][logger] {tick=19, __inPort=in, check_timestamp=1779860907975, timestamp=1779860907975, status=UP}
2026-05-27 14:48:30.839 [pool-1-thread-8] INFO  com.fbp.engine.node.impl.LogNode - [14:48:30.838][logger] {tick=20, __inPort=in, check_timestamp=1779860910838, timestamp=1779860910838, status=UP}
2026-05-27 14:48:32.976 [pool-1-thread-8] INFO  com.fbp.engine.node.impl.LogNode - [14:48:32.976][logger] {tick=21, __inPort=in, check_timestamp=1779860912976, timestamp=1779860912975, status=UP}
2026-05-27 14:48:35.839 [pool-1-thread-8] INFO  com.fbp.engine.node.impl.LogNode - [14:48:35.839][logger] {tick=22, __inPort=in, check_timestamp=1779860915839, timestamp=1779860915838, status=UP}
2026-05-27 14:48:36.831 [pool-3-thread-1] INFO  c.f.engine.metrics.MetricsCollector - [MetricsCollector] 8건 메트릭 InfluxDB 적재 완료
2026-05-27 14:48:37.972 [pool-1-thread-8] INFO  com.fbp.engine.node.impl.LogNode - [14:48:37.971][logger] {tick=23, __inPort=in, check_timestamp=1779860917971, timestamp=1779860917971, status=UP}
2026-05-27 14:48:40.838 [pool-1-thread-8] INFO  com.fbp.engine.node.impl.LogNode - [14:48:40.838][logger] {tick=24, __inPort=in, check_timestamp=1779860920838, timestamp=1779860920838, status=UP}
2026-05-27 14:48:42.973 [pool-1-thread-8] INFO  com.fbp.engine.node.impl.LogNode - [14:48:42.973][logger] {tick=25, __inPort=in, check_timestamp=1779860922973, timestamp=1779860922973, status=UP}
2026-05-27 14:48:45.835 [pool-1-thread-8] INFO  com.fbp.engine.node.impl.LogNode - [14:48:45.835][logger] {tick=26, __inPort=in, check_timestamp=1779860925835, timestamp=1779860925834, status=UP}
2026-05-27 14:48:46.834 [pool-3-thread-1] INFO  c.f.engine.metrics.MetricsCollector - [MetricsCollector] 8건 메트릭 InfluxDB 적재 완료
2026-05-27 14:48:47.976 [pool-1-thread-8] INFO  com.fbp.engine.node.impl.LogNode - [14:48:47.976][logger] {tick=27, __inPort=in, check_timestamp=1779860927976, timestamp=1779860927975, status=UP}
2026-05-27 14:48:50.839 [pool-1-thread-8] INFO  com.fbp.engine.node.impl.LogNode - [14:48:50.839][logger] {tick=28, __inPort=in, check_timestamp=1779860930839, timestamp=1779860930838, status=UP}
2026-05-27 14:48:52.973 [pool-1-thread-8] INFO  com.fbp.engine.node.impl.LogNode - [14:48:52.972][logger] {tick=29, __inPort=in, check_timestamp=1779860932972, timestamp=1779860932972, status=UP}
2026-05-27 14:48:55.839 [pool-1-thread-8] INFO  com.fbp.engine.node.impl.LogNode - [14:48:55.839][logger] {tick=30, __inPort=in, check_timestamp=1779860935839, timestamp=1779860935838, status=UP}
2026-05-27 14:48:56.833 [pool-3-thread-1] INFO  c.f.engine.metrics.MetricsCollector - [MetricsCollector] 8건 메트릭 InfluxDB 적재 완료
2026-05-27 14:48:57.976 [pool-1-thread-8] INFO  com.fbp.engine.node.impl.LogNode - [14:48:57.975][logger] {tick=31, __inPort=in, check_timestamp=1779860937975, timestamp=1779860937975, status=UP}
2026-05-27 14:49:00.837 [pool-1-thread-8] INFO  com.fbp.engine.node.impl.LogNode - [14:49:00.837][logger] {tick=32, __inPort=in, check_timestamp=1779860940836, timestamp=1779860940836, status=UP}
2026-05-27 14:49:02.976 [pool-1-thread-8] INFO  com.fbp.engine.node.impl.LogNode - [14:49:02.976][logger] {tick=33, __inPort=in, check_timestamp=1779860942976, timestamp=1779860942975, status=UP}
2026-05-27 14:49:05.838 [pool-1-thread-8] INFO  com.fbp.engine.node.impl.LogNode - [14:49:05.838][logger] {tick=34, __inPort=in, check_timestamp=1779860945838, timestamp=1779860945838, status=UP}
2026-05-27 14:49:06.834 [pool-3-thread-1] INFO  c.f.engine.metrics.MetricsCollector - [MetricsCollector] 8건 메트릭 InfluxDB 적재 완료
2026-05-27 14:49:07.974 [pool-1-thread-8] INFO  com.fbp.engine.node.impl.LogNode - [14:49:07.973][logger] {tick=35, __inPort=in, check_timestamp=1779860947973, timestamp=1779860947971, status=UP}
2026-05-27 14:49:10.840 [pool-1-thread-8] INFO  com.fbp.engine.node.impl.LogNode - [14:49:10.839][logger] {tick=36, __inPort=in, check_timestamp=1779860950839, timestamp=1779860950838, status=UP}
2026-05-27 14:49:12.976 [pool-1-thread-8] INFO  com.fbp.engine.node.impl.LogNode - [14:49:12.976][logger] {tick=37, __inPort=in, check_timestamp=1779860952975, timestamp=1779860952973, status=UP}
2026-05-27 14:49:15.836 [pool-1-thread-8] INFO  com.fbp.engine.node.impl.LogNode - [14:49:15.836][logger] {tick=38, __inPort=in, check_timestamp=1779860955836, timestamp=1779860955835, status=UP}
2026-05-27 14:49:16.848 [pool-3-thread-1] INFO  c.f.engine.metrics.MetricsCollector - [MetricsCollector] 8건 메트릭 InfluxDB 적재 완료
2026-05-27 14:49:17.975 [pool-1-thread-8] INFO  com.fbp.engine.node.impl.LogNode - [14:49:17.975][logger] {tick=39, __inPort=in, check_timestamp=1779860957974, timestamp=1779860957974, status=UP}
2026-05-27 14:49:20.835 [pool-1-thread-8] INFO  com.fbp.engine.node.impl.LogNode - [14:49:20.835][logger] {tick=40, __inPort=in, check_timestamp=1779860960835, timestamp=1779860960834, status=UP}
2026-05-27 14:49:22.976 [pool-1-thread-8] INFO  com.fbp.engine.node.impl.LogNode - [14:49:22.976][logger] {tick=41, __inPort=in, check_timestamp=1779860962975, timestamp=1779860962975, status=UP}
2026-05-27 14:49:25.839 [pool-1-thread-8] INFO  com.fbp.engine.node.impl.LogNode - [14:49:25.838][logger] {tick=42, __inPort=in, check_timestamp=1779860965838, timestamp=1779860965838, status=UP}
2026-05-27 14:49:26.831 [pool-3-thread-1] INFO  c.f.engine.metrics.MetricsCollector - [MetricsCollector] 8건 메트릭 InfluxDB 적재 완료
2026-05-27 14:49:27.973 [pool-1-thread-8] INFO  com.fbp.engine.node.impl.LogNode - [14:49:27.973][logger] {tick=43, __inPort=in, check_timestamp=1779860967973, timestamp=1779860967972, status=UP}
2026-05-27 14:49:30.837 [pool-1-thread-8] INFO  com.fbp.engine.node.impl.LogNode - [14:49:30.837][logger] {tick=44, __inPort=in, check_timestamp=1779860970837, timestamp=1779860970837, status=UP}
2026-05-27 14:49:32.975 [pool-1-thread-8] INFO  com.fbp.engine.node.impl.LogNode - [14:49:32.975][logger] {tick=45, __inPort=in, check_timestamp=1779860972975, timestamp=1779860972974, status=UP}
2026-05-27 14:49:35.839 [pool-1-thread-8] INFO  com.fbp.engine.node.impl.LogNode - [14:49:35.839][logger] {tick=46, __inPort=in, check_timestamp=1779860975839, timestamp=1779860975838, status=UP}
2026-05-27 14:49:36.836 [pool-3-thread-1] INFO  c.f.engine.metrics.MetricsCollector - [MetricsCollector] 8건 메트릭 InfluxDB 적재 완료
2026-05-27 14:49:37.972 [pool-1-thread-8] INFO  com.fbp.engine.node.impl.LogNode - [14:49:37.972][logger] {tick=47, __inPort=in, check_timestamp=1779860977972, timestamp=1779860977971, status=UP}
2026-05-27 14:49:40.840 [pool-1-thread-8] INFO  com.fbp.engine.node.impl.LogNode - [14:49:40.839][logger] {tick=48, __inPort=in, check_timestamp=1779860980839, timestamp=1779860980839, status=UP}
2026-05-27 14:49:42.976 [pool-1-thread-8] INFO  com.fbp.engine.node.impl.LogNode - [14:49:42.976][logger] {tick=49, __inPort=in, check_timestamp=1779860982976, timestamp=1779860982975, status=UP}
2026-05-27 14:49:45.838 [pool-1-thread-8] INFO  com.fbp.engine.node.impl.LogNode - [14:49:45.837][logger] {tick=50, __inPort=in, check_timestamp=1779860985837, timestamp=1779860985837, status=UP}
2026-05-27 14:49:46.836 [pool-3-thread-1] INFO  c.f.engine.metrics.MetricsCollector - [MetricsCollector] 8건 메트릭 InfluxDB 적재 완료
2026-05-27 14:49:47.974 [pool-1-thread-8] INFO  com.fbp.engine.node.impl.LogNode - [14:49:47.974][logger] {tick=51, __inPort=in, check_timestamp=1779860987974, timestamp=1779860987974, status=UP}
2026-05-27 14:49:50.839 [pool-1-thread-8] INFO  com.fbp.engine.node.impl.LogNode - [14:49:50.839][logger] {tick=52, __inPort=in, check_timestamp=1779860990839, timestamp=1779860990839, status=UP}
2026-05-27 14:49:52.976 [pool-1-thread-8] INFO  com.fbp.engine.node.impl.LogNode - [14:49:52.976][logger] {tick=53, __inPort=in, check_timestamp=1779860992976, timestamp=1779860992975, status=UP}
2026-05-27 14:49:55.836 [pool-1-thread-8] INFO  com.fbp.engine.node.impl.LogNode - [14:49:55.835][logger] {tick=54, __inPort=in, check_timestamp=1779860995835, timestamp=1779860995835, status=UP}
2026-05-27 14:49:56.834 [pool-3-thread-1] INFO  c.f.engine.metrics.MetricsCollector - [MetricsCollector] 8건 메트릭 InfluxDB 적재 완료
2026-05-27 14:49:57.976 [pool-1-thread-8] INFO  com.fbp.engine.node.impl.LogNode - [14:49:57.976][logger] {tick=55, __inPort=in, check_timestamp=1779860997975, timestamp=1779860997975, status=UP}
2026-05-27 14:50:00.839 [pool-1-thread-8] INFO  com.fbp.engine.node.impl.LogNode - [14:50:00.839][logger] {tick=56, __inPort=in, check_timestamp=1779861000839, timestamp=1779861000839, status=UP}
2026-05-27 14:50:02.976 [pool-1-thread-8] INFO  com.fbp.engine.node.impl.LogNode - [14:50:02.976][logger] {tick=57, __inPort=in, check_timestamp=1779861002976, timestamp=1779861002975, status=UP}
2026-05-27 14:50:05.836 [pool-1-thread-8] INFO  com.fbp.engine.node.impl.LogNode - [14:50:05.836][logger] {tick=58, __inPort=in, check_timestamp=1779861005836, timestamp=1779861005835, status=UP}
2026-05-27 14:50:06.834 [pool-3-thread-1] INFO  c.f.engine.metrics.MetricsCollector - [MetricsCollector] 8건 메트릭 InfluxDB 적재 완료
2026-05-27 14:50:07.976 [pool-1-thread-8] INFO  com.fbp.engine.node.impl.LogNode - [14:50:07.976][logger] {tick=59, __inPort=in, check_timestamp=1779861007976, timestamp=1779861007975, status=UP}
2026-05-27 14:50:10.836 [pool-1-thread-8] INFO  com.fbp.engine.node.impl.LogNode - [14:50:10.836][logger] {tick=60, __inPort=in, check_timestamp=1779861010836, timestamp=1779861010836, status=UP}
2026-05-27 14:50:12.977 [pool-1-thread-8] INFO  com.fbp.engine.node.impl.LogNode - [14:50:12.977][logger] {tick=61, __inPort=in, check_timestamp=1779861012976, timestamp=1779861012976, status=UP}
2026-05-27 14:50:15.836 [pool-1-thread-8] INFO  com.fbp.engine.node.impl.LogNode - [14:50:15.835][logger] {tick=62, __inPort=in, check_timestamp=1779861015835, timestamp=1779861015835, status=UP}
2026-05-27 14:50:16.834 [pool-3-thread-1] INFO  c.f.engine.metrics.MetricsCollector - [MetricsCollector] 8건 메트릭 InfluxDB 적재 완료
2026-05-27 14:50:17.976 [pool-1-thread-8] INFO  com.fbp.engine.node.impl.LogNode - [14:50:17.976][logger] {tick=63, __inPort=in, check_timestamp=1779861017976, timestamp=1779861017975, status=UP}
2026-05-27 14:50:20.840 [pool-1-thread-8] INFO  com.fbp.engine.node.impl.LogNode - [14:50:20.840][logger] {tick=64, __inPort=in, check_timestamp=1779861020840, timestamp=1779861020839, status=UP}
2026-05-27 14:50:22.976 [pool-1-thread-8] INFO  com.fbp.engine.node.impl.LogNode - [14:50:22.975][logger] {tick=65, __inPort=in, check_timestamp=1779861022975, timestamp=1779861022975, status=UP}
2026-05-27 14:50:25.836 [pool-1-thread-8] INFO  com.fbp.engine.node.impl.LogNode - [14:50:25.836][logger] {tick=66, __inPort=in, check_timestamp=1779861025836, timestamp=1779861025835, status=UP}
2026-05-27 14:50:26.827 [pool-3-thread-1] INFO  c.f.engine.metrics.MetricsCollector - [MetricsCollector] 8건 메트릭 InfluxDB 적재 완료
2026-05-27 14:50:27.976 [pool-1-thread-8] INFO  com.fbp.engine.node.impl.LogNode - [14:50:27.976][logger] {tick=67, __inPort=in, check_timestamp=1779861027976, timestamp=1779861027976, status=UP}
2026-05-27 14:50:30.837 [pool-1-thread-8] INFO  com.fbp.engine.node.impl.LogNode - [14:50:30.837][logger] {tick=68, __inPort=in, check_timestamp=1779861030837, timestamp=1779861030836, status=UP}
2026-05-27 14:50:32.972 [pool-1-thread-8] INFO  com.fbp.engine.node.impl.LogNode - [14:50:32.972][logger] {tick=69, __inPort=in, check_timestamp=1779861032972, timestamp=1779861032971, status=UP}
2026-05-27 14:50:35.839 [pool-1-thread-8] INFO  com.fbp.engine.node.impl.LogNode - [14:50:35.839][logger] {tick=70, __inPort=in, check_timestamp=1779861035839, timestamp=1779861035838, status=UP}
2026-05-27 14:50:36.834 [pool-3-thread-1] INFO  c.f.engine.metrics.MetricsCollector - [MetricsCollector] 8건 메트릭 InfluxDB 적재 완료
2026-05-27 14:50:37.974 [pool-1-thread-8] INFO  com.fbp.engine.node.impl.LogNode - [14:50:37.974][logger] {tick=71, __inPort=in, check_timestamp=1779861037974, timestamp=1779861037973, status=UP}
2026-05-27 14:50:40.837 [pool-1-thread-8] INFO  com.fbp.engine.node.impl.LogNode - [14:50:40.836][logger] {tick=72, __inPort=in, check_timestamp=1779861040836, timestamp=1779861040836, status=UP}
2026-05-27 14:50:42.976 [pool-1-thread-8] INFO  com.fbp.engine.node.impl.LogNode - [14:50:42.975][logger] {tick=73, __inPort=in, check_timestamp=1779861042975, timestamp=1779861042975, status=UP}
2026-05-27 14:50:45.837 [pool-1-thread-8] INFO  com.fbp.engine.node.impl.LogNode - [14:50:45.837][logger] {tick=74, __inPort=in, check_timestamp=1779861045837, timestamp=1779861045837, status=UP}
2026-05-27 14:50:46.834 [pool-3-thread-1] INFO  c.f.engine.metrics.MetricsCollector - [MetricsCollector] 8건 메트릭 InfluxDB 적재 완료
2026-05-27 14:50:47.974 [pool-1-thread-8] INFO  com.fbp.engine.node.impl.LogNode - [14:50:47.974][logger] {tick=75, __inPort=in, check_timestamp=1779861047974, timestamp=1779861047974, status=UP}
2026-05-27 14:50:50.839 [pool-1-thread-8] INFO  com.fbp.engine.node.impl.LogNode - [14:50:50.839][logger] {tick=76, __inPort=in, check_timestamp=1779861050839, timestamp=1779861050839, status=UP}
2026-05-27 14:50:52.972 [pool-1-thread-8] INFO  com.fbp.engine.node.impl.LogNode - [14:50:52.972][logger] {tick=77, __inPort=in, check_timestamp=1779861052972, timestamp=1779861052971, status=UP}
2026-05-27 14:50:55.839 [pool-1-thread-8] INFO  com.fbp.engine.node.impl.LogNode - [14:50:55.839][logger] {tick=78, __inPort=in, check_timestamp=1779861055839, timestamp=1779861055839, status=UP}
2026-05-27 14:50:56.829 [pool-3-thread-1] INFO  c.f.engine.metrics.MetricsCollector - [MetricsCollector] 8건 메트릭 InfluxDB 적재 완료
2026-05-27 14:50:57.972 [pool-1-thread-8] INFO  com.fbp.engine.node.impl.LogNode - [14:50:57.972][logger] {tick=79, __inPort=in, check_timestamp=1779861057972, timestamp=1779861057971, status=UP}
2026-05-27 14:51:00.838 [pool-1-thread-8] INFO  com.fbp.engine.node.impl.LogNode - [14:51:00.837][logger] {tick=80, __inPort=in, check_timestamp=1779861060837, timestamp=1779861060837, status=UP}
2026-05-27 14:51:02.976 [pool-1-thread-8] INFO  com.fbp.engine.node.impl.LogNode - [14:51:02.976][logger] {tick=81, __inPort=in, check_timestamp=1779861062976, timestamp=1779861062975, status=UP}
2026-05-27 14:51:05.835 [pool-1-thread-8] INFO  com.fbp.engine.node.impl.LogNode - [14:51:05.835][logger] {tick=82, __inPort=in, check_timestamp=1779861065835, timestamp=1779861065835, status=UP}
2026-05-27 14:51:06.833 [pool-3-thread-1] INFO  c.f.engine.metrics.MetricsCollector - [MetricsCollector] 8건 메트릭 InfluxDB 적재 완료
2026-05-27 14:51:07.976 [pool-1-thread-8] INFO  com.fbp.engine.node.impl.LogNode - [14:51:07.976][logger] {tick=83, __inPort=in, check_timestamp=1779861067976, timestamp=1779861067975, status=UP}
2026-05-27 14:51:10.838 [pool-1-thread-8] INFO  com.fbp.engine.node.impl.LogNode - [14:51:10.838][logger] {tick=84, __inPort=in, check_timestamp=1779861070837, timestamp=1779861070837, status=UP}
2026-05-27 14:51:12.971 [pool-1-thread-8] INFO  com.fbp.engine.node.impl.LogNode - [14:51:12.971][logger] {tick=85, __inPort=in, check_timestamp=1779861072971, timestamp=1779861072971, status=UP}
2026-05-27 14:51:15.839 [pool-1-thread-8] INFO  com.fbp.engine.node.impl.LogNode - [14:51:15.839][logger] {tick=86, __inPort=in, check_timestamp=1779861075839, timestamp=1779861075839, status=UP}
2026-05-27 14:51:16.832 [pool-3-thread-1] INFO  c.f.engine.metrics.MetricsCollector - [MetricsCollector] 8건 메트릭 InfluxDB 적재 완료
2026-05-27 14:51:17.977 [pool-1-thread-8] INFO  com.fbp.engine.node.impl.LogNode - [14:51:17.976][logger] {tick=87, __inPort=in, check_timestamp=1779861077976, timestamp=1779861077976, status=UP}
2026-05-27 14:51:20.839 [pool-1-thread-8] INFO  com.fbp.engine.node.impl.LogNode - [14:51:20.839][logger] {tick=88, __inPort=in, check_timestamp=1779861080839, timestamp=1779861080839, status=UP}
2026-05-27 14:51:22.974 [pool-1-thread-8] INFO  com.fbp.engine.node.impl.LogNode - [14:51:22.974][logger] {tick=89, __inPort=in, check_timestamp=1779861082974, timestamp=1779861082974, status=UP}
2026-05-27 14:51:25.840 [pool-1-thread-8] INFO  com.fbp.engine.node.impl.LogNode - [14:51:25.839][logger] {tick=90, __inPort=in, check_timestamp=1779861085839, timestamp=1779861085839, status=UP}
2026-05-27 14:51:26.836 [pool-3-thread-1] INFO  c.f.engine.metrics.MetricsCollector - [MetricsCollector] 8건 메트릭 InfluxDB 적재 완료
2026-05-27 14:51:27.971 [pool-1-thread-8] INFO  com.fbp.engine.node.impl.LogNode - [14:51:27.971][logger] {tick=91, __inPort=in, check_timestamp=1779861087971, timestamp=1779861087971, status=UP}
2026-05-27 14:51:30.836 [pool-1-thread-8] INFO  com.fbp.engine.node.impl.LogNode - [14:51:30.836][logger] {tick=92, __inPort=in, check_timestamp=1779861090836, timestamp=1779861090836, status=UP}
2026-05-27 14:51:32.977 [pool-1-thread-8] INFO  com.fbp.engine.node.impl.LogNode - [14:51:32.976][logger] {tick=93, __inPort=in, check_timestamp=1779861092976, timestamp=1779861092976, status=UP}
2026-05-27 14:51:35.835 [pool-1-thread-8] INFO  com.fbp.engine.node.impl.LogNode - [14:51:35.835][logger] {tick=94, __inPort=in, check_timestamp=1779861095835, timestamp=1779861095835, status=UP}
2026-05-27 14:51:36.835 [pool-3-thread-1] INFO  c.f.engine.metrics.MetricsCollector - [MetricsCollector] 8건 메트릭 InfluxDB 적재 완료
2026-05-27 14:51:37.973 [pool-1-thread-8] INFO  com.fbp.engine.node.impl.LogNode - [14:51:37.972][logger] {tick=95, __inPort=in, check_timestamp=1779861097972, timestamp=1779861097972, status=UP}
2026-05-27 14:51:40.839 [pool-1-thread-8] INFO  com.fbp.engine.node.impl.LogNode - [14:51:40.839][logger] {tick=96, __inPort=in, check_timestamp=1779861100838, timestamp=1779861100838, status=UP}
2026-05-27 14:51:42.977 [pool-1-thread-8] INFO  com.fbp.engine.node.impl.LogNode - [14:51:42.977][logger] {tick=97, __inPort=in, check_timestamp=1779861102976, timestamp=1779861102976, status=UP}
2026-05-27 14:51:45.837 [pool-1-thread-8] INFO  com.fbp.engine.node.impl.LogNode - [14:51:45.836][logger] {tick=98, __inPort=in, check_timestamp=1779861105836, timestamp=1779861105835, status=UP}
2026-05-27 14:51:46.835 [pool-3-thread-1] INFO  c.f.engine.metrics.MetricsCollector - [MetricsCollector] 8건 메트릭 InfluxDB 적재 완료
2026-05-27 14:51:47.976 [pool-1-thread-8] INFO  com.fbp.engine.node.impl.LogNode - [14:51:47.976][logger] {tick=99, __inPort=in, check_timestamp=1779861107976, timestamp=1779861107975, status=UP}
2026-05-27 14:51:50.835 [pool-1-thread-8] INFO  com.fbp.engine.node.impl.LogNode - [14:51:50.835][logger] {tick=100, __inPort=in, check_timestamp=1779861110835, timestamp=1779861110834, status=UP}
2026-05-27 14:51:52.977 [pool-1-thread-8] INFO  com.fbp.engine.node.impl.LogNode - [14:51:52.976][logger] {tick=101, __inPort=in, check_timestamp=1779861112976, timestamp=1779861112976, status=UP}
2026-05-27 14:51:55.835 [pool-1-thread-8] INFO  com.fbp.engine.node.impl.LogNode - [14:51:55.835][logger] {tick=102, __inPort=in, check_timestamp=1779861115835, timestamp=1779861115834, status=UP}
2026-05-27 14:51:56.832 [pool-3-thread-1] INFO  c.f.engine.metrics.MetricsCollector - [MetricsCollector] 8건 메트릭 InfluxDB 적재 완료
2026-05-27 14:51:57.976 [pool-1-thread-8] INFO  com.fbp.engine.node.impl.LogNode - [14:51:57.976][logger] {tick=103, __inPort=in, check_timestamp=1779861117976, timestamp=1779861117976, status=UP}
2026-05-27 14:52:00.840 [pool-1-thread-8] INFO  com.fbp.engine.node.impl.LogNode - [14:52:00.839][logger] {tick=104, __inPort=in, check_timestamp=1779861120839, timestamp=1779861120839, status=UP}
2026-05-27 14:52:02.972 [pool-1-thread-8] INFO  com.fbp.engine.node.impl.LogNode - [14:52:02.972][logger] {tick=105, __inPort=in, check_timestamp=1779861122972, timestamp=1779861122972, status=UP}
2026-05-27 14:52:05.839 [pool-1-thread-8] INFO  com.fbp.engine.node.impl.LogNode - [14:52:05.839][logger] {tick=106, __inPort=in, check_timestamp=1779861125839, timestamp=1779861125839, status=UP}
2026-05-27 14:52:06.830 [pool-3-thread-1] INFO  c.f.engine.metrics.MetricsCollector - [MetricsCollector] 8건 메트릭 InfluxDB 적재 완료
2026-05-27 14:52:07.973 [pool-1-thread-8] INFO  com.fbp.engine.node.impl.LogNode - [14:52:07.973][logger] {tick=107, __inPort=in, check_timestamp=1779861127973, timestamp=1779861127973, status=UP}
2026-05-27 14:52:10.837 [pool-1-thread-8] INFO  com.fbp.engine.node.impl.LogNode - [14:52:10.837][logger] {tick=108, __inPort=in, check_timestamp=1779861130836, timestamp=1779861130836, status=UP}
2026-05-27 14:52:12.976 [pool-1-thread-8] INFO  com.fbp.engine.node.impl.LogNode - [14:52:12.976][logger] {tick=109, __inPort=in, check_timestamp=1779861132976, timestamp=1779861132975, status=UP}
2026-05-27 14:52:15.835 [pool-1-thread-8] INFO  com.fbp.engine.node.impl.LogNode - [14:52:15.835][logger] {tick=110, __inPort=in, check_timestamp=1779861135835, timestamp=1779861135834, status=UP}
2026-05-27 14:52:16.830 [pool-3-thread-1] INFO  c.f.engine.metrics.MetricsCollector - [MetricsCollector] 8건 메트릭 InfluxDB 적재 완료
2026-05-27 14:52:17.973 [pool-1-thread-8] INFO  com.fbp.engine.node.impl.LogNode - [14:52:17.973][logger] {tick=111, __inPort=in, check_timestamp=1779861137973, timestamp=1779861137972, status=UP}
2026-05-27 14:52:20.839 [pool-1-thread-8] INFO  com.fbp.engine.node.impl.LogNode - [14:52:20.839][logger] {tick=112, __inPort=in, check_timestamp=1779861140839, timestamp=1779861140838, status=UP}
2026-05-27 14:52:22.976 [pool-1-thread-8] INFO  com.fbp.engine.node.impl.LogNode - [14:52:22.976][logger] {tick=113, __inPort=in, check_timestamp=1779861142976, timestamp=1779861142976, status=UP}
2026-05-27 14:52:25.839 [pool-1-thread-8] INFO  com.fbp.engine.node.impl.LogNode - [14:52:25.839][logger] {tick=114, __inPort=in, check_timestamp=1779861145839, timestamp=1779861145839, status=UP}
2026-05-27 14:52:26.835 [pool-3-thread-1] INFO  c.f.engine.metrics.MetricsCollector - [MetricsCollector] 8건 메트릭 InfluxDB 적재 완료
2026-05-27 14:52:27.976 [pool-1-thread-8] INFO  com.fbp.engine.node.impl.LogNode - [14:52:27.976][logger] {tick=115, __inPort=in, check_timestamp=1779861147976, timestamp=1779861147975, status=UP}
2026-05-27 14:52:30.839 [pool-1-thread-8] INFO  com.fbp.engine.node.impl.LogNode - [14:52:30.839][logger] {tick=116, __inPort=in, check_timestamp=1779861150839, timestamp=1779861150839, status=UP}
2026-05-27 14:52:32.976 [pool-1-thread-8] INFO  com.fbp.engine.node.impl.LogNode - [14:52:32.976][logger] {tick=117, __inPort=in, check_timestamp=1779861152976, timestamp=1779861152976, status=UP}
2026-05-27 14:52:35.840 [pool-1-thread-8] INFO  com.fbp.engine.node.impl.LogNode - [14:52:35.840][logger] {tick=118, __inPort=in, check_timestamp=1779861155839, timestamp=1779861155839, status=UP}
2026-05-27 14:52:36.833 [pool-3-thread-1] INFO  c.f.engine.metrics.MetricsCollector - [MetricsCollector] 8건 메트릭 InfluxDB 적재 완료
2026-05-27 14:52:37.977 [pool-1-thread-8] INFO  com.fbp.engine.node.impl.LogNode - [14:52:37.976][logger] {tick=119, __inPort=in, check_timestamp=1779861157976, timestamp=1779861157976, status=UP}
2026-05-27 14:52:40.837 [pool-1-thread-8] INFO  com.fbp.engine.node.impl.LogNode - [14:52:40.837][logger] {tick=120, __inPort=in, check_timestamp=1779861160836, timestamp=1779861160836, status=UP}
2026-05-27 14:52:42.976 [pool-1-thread-8] INFO  com.fbp.engine.node.impl.LogNode - [14:52:42.976][logger] {tick=121, __inPort=in, check_timestamp=1779861162976, timestamp=1779861162976, status=UP}
2026-05-27 14:52:45.840 [pool-1-thread-8] INFO  com.fbp.engine.node.impl.LogNode - [14:52:45.840][logger] {tick=122, __inPort=in, check_timestamp=1779861165840, timestamp=1779861165839, status=UP}
2026-05-27 14:52:46.832 [pool-3-thread-1] INFO  c.f.engine.metrics.MetricsCollector - [MetricsCollector] 8건 메트릭 InfluxDB 적재 완료
2026-05-27 14:52:47.973 [pool-1-thread-8] INFO  com.fbp.engine.node.impl.LogNode - [14:52:47.973][logger] {tick=123, __inPort=in, check_timestamp=1779861167972, timestamp=1779861167972, status=UP}
2026-05-27 14:52:50.836 [pool-1-thread-8] INFO  com.fbp.engine.node.impl.LogNode - [14:52:50.836][logger] {tick=124, __inPort=in, check_timestamp=1779861170836, timestamp=1779861170835, status=UP}
2026-05-27 14:52:52.980 [pool-1-thread-8] INFO  com.fbp.engine.node.impl.LogNode - [14:52:52.980][logger] {tick=125, __inPort=in, check_timestamp=1779861172978, timestamp=1779861172976, status=UP}
2026-05-27 14:52:55.836 [pool-1-thread-8] INFO  com.fbp.engine.node.impl.LogNode - [14:52:55.836][logger] {tick=126, __inPort=in, check_timestamp=1779861175836, timestamp=1779861175835, status=UP}
2026-05-27 14:52:56.833 [pool-3-thread-1] INFO  c.f.engine.metrics.MetricsCollector - [MetricsCollector] 8건 메트릭 InfluxDB 적재 완료
2026-05-27 14:52:57.977 [pool-1-thread-8] INFO  com.fbp.engine.node.impl.LogNode - [14:52:57.977][logger] {tick=127, __inPort=in, check_timestamp=1779861177976, timestamp=1779861177976, status=UP}
2026-05-27 14:53:00.837 [pool-1-thread-8] INFO  com.fbp.engine.node.impl.LogNode - [14:53:00.837][logger] {tick=128, __inPort=in, check_timestamp=1779861180837, timestamp=1779861180836, status=UP}
2026-05-27 14:53:02.972 [pool-1-thread-8] INFO  com.fbp.engine.node.impl.LogNode - [14:53:02.972][logger] {tick=129, __inPort=in, check_timestamp=1779861182972, timestamp=1779861182972, status=UP}
2026-05-27 14:53:05.838 [pool-1-thread-8] INFO  com.fbp.engine.node.impl.LogNode - [14:53:05.837][logger] {tick=130, __inPort=in, check_timestamp=1779861185837, timestamp=1779861185837, status=UP}
2026-05-27 14:53:06.840 [pool-3-thread-1] INFO  c.f.engine.metrics.MetricsCollector - [MetricsCollector] 8건 메트릭 InfluxDB 적재 완료
2026-05-27 14:53:07.976 [pool-1-thread-8] INFO  com.fbp.engine.node.impl.LogNode - [14:53:07.976][logger] {tick=131, __inPort=in, check_timestamp=1779861187976, timestamp=1779861187976, status=UP}
2026-05-27 14:53:10.837 [pool-1-thread-8] INFO  com.fbp.engine.node.impl.LogNode - [14:53:10.836][logger] {tick=132, __inPort=in, check_timestamp=1779861190836, timestamp=1779861190836, status=UP}
2026-05-27 14:53:12.974 [pool-1-thread-8] INFO  com.fbp.engine.node.impl.LogNode - [14:53:12.973][logger] {tick=133, __inPort=in, check_timestamp=1779861192973, timestamp=1779861192973, status=UP}
2026-05-27 14:53:15.840 [pool-1-thread-8] INFO  com.fbp.engine.node.impl.LogNode - [14:53:15.840][logger] {tick=134, __inPort=in, check_timestamp=1779861195840, timestamp=1779861195839, status=UP}
2026-05-27 14:53:16.835 [pool-3-thread-1] INFO  c.f.engine.metrics.MetricsCollector - [MetricsCollector] 8건 메트릭 InfluxDB 적재 완료
2026-05-27 14:53:17.973 [pool-1-thread-8] INFO  com.fbp.engine.node.impl.LogNode - [14:53:17.973][logger] {tick=135, __inPort=in, check_timestamp=1779861197973, timestamp=1779861197972, status=UP}
2026-05-27 14:53:20.840 [pool-1-thread-8] INFO  com.fbp.engine.node.impl.LogNode - [14:53:20.840][logger] {tick=136, __inPort=in, check_timestamp=1779861200839, timestamp=1779861200839, status=UP}
2026-05-27 14:53:22.975 [pool-1-thread-8] INFO  com.fbp.engine.node.impl.LogNode - [14:53:22.975][logger] {tick=137, __inPort=in, check_timestamp=1779861202975, timestamp=1779861202975, status=UP}
2026-05-27 14:53:25.836 [pool-1-thread-8] INFO  com.fbp.engine.node.impl.LogNode - [14:53:25.836][logger] {tick=138, __inPort=in, check_timestamp=1779861205836, timestamp=1779861205835, status=UP}
2026-05-27 14:53:26.826 [pool-3-thread-1] INFO  c.f.engine.metrics.MetricsCollector - [MetricsCollector] 8건 메트릭 InfluxDB 적재 완료
2026-05-27 14:53:27.976 [pool-1-thread-8] INFO  com.fbp.engine.node.impl.LogNode - [14:53:27.976][logger] {tick=139, __inPort=in, check_timestamp=1779861207976, timestamp=1779861207976, status=UP}
2026-05-27 14:53:30.836 [pool-1-thread-8] INFO  com.fbp.engine.node.impl.LogNode - [14:53:30.836][logger] {tick=140, __inPort=in, check_timestamp=1779861210836, timestamp=1779861210836, status=UP}
2026-05-27 14:53:32.977 [pool-1-thread-8] INFO  com.fbp.engine.node.impl.LogNode - [14:53:32.976][logger] {tick=141, __inPort=in, check_timestamp=1779861212976, timestamp=1779861212976, status=UP}
2026-05-27 14:53:35.840 [pool-1-thread-8] INFO  com.fbp.engine.node.impl.LogNode - [14:53:35.840][logger] {tick=142, __inPort=in, check_timestamp=1779861215840, timestamp=1779861215839, status=UP}
2026-05-27 14:53:36.830 [pool-3-thread-1] INFO  c.f.engine.metrics.MetricsCollector - [MetricsCollector] 8건 메트릭 InfluxDB 적재 완료
2026-05-27 14:53:37.976 [pool-1-thread-8] INFO  com.fbp.engine.node.impl.LogNode - [14:53:37.976][logger] {tick=143, __inPort=in, check_timestamp=1779861217976, timestamp=1779861217975, status=UP}
2026-05-27 14:53:40.840 [pool-1-thread-8] INFO  com.fbp.engine.node.impl.LogNode - [14:53:40.840][logger] {tick=144, __inPort=in, check_timestamp=1779861220840, timestamp=1779861220839, status=UP}
2026-05-27 14:53:42.976 [pool-1-thread-8] INFO  com.fbp.engine.node.impl.LogNode - [14:53:42.976][logger] {tick=145, __inPort=in, check_timestamp=1779861222976, timestamp=1779861222975, status=UP}
2026-05-27 14:53:45.840 [pool-1-thread-8] INFO  com.fbp.engine.node.impl.LogNode - [14:53:45.840][logger] {tick=146, __inPort=in, check_timestamp=1779861225840, timestamp=1779861225839, status=UP}
2026-05-27 14:53:46.831 [pool-3-thread-1] INFO  c.f.engine.metrics.MetricsCollector - [MetricsCollector] 8건 메트릭 InfluxDB 적재 완료
2026-05-27 14:53:47.976 [pool-1-thread-8] INFO  com.fbp.engine.node.impl.LogNode - [14:53:47.976][logger] {tick=147, __inPort=in, check_timestamp=1779861227976, timestamp=1779861227976, status=UP}
2026-05-27 14:53:50.840 [pool-1-thread-8] INFO  com.fbp.engine.node.impl.LogNode - [14:53:50.840][logger] {tick=148, __inPort=in, check_timestamp=1779861230840, timestamp=1779861230839, status=UP}
2026-05-27 14:53:52.976 [pool-1-thread-8] INFO  com.fbp.engine.node.impl.LogNode - [14:53:52.976][logger] {tick=149, __inPort=in, check_timestamp=1779861232976, timestamp=1779861232976, status=UP}
2026-05-27 14:53:55.836 [pool-1-thread-8] INFO  com.fbp.engine.node.impl.LogNode - [14:53:55.836][logger] {tick=150, __inPort=in, check_timestamp=1779861235836, timestamp=1779861235836, status=UP}
2026-05-27 14:53:56.836 [pool-3-thread-1] INFO  c.f.engine.metrics.MetricsCollector - [MetricsCollector] 8건 메트릭 InfluxDB 적재 완료
2026-05-27 14:53:57.973 [pool-1-thread-8] INFO  com.fbp.engine.node.impl.LogNode - [14:53:57.973][logger] {tick=151, __inPort=in, check_timestamp=1779861237973, timestamp=1779861237973, status=UP}
2026-05-27 14:54:00.837 [pool-1-thread-8] INFO  com.fbp.engine.node.impl.LogNode - [14:54:00.836][logger] {tick=152, __inPort=in, check_timestamp=1779861240836, timestamp=1779861240836, status=UP}
2026-05-27 14:54:02.976 [pool-1-thread-8] INFO  com.fbp.engine.node.impl.LogNode - [14:54:02.976][logger] {tick=153, __inPort=in, check_timestamp=1779861242976, timestamp=1779861242975, status=UP}
2026-05-27 14:54:05.838 [pool-1-thread-8] INFO  com.fbp.engine.node.impl.LogNode - [14:54:05.838][logger] {tick=154, __inPort=in, check_timestamp=1779861245838, timestamp=1779861245837, status=UP}
2026-05-27 14:54:06.829 [pool-3-thread-1] INFO  c.f.engine.metrics.MetricsCollector - [MetricsCollector] 8건 메트릭 InfluxDB 적재 완료
2026-05-27 14:54:07.977 [pool-1-thread-8] INFO  com.fbp.engine.node.impl.LogNode - [14:54:07.977][logger] {tick=155, __inPort=in, check_timestamp=1779861247976, timestamp=1779861247976, status=UP}
2026-05-27 14:54:10.840 [pool-1-thread-8] INFO  com.fbp.engine.node.impl.LogNode - [14:54:10.840][logger] {tick=156, __inPort=in, check_timestamp=1779861250840, timestamp=1779861250839, status=UP}
2026-05-27 14:54:12.974 [pool-1-thread-8] INFO  com.fbp.engine.node.impl.LogNode - [14:54:12.974][logger] {tick=157, __inPort=in, check_timestamp=1779861252974, timestamp=1779861252973, status=UP}
2026-05-27 14:54:15.839 [pool-1-thread-8] INFO  com.fbp.engine.node.impl.LogNode - [14:54:15.839][logger] {tick=158, __inPort=in, check_timestamp=1779861255839, timestamp=1779861255838, status=UP}
2026-05-27 14:54:16.833 [pool-3-thread-1] INFO  c.f.engine.metrics.MetricsCollector - [MetricsCollector] 8건 메트릭 InfluxDB 적재 완료
2026-05-27 14:54:17.973 [pool-1-thread-8] INFO  com.fbp.engine.node.impl.LogNode - [14:54:17.973][logger] {tick=159, __inPort=in, check_timestamp=1779861257973, timestamp=1779861257973, status=UP}
2026-05-27 14:54:20.836 [pool-1-thread-8] INFO  com.fbp.engine.node.impl.LogNode - [14:54:20.836][logger] {tick=160, __inPort=in, check_timestamp=1779861260836, timestamp=1779861260836, status=UP}
2026-05-27 14:54:22.976 [pool-1-thread-8] INFO  com.fbp.engine.node.impl.LogNode - [14:54:22.976][logger] {tick=161, __inPort=in, check_timestamp=1779861262976, timestamp=1779861262976, status=UP}
2026-05-27 14:54:25.835 [pool-1-thread-8] INFO  com.fbp.engine.node.impl.LogNode - [14:54:25.835][logger] {tick=162, __inPort=in, check_timestamp=1779861265835, timestamp=1779861265835, status=UP}
2026-05-27 14:54:26.835 [pool-3-thread-1] INFO  c.f.engine.metrics.MetricsCollector - [MetricsCollector] 8건 메트릭 InfluxDB 적재 완료
2026-05-27 14:54:27.975 [pool-1-thread-8] INFO  com.fbp.engine.node.impl.LogNode - [14:54:27.975][logger] {tick=163, __inPort=in, check_timestamp=1779861267975, timestamp=1779861267974, status=UP}
2026-05-27 14:54:30.840 [pool-1-thread-8] INFO  com.fbp.engine.node.impl.LogNode - [14:54:30.840][logger] {tick=164, __inPort=in, check_timestamp=1779861270840, timestamp=1779861270839, status=UP}
2026-05-27 14:54:32.972 [pool-1-thread-8] INFO  com.fbp.engine.node.impl.LogNode - [14:54:32.972][logger] {tick=165, __inPort=in, check_timestamp=1779861272972, timestamp=1779861272972, status=UP}
2026-05-27 14:54:35.840 [pool-1-thread-8] INFO  com.fbp.engine.node.impl.LogNode - [14:54:35.840][logger] {tick=166, __inPort=in, check_timestamp=1779861275840, timestamp=1779861275839, status=UP}
2026-05-27 14:54:36.833 [pool-3-thread-1] INFO  c.f.engine.metrics.MetricsCollector - [MetricsCollector] 8건 메트릭 InfluxDB 적재 완료
2026-05-27 14:54:37.977 [pool-1-thread-8] INFO  com.fbp.engine.node.impl.LogNode - [14:54:37.977][logger] {tick=167, __inPort=in, check_timestamp=1779861277977, timestamp=1779861277976, status=UP}
2026-05-27 14:54:40.838 [pool-1-thread-8] INFO  com.fbp.engine.node.impl.LogNode - [14:54:40.838][logger] {tick=168, __inPort=in, check_timestamp=1779861280838, timestamp=1779861280837, status=UP}
2026-05-27 14:54:42.977 [pool-1-thread-8] INFO  com.fbp.engine.node.impl.LogNode - [14:54:42.977][logger] {tick=169, __inPort=in, check_timestamp=1779861282977, timestamp=1779861282976, status=UP}
2026-05-27 14:54:45.840 [pool-1-thread-8] INFO  com.fbp.engine.node.impl.LogNode - [14:54:45.839][logger] {tick=170, __inPort=in, check_timestamp=1779861285839, timestamp=1779861285839, status=UP}
2026-05-27 14:54:46.831 [pool-3-thread-1] INFO  c.f.engine.metrics.MetricsCollector - [MetricsCollector] 8건 메트릭 InfluxDB 적재 완료
2026-05-27 14:54:47.975 [pool-1-thread-8] INFO  com.fbp.engine.node.impl.LogNode - [14:54:47.975][logger] {tick=171, __inPort=in, check_timestamp=1779861287975, timestamp=1779861287974, status=UP}
2026-05-27 14:54:50.838 [pool-1-thread-8] INFO  com.fbp.engine.node.impl.LogNode - [14:54:50.837][logger] {tick=172, __inPort=in, check_timestamp=1779861290837, timestamp=1779861290837, status=UP}
2026-05-27 14:54:52.977 [pool-1-thread-8] INFO  com.fbp.engine.node.impl.LogNode - [14:54:52.977][logger] {tick=173, __inPort=in, check_timestamp=1779861292977, timestamp=1779861292976, status=UP}
2026-05-27 14:54:55.840 [pool-1-thread-8] INFO  com.fbp.engine.node.impl.LogNode - [14:54:55.840][logger] {tick=174, __inPort=in, check_timestamp=1779861295840, timestamp=1779861295839, status=UP}
2026-05-27 14:54:56.836 [pool-3-thread-1] INFO  c.f.engine.metrics.MetricsCollector - [MetricsCollector] 8건 메트릭 InfluxDB 적재 완료
2026-05-27 14:54:57.976 [pool-1-thread-8] INFO  com.fbp.engine.node.impl.LogNode - [14:54:57.976][logger] {tick=175, __inPort=in, check_timestamp=1779861297976, timestamp=1779861297976, status=UP}
2026-05-27 14:55:00.840 [pool-1-thread-8] INFO  com.fbp.engine.node.impl.LogNode - [14:55:00.840][logger] {tick=176, __inPort=in, check_timestamp=1779861300840, timestamp=1779861300839, status=UP}
2026-05-27 14:55:02.977 [pool-1-thread-8] INFO  com.fbp.engine.node.impl.LogNode - [14:55:02.977][logger] {tick=177, __inPort=in, check_timestamp=1779861302977, timestamp=1779861302976, status=UP}
2026-05-27 14:55:05.837 [pool-1-thread-8] INFO  com.fbp.engine.node.impl.LogNode - [14:55:05.837][logger] {tick=178, __inPort=in, check_timestamp=1779861305837, timestamp=1779861305836, status=UP}
2026-05-27 14:55:06.829 [pool-3-thread-1] INFO  c.f.engine.metrics.MetricsCollector - [MetricsCollector] 8건 메트릭 InfluxDB 적재 완료
2026-05-27 14:55:07.977 [pool-1-thread-8] INFO  com.fbp.engine.node.impl.LogNode - [14:55:07.977][logger] {tick=179, __inPort=in, check_timestamp=1779861307977, timestamp=1779861307976, status=UP}
2026-05-27 14:55:10.840 [pool-1-thread-8] INFO  com.fbp.engine.node.impl.LogNode - [14:55:10.840][logger] {tick=180, __inPort=in, check_timestamp=1779861310840, timestamp=1779861310840, status=UP}
2026-05-27 14:55:12.976 [pool-1-thread-8] INFO  com.fbp.engine.node.impl.LogNode - [14:55:12.976][logger] {tick=181, __inPort=in, check_timestamp=1779861312976, timestamp=1779861312976, status=UP}
2026-05-27 14:55:15.837 [pool-1-thread-8] INFO  com.fbp.engine.node.impl.LogNode - [14:55:15.837][logger] {tick=182, __inPort=in, check_timestamp=1779861315837, timestamp=1779861315836, status=UP}
2026-05-27 14:55:16.831 [pool-3-thread-1] INFO  c.f.engine.metrics.MetricsCollector - [MetricsCollector] 8건 메트릭 InfluxDB 적재 완료
2026-05-27 14:55:17.977 [pool-1-thread-8] INFO  com.fbp.engine.node.impl.LogNode - [14:55:17.977][logger] {tick=183, __inPort=in, check_timestamp=1779861317977, timestamp=1779861317976, status=UP}
2026-05-27 14:55:20.836 [pool-1-thread-8] INFO  com.fbp.engine.node.impl.LogNode - [14:55:20.836][logger] {tick=184, __inPort=in, check_timestamp=1779861320836, timestamp=1779861320836, status=UP}
2026-05-27 14:55:22.976 [pool-1-thread-8] INFO  com.fbp.engine.node.impl.LogNode - [14:55:22.976][logger] {tick=185, __inPort=in, check_timestamp=1779861322976, timestamp=1779861322975, status=UP}
2026-05-27 14:55:25.836 [pool-1-thread-8] INFO  com.fbp.engine.node.impl.LogNode - [14:55:25.836][logger] {tick=186, __inPort=in, check_timestamp=1779861325836, timestamp=1779861325836, status=UP}
2026-05-27 14:55:26.832 [pool-3-thread-1] INFO  c.f.engine.metrics.MetricsCollector - [MetricsCollector] 8건 메트릭 InfluxDB 적재 완료
2026-05-27 14:55:27.974 [pool-1-thread-8] INFO  com.fbp.engine.node.impl.LogNode - [14:55:27.974][logger] {tick=187, __inPort=in, check_timestamp=1779861327974, timestamp=1779861327973, status=UP}
2026-05-27 14:55:30.840 [pool-1-thread-8] INFO  com.fbp.engine.node.impl.LogNode - [14:55:30.839][logger] {tick=188, __inPort=in, check_timestamp=1779861330839, timestamp=1779861330839, status=UP}
2026-05-27 14:55:32.973 [pool-1-thread-8] INFO  com.fbp.engine.node.impl.LogNode - [14:55:32.973][logger] {tick=189, __inPort=in, check_timestamp=1779861332973, timestamp=1779861332973, status=UP}
2026-05-27 14:55:35.839 [pool-1-thread-8] INFO  com.fbp.engine.node.impl.LogNode - [14:55:35.839][logger] {tick=190, __inPort=in, check_timestamp=1779861335839, timestamp=1779861335839, status=UP}
2026-05-27 14:55:36.836 [pool-3-thread-1] INFO  c.f.engine.metrics.MetricsCollector - [MetricsCollector] 8건 메트릭 InfluxDB 적재 완료
2026-05-27 14:55:37.974 [pool-1-thread-8] INFO  com.fbp.engine.node.impl.LogNode - [14:55:37.973][logger] {tick=191, __inPort=in, check_timestamp=1779861337973, timestamp=1779861337973, status=UP}
2026-05-27 14:55:40.841 [pool-1-thread-8] INFO  com.fbp.engine.node.impl.LogNode - [14:55:40.840][logger] {tick=192, __inPort=in, check_timestamp=1779861340840, timestamp=1779861340840, status=UP}
2026-05-27 14:55:42.977 [pool-1-thread-8] INFO  com.fbp.engine.node.impl.LogNode - [14:55:42.977][logger] {tick=193, __inPort=in, check_timestamp=1779861342977, timestamp=1779861342976, status=UP}
2026-05-27 14:55:45.838 [pool-1-thread-8] INFO  com.fbp.engine.node.impl.LogNode - [14:55:45.838][logger] {tick=194, __inPort=in, check_timestamp=1779861345838, timestamp=1779861345838, status=UP}
2026-05-27 14:55:46.837 [pool-3-thread-1] INFO  c.f.engine.metrics.MetricsCollector - [MetricsCollector] 8건 메트릭 InfluxDB 적재 완료
2026-05-27 14:55:47.976 [pool-1-thread-8] INFO  com.fbp.engine.node.impl.LogNode - [14:55:47.975][logger] {tick=195, __inPort=in, check_timestamp=1779861347975, timestamp=1779861347975, status=UP}
2026-05-27 14:55:50.838 [pool-1-thread-8] INFO  com.fbp.engine.node.impl.LogNode - [14:55:50.838][logger] {tick=196, __inPort=in, check_timestamp=1779861350838, timestamp=1779861350838, status=UP}
2026-05-27 14:55:52.977 [pool-1-thread-8] INFO  com.fbp.engine.node.impl.LogNode - [14:55:52.976][logger] {tick=197, __inPort=in, check_timestamp=1779861352976, timestamp=1779861352976, status=UP}
2026-05-27 14:55:55.837 [pool-1-thread-8] INFO  com.fbp.engine.node.impl.LogNode - [14:55:55.836][logger] {tick=198, __inPort=in, check_timestamp=1779861355836, timestamp=1779861355836, status=UP}
2026-05-27 14:55:56.841 [pool-3-thread-1] INFO  c.f.engine.metrics.MetricsCollector - [MetricsCollector] 8건 메트릭 InfluxDB 적재 완료
2026-05-27 14:55:57.975 [pool-1-thread-8] INFO  com.fbp.engine.node.impl.LogNode - [14:55:57.975][logger] {tick=199, __inPort=in, check_timestamp=1779861357975, timestamp=1779861357974, status=UP}
2026-05-27 14:56:00.838 [pool-1-thread-8] INFO  com.fbp.engine.node.impl.LogNode - [14:56:00.838][logger] {tick=200, __inPort=in, check_timestamp=1779861360838, timestamp=1779861360838, status=UP}
2026-05-27 14:56:02.975 [pool-1-thread-8] INFO  com.fbp.engine.node.impl.LogNode - [14:56:02.975][logger] {tick=201, __inPort=in, check_timestamp=1779861362974, timestamp=1779861362974, status=UP}
2026-05-27 14:56:05.840 [pool-1-thread-8] INFO  com.fbp.engine.node.impl.LogNode - [14:56:05.840][logger] {tick=202, __inPort=in, check_timestamp=1779861365840, timestamp=1779861365840, status=UP}
2026-05-27 14:56:06.836 [pool-3-thread-1] INFO  c.f.engine.metrics.MetricsCollector - [MetricsCollector] 8건 메트릭 InfluxDB 적재 완료
2026-05-27 14:56:07.977 [pool-1-thread-8] INFO  com.fbp.engine.node.impl.LogNode - [14:56:07.977][logger] {tick=203, __inPort=in, check_timestamp=1779861367977, timestamp=1779861367976, status=UP}
2026-05-27 14:56:10.839 [pool-1-thread-8] INFO  com.fbp.engine.node.impl.LogNode - [14:56:10.839][logger] {tick=204, __inPort=in, check_timestamp=1779861370839, timestamp=1779861370838, status=UP}
2026-05-27 14:56:12.972 [pool-1-thread-8] INFO  com.fbp.engine.node.impl.LogNode - [14:56:12.972][logger] {tick=205, __inPort=in, check_timestamp=1779861372972, timestamp=1779861372972, status=UP}
2026-05-27 14:56:15.836 [pool-1-thread-8] INFO  com.fbp.engine.node.impl.LogNode - [14:56:15.836][logger] {tick=206, __inPort=in, check_timestamp=1779861375836, timestamp=1779861375836, status=UP}
2026-05-27 14:56:16.836 [pool-3-thread-1] INFO  c.f.engine.metrics.MetricsCollector - [MetricsCollector] 8건 메트릭 InfluxDB 적재 완료
2026-05-27 14:56:17.974 [pool-1-thread-8] INFO  com.fbp.engine.node.impl.LogNode - [14:56:17.974][logger] {tick=207, __inPort=in, check_timestamp=1779861377974, timestamp=1779861377973, status=UP}
2026-05-27 14:56:20.839 [pool-1-thread-8] INFO  com.fbp.engine.node.impl.LogNode - [14:56:20.839][logger] {tick=208, __inPort=in, check_timestamp=1779861380839, timestamp=1779861380838, status=UP}
2026-05-27 14:56:22.976 [pool-1-thread-8] INFO  com.fbp.engine.node.impl.LogNode - [14:56:22.976][logger] {tick=209, __inPort=in, check_timestamp=1779861382976, timestamp=1779861382976, status=UP}
2026-05-27 14:56:25.837 [pool-1-thread-8] INFO  com.fbp.engine.node.impl.LogNode - [14:56:25.837][logger] {tick=210, __inPort=in, check_timestamp=1779861385837, timestamp=1779861385836, status=UP}
2026-05-27 14:56:26.835 [pool-3-thread-1] INFO  c.f.engine.metrics.MetricsCollector - [MetricsCollector] 8건 메트릭 InfluxDB 적재 완료
2026-05-27 14:56:27.976 [pool-1-thread-8] INFO  com.fbp.engine.node.impl.LogNode - [14:56:27.976][logger] {tick=211, __inPort=in, check_timestamp=1779861387976, timestamp=1779861387976, status=UP}
2026-05-27 14:56:30.840 [pool-1-thread-8] INFO  com.fbp.engine.node.impl.LogNode - [14:56:30.839][logger] {tick=212, __inPort=in, check_timestamp=1779861390839, timestamp=1779861390839, status=UP}
2026-05-27 14:56:32.977 [pool-1-thread-8] INFO  com.fbp.engine.node.impl.LogNode - [14:56:32.977][logger] {tick=213, __inPort=in, check_timestamp=1779861392977, timestamp=1779861392976, status=UP}
2026-05-27 14:56:35.840 [pool-1-thread-8] INFO  com.fbp.engine.node.impl.LogNode - [14:56:35.839][logger] {tick=214, __inPort=in, check_timestamp=1779861395839, timestamp=1779861395839, status=UP}
2026-05-27 14:56:36.834 [pool-3-thread-1] INFO  c.f.engine.metrics.MetricsCollector - [MetricsCollector] 8건 메트릭 InfluxDB 적재 완료
2026-05-27 14:56:37.977 [pool-1-thread-8] INFO  com.fbp.engine.node.impl.LogNode - [14:56:37.977][logger] {tick=215, __inPort=in, check_timestamp=1779861397977, timestamp=1779861397977, status=UP}
2026-05-27 14:56:40.835 [pool-1-thread-8] INFO  com.fbp.engine.node.impl.LogNode - [14:56:40.835][logger] {tick=216, __inPort=in, check_timestamp=1779861400835, timestamp=1779861400835, status=UP}
2026-05-27 14:56:42.972 [pool-1-thread-8] INFO  com.fbp.engine.node.impl.LogNode - [14:56:42.972][logger] {tick=217, __inPort=in, check_timestamp=1779861402972, timestamp=1779861402972, status=UP}
2026-05-27 14:56:45.837 [pool-1-thread-8] INFO  com.fbp.engine.node.impl.LogNode - [14:56:45.837][logger] {tick=218, __inPort=in, check_timestamp=1779861405837, timestamp=1779861405837, status=UP}
2026-05-27 14:56:46.836 [pool-3-thread-1] INFO  c.f.engine.metrics.MetricsCollector - [MetricsCollector] 8건 메트릭 InfluxDB 적재 완료
2026-05-27 14:56:47.977 [pool-1-thread-8] INFO  com.fbp.engine.node.impl.LogNode - [14:56:47.977][logger] {tick=219, __inPort=in, check_timestamp=1779861407977, timestamp=1779861407976, status=UP}
2026-05-27 14:56:50.836 [pool-1-thread-8] INFO  com.fbp.engine.node.impl.LogNode - [14:56:50.835][logger] {tick=220, __inPort=in, check_timestamp=1779861410835, timestamp=1779861410835, status=UP}
2026-05-27 14:56:52.977 [pool-1-thread-8] INFO  com.fbp.engine.node.impl.LogNode - [14:56:52.977][logger] {tick=221, __inPort=in, check_timestamp=1779861412977, timestamp=1779861412977, status=UP}
2026-05-27 14:56:55.840 [pool-1-thread-8] INFO  com.fbp.engine.node.impl.LogNode - [14:56:55.840][logger] {tick=222, __inPort=in, check_timestamp=1779861415840, timestamp=1779861415840, status=UP}
2026-05-27 14:56:56.833 [pool-3-thread-1] INFO  c.f.engine.metrics.MetricsCollector - [MetricsCollector] 8건 메트릭 InfluxDB 적재 완료
2026-05-27 14:56:57.975 [pool-1-thread-8] INFO  com.fbp.engine.node.impl.LogNode - [14:56:57.975][logger] {tick=223, __inPort=in, check_timestamp=1779861417975, timestamp=1779861417975, status=UP}
2026-05-27 14:57:00.836 [pool-1-thread-8] INFO  com.fbp.engine.node.impl.LogNode - [14:57:00.836][logger] {tick=224, __inPort=in, check_timestamp=1779861420836, timestamp=1779861420836, status=UP}
2026-05-27 14:57:02.977 [pool-1-thread-8] INFO  com.fbp.engine.node.impl.LogNode - [14:57:02.977][logger] {tick=225, __inPort=in, check_timestamp=1779861422977, timestamp=1779861422977, status=UP}
2026-05-27 14:57:05.836 [pool-1-thread-8] INFO  com.fbp.engine.node.impl.LogNode - [14:57:05.836][logger] {tick=226, __inPort=in, check_timestamp=1779861425836, timestamp=1779861425835, status=UP}
2026-05-27 14:57:06.832 [pool-3-thread-1] INFO  c.f.engine.metrics.MetricsCollector - [MetricsCollector] 8건 메트릭 InfluxDB 적재 완료
2026-05-27 14:57:07.977 [pool-1-thread-8] INFO  com.fbp.engine.node.impl.LogNode - [14:57:07.977][logger] {tick=227, __inPort=in, check_timestamp=1779861427977, timestamp=1779861427976, status=UP}
2026-05-27 14:57:10.839 [pool-1-thread-8] INFO  com.fbp.engine.node.impl.LogNode - [14:57:10.839][logger] {tick=228, __inPort=in, check_timestamp=1779861430839, timestamp=1779861430838, status=UP}
2026-05-27 14:57:12.973 [pool-1-thread-8] INFO  com.fbp.engine.node.impl.LogNode - [14:57:12.973][logger] {tick=229, __inPort=in, check_timestamp=1779861432973, timestamp=1779861432973, status=UP}
2026-05-27 14:57:15.837 [pool-1-thread-8] INFO  com.fbp.engine.node.impl.LogNode - [14:57:15.837][logger] {tick=230, __inPort=in, check_timestamp=1779861435837, timestamp=1779861435836, status=UP}
2026-05-27 14:57:16.837 [pool-3-thread-1] INFO  c.f.engine.metrics.MetricsCollector - [MetricsCollector] 8건 메트릭 InfluxDB 적재 완료
2026-05-27 14:57:17.977 [pool-1-thread-8] INFO  com.fbp.engine.node.impl.LogNode - [14:57:17.977][logger] {tick=231, __inPort=in, check_timestamp=1779861437977, timestamp=1779861437976, status=UP}
2026-05-27 14:57:20.839 [pool-1-thread-8] INFO  com.fbp.engine.node.impl.LogNode - [14:57:20.839][logger] {tick=232, __inPort=in, check_timestamp=1779861440839, timestamp=1779861440839, status=UP}
2026-05-27 14:57:22.974 [pool-1-thread-8] INFO  com.fbp.engine.node.impl.LogNode - [14:57:22.974][logger] {tick=233, __inPort=in, check_timestamp=1779861442974, timestamp=1779861442974, status=UP}
2026-05-27 14:57:25.838 [pool-1-thread-8] INFO  com.fbp.engine.node.impl.LogNode - [14:57:25.838][logger] {tick=234, __inPort=in, check_timestamp=1779861445838, timestamp=1779861445838, status=UP}
2026-05-27 14:57:26.835 [pool-3-thread-1] INFO  c.f.engine.metrics.MetricsCollector - [MetricsCollector] 8건 메트릭 InfluxDB 적재 완료
2026-05-27 14:57:27.975 [pool-1-thread-8] INFO  com.fbp.engine.node.impl.LogNode - [14:57:27.975][logger] {tick=235, __inPort=in, check_timestamp=1779861447975, timestamp=1779861447975, status=UP}
2026-05-27 14:57:30.838 [pool-1-thread-8] INFO  com.fbp.engine.node.impl.LogNode - [14:57:30.838][logger] {tick=236, __inPort=in, check_timestamp=1779861450838, timestamp=1779861450837, status=UP}
2026-05-27 14:57:32.977 [pool-1-thread-8] INFO  com.fbp.engine.node.impl.LogNode - [14:57:32.977][logger] {tick=237, __inPort=in, check_timestamp=1779861452976, timestamp=1779861452976, status=UP}
2026-05-27 14:57:35.836 [pool-1-thread-8] INFO  com.fbp.engine.node.impl.LogNode - [14:57:35.836][logger] {tick=238, __inPort=in, check_timestamp=1779861455836, timestamp=1779861455835, status=UP}
2026-05-27 14:57:36.836 [pool-3-thread-1] INFO  c.f.engine.metrics.MetricsCollector - [MetricsCollector] 8건 메트릭 InfluxDB 적재 완료
2026-05-27 14:57:37.975 [pool-1-thread-8] INFO  com.fbp.engine.node.impl.LogNode - [14:57:37.975][logger] {tick=239, __inPort=in, check_timestamp=1779861457975, timestamp=1779861457974, status=UP}
2026-05-27 14:57:40.837 [pool-1-thread-8] INFO  com.fbp.engine.node.impl.LogNode - [14:57:40.837][logger] {tick=240, __inPort=in, check_timestamp=1779861460837, timestamp=1779861460836, status=UP}
2026-05-27 14:57:42.976 [pool-1-thread-8] INFO  com.fbp.engine.node.impl.LogNode - [14:57:42.976][logger] {tick=241, __inPort=in, check_timestamp=1779861462976, timestamp=1779861462975, status=UP}
2026-05-27 14:57:45.839 [pool-1-thread-8] INFO  com.fbp.engine.node.impl.LogNode - [14:57:45.839][logger] {tick=242, __inPort=in, check_timestamp=1779861465838, timestamp=1779861465838, status=UP}
2026-05-27 14:57:46.833 [pool-3-thread-1] INFO  c.f.engine.metrics.MetricsCollector - [MetricsCollector] 8건 메트릭 InfluxDB 적재 완료
2026-05-27 14:57:47.977 [pool-1-thread-8] INFO  com.fbp.engine.node.impl.LogNode - [14:57:47.977][logger] {tick=243, __inPort=in, check_timestamp=1779861467977, timestamp=1779861467977, status=UP}
2026-05-27 14:57:50.837 [pool-1-thread-8] INFO  com.fbp.engine.node.impl.LogNode - [14:57:50.837][logger] {tick=244, __inPort=in, check_timestamp=1779861470837, timestamp=1779861470836, status=UP}
2026-05-27 14:57:52.977 [pool-1-thread-8] INFO  com.fbp.engine.node.impl.LogNode - [14:57:52.977][logger] {tick=245, __inPort=in, check_timestamp=1779861472977, timestamp=1779861472977, status=UP}
2026-05-27 14:57:55.838 [pool-1-thread-8] INFO  com.fbp.engine.node.impl.LogNode - [14:57:55.837][logger] {tick=246, __inPort=in, check_timestamp=1779861475837, timestamp=1779861475837, status=UP}
2026-05-27 14:57:56.835 [pool-3-thread-1] INFO  c.f.engine.metrics.MetricsCollector - [MetricsCollector] 8건 메트릭 InfluxDB 적재 완료
2026-05-27 14:57:57.975 [pool-1-thread-8] INFO  com.fbp.engine.node.impl.LogNode - [14:57:57.975][logger] {tick=247, __inPort=in, check_timestamp=1779861477975, timestamp=1779861477974, status=UP}
2026-05-27 14:58:00.836 [pool-1-thread-8] INFO  com.fbp.engine.node.impl.LogNode - [14:58:00.836][logger] {tick=248, __inPort=in, check_timestamp=1779861480836, timestamp=1779861480836, status=UP}
2026-05-27 14:58:02.977 [pool-1-thread-8] INFO  com.fbp.engine.node.impl.LogNode - [14:58:02.977][logger] {tick=249, __inPort=in, check_timestamp=1779861482977, timestamp=1779861482976, status=UP}
2026-05-27 14:58:05.839 [pool-1-thread-8] INFO  com.fbp.engine.node.impl.LogNode - [14:58:05.839][logger] {tick=250, __inPort=in, check_timestamp=1779861485839, timestamp=1779861485838, status=UP}
2026-05-27 14:58:06.832 [pool-3-thread-1] INFO  c.f.engine.metrics.MetricsCollector - [MetricsCollector] 8건 메트릭 InfluxDB 적재 완료
2026-05-27 14:58:07.977 [pool-1-thread-8] INFO  com.fbp.engine.node.impl.LogNode - [14:58:07.976][logger] {tick=251, __inPort=in, check_timestamp=1779861487976, timestamp=1779861487976, status=UP}
2026-05-27 14:58:10.837 [pool-1-thread-8] INFO  com.fbp.engine.node.impl.LogNode - [14:58:10.837][logger] {tick=252, __inPort=in, check_timestamp=1779861490837, timestamp=1779861490837, status=UP}
2026-05-27 14:58:12.974 [pool-1-thread-8] INFO  com.fbp.engine.node.impl.LogNode - [14:58:12.974][logger] {tick=253, __inPort=in, check_timestamp=1779861492974, timestamp=1779861492973, status=UP}
2026-05-27 14:58:15.841 [pool-1-thread-8] INFO  com.fbp.engine.node.impl.LogNode - [14:58:15.840][logger] {tick=254, __inPort=in, check_timestamp=1779861495840, timestamp=1779861495840, status=UP}
2026-05-27 14:58:16.836 [pool-3-thread-1] INFO  c.f.engine.metrics.MetricsCollector - [MetricsCollector] 8건 메트릭 InfluxDB 적재 완료
2026-05-27 14:58:17.977 [pool-1-thread-8] INFO  com.fbp.engine.node.impl.LogNode - [14:58:17.977][logger] {tick=255, __inPort=in, check_timestamp=1779861497977, timestamp=1779861497977, status=UP}
2026-05-27 14:58:20.839 [pool-1-thread-8] INFO  com.fbp.engine.node.impl.LogNode - [14:58:20.838][logger] {tick=256, __inPort=in, check_timestamp=1779861500838, timestamp=1779861500838, status=UP}
2026-05-27 14:58:22.977 [pool-1-thread-8] INFO  com.fbp.engine.node.impl.LogNode - [14:58:22.977][logger] {tick=257, __inPort=in, check_timestamp=1779861502977, timestamp=1779861502976, status=UP}
2026-05-27 14:58:25.838 [pool-1-thread-8] INFO  com.fbp.engine.node.impl.LogNode - [14:58:25.838][logger] {tick=258, __inPort=in, check_timestamp=1779861505838, timestamp=1779861505838, status=UP}
2026-05-27 14:58:26.836 [pool-3-thread-1] INFO  c.f.engine.metrics.MetricsCollector - [MetricsCollector] 8건 메트릭 InfluxDB 적재 완료
2026-05-27 14:58:27.974 [pool-1-thread-8] INFO  com.fbp.engine.node.impl.LogNode - [14:58:27.974][logger] {tick=259, __inPort=in, check_timestamp=1779861507974, timestamp=1779861507974, status=UP}
2026-05-27 14:58:30.838 [pool-1-thread-8] INFO  com.fbp.engine.node.impl.LogNode - [14:58:30.838][logger] {tick=260, __inPort=in, check_timestamp=1779861510838, timestamp=1779861510838, status=UP}
2026-05-27 14:58:32.977 [pool-1-thread-8] INFO  com.fbp.engine.node.impl.LogNode - [14:58:32.977][logger] {tick=261, __inPort=in, check_timestamp=1779861512977, timestamp=1779861512977, status=UP}
2026-05-27 14:58:35.839 [pool-1-thread-8] INFO  com.fbp.engine.node.impl.LogNode - [14:58:35.839][logger] {tick=262, __inPort=in, check_timestamp=1779861515839, timestamp=1779861515839, status=UP}
2026-05-27 14:58:36.837 [pool-3-thread-1] INFO  c.f.engine.metrics.MetricsCollector - [MetricsCollector] 8건 메트릭 InfluxDB 적재 완료
2026-05-27 14:58:37.974 [pool-1-thread-8] INFO  com.fbp.engine.node.impl.LogNode - [14:58:37.974][logger] {tick=263, __inPort=in, check_timestamp=1779861517974, timestamp=1779861517974, status=UP}
2026-05-27 14:58:40.838 [pool-1-thread-8] INFO  com.fbp.engine.node.impl.LogNode - [14:58:40.838][logger] {tick=264, __inPort=in, check_timestamp=1779861520838, timestamp=1779861520837, status=UP}
2026-05-27 14:58:42.977 [pool-1-thread-8] INFO  com.fbp.engine.node.impl.LogNode - [14:58:42.977][logger] {tick=265, __inPort=in, check_timestamp=1779861522977, timestamp=1779861522976, status=UP}
2026-05-27 14:58:45.836 [pool-1-thread-8] INFO  com.fbp.engine.node.impl.LogNode - [14:58:45.836][logger] {tick=266, __inPort=in, check_timestamp=1779861525836, timestamp=1779861525835, status=UP}
2026-05-27 14:58:46.835 [pool-3-thread-1] INFO  c.f.engine.metrics.MetricsCollector - [MetricsCollector] 8건 메트릭 InfluxDB 적재 완료
2026-05-27 14:58:47.977 [pool-1-thread-8] INFO  com.fbp.engine.node.impl.LogNode - [14:58:47.977][logger] {tick=267, __inPort=in, check_timestamp=1779861527977, timestamp=1779861527977, status=UP}
2026-05-27 14:58:50.837 [pool-1-thread-8] INFO  com.fbp.engine.node.impl.LogNode - [14:58:50.837][logger] {tick=268, __inPort=in, check_timestamp=1779861530837, timestamp=1779861530837, status=UP}
2026-05-27 14:58:52.977 [pool-1-thread-8] INFO  com.fbp.engine.node.impl.LogNode - [14:58:52.977][logger] {tick=269, __inPort=in, check_timestamp=1779861532977, timestamp=1779861532977, status=UP}
2026-05-27 14:58:55.838 [pool-1-thread-8] INFO  com.fbp.engine.node.impl.LogNode - [14:58:55.838][logger] {tick=270, __inPort=in, check_timestamp=1779861535838, timestamp=1779861535838, status=UP}
2026-05-27 14:58:56.832 [pool-3-thread-1] INFO  c.f.engine.metrics.MetricsCollector - [MetricsCollector] 8건 메트릭 InfluxDB 적재 완료
2026-05-27 14:58:57.977 [pool-1-thread-8] INFO  com.fbp.engine.node.impl.LogNode - [14:58:57.977][logger] {tick=271, __inPort=in, check_timestamp=1779861537976, timestamp=1779861537976, status=UP}
2026-05-27 14:59:00.841 [pool-1-thread-8] INFO  com.fbp.engine.node.impl.LogNode - [14:59:00.841][logger] {tick=272, __inPort=in, check_timestamp=1779861540840, timestamp=1779861540840, status=UP}
2026-05-27 14:59:02.977 [pool-1-thread-8] INFO  com.fbp.engine.node.impl.LogNode - [14:59:02.977][logger] {tick=273, __inPort=in, check_timestamp=1779861542977, timestamp=1779861542977, status=UP}
2026-05-27 14:59:05.841 [pool-1-thread-8] INFO  com.fbp.engine.node.impl.LogNode - [14:59:05.841][logger] {tick=274, __inPort=in, check_timestamp=1779861545841, timestamp=1779861545840, status=UP}
2026-05-27 14:59:06.839 [pool-3-thread-1] INFO  c.f.engine.metrics.MetricsCollector - [MetricsCollector] 8건 메트릭 InfluxDB 적재 완료
2026-05-27 14:59:07.977 [pool-1-thread-8] INFO  com.fbp.engine.node.impl.LogNode - [14:59:07.977][logger] {tick=275, __inPort=in, check_timestamp=1779861547977, timestamp=1779861547977, status=UP}
2026-05-27 14:59:10.838 [pool-1-thread-8] INFO  com.fbp.engine.node.impl.LogNode - [14:59:10.838][logger] {tick=276, __inPort=in, check_timestamp=1779861550838, timestamp=1779861550838, status=UP}
2026-05-27 14:59:12.977 [pool-1-thread-8] INFO  com.fbp.engine.node.impl.LogNode - [14:59:12.977][logger] {tick=277, __inPort=in, check_timestamp=1779861552977, timestamp=1779861552976, status=UP}
2026-05-27 14:59:15.838 [pool-1-thread-8] INFO  com.fbp.engine.node.impl.LogNode - [14:59:15.838][logger] {tick=278, __inPort=in, check_timestamp=1779861555838, timestamp=1779861555838, status=UP}
2026-05-27 14:59:16.843 [pool-3-thread-1] INFO  c.f.engine.metrics.MetricsCollector - [MetricsCollector] 8건 메트릭 InfluxDB 적재 완료
2026-05-27 14:59:17.977 [pool-1-thread-8] INFO  com.fbp.engine.node.impl.LogNode - [14:59:17.977][logger] {tick=279, __inPort=in, check_timestamp=1779861557977, timestamp=1779861557977, status=UP}
2026-05-27 14:59:20.837 [pool-1-thread-8] INFO  com.fbp.engine.node.impl.LogNode - [14:59:20.837][logger] {tick=280, __inPort=in, check_timestamp=1779861560837, timestamp=1779861560837, status=UP}
2026-05-27 14:59:22.973 [pool-1-thread-8] INFO  com.fbp.engine.node.impl.LogNode - [14:59:22.973][logger] {tick=281, __inPort=in, check_timestamp=1779861562973, timestamp=1779861562973, status=UP}
2026-05-27 14:59:25.840 [pool-1-thread-8] INFO  com.fbp.engine.node.impl.LogNode - [14:59:25.840][logger] {tick=282, __inPort=in, check_timestamp=1779861565840, timestamp=1779861565840, status=UP}
2026-05-27 14:59:26.839 [pool-3-thread-1] INFO  c.f.engine.metrics.MetricsCollector - [MetricsCollector] 8건 메트릭 InfluxDB 적재 완료
2026-05-27 14:59:27.978 [pool-1-thread-8] INFO  com.fbp.engine.node.impl.LogNode - [14:59:27.978][logger] {tick=283, __inPort=in, check_timestamp=1779861567977, timestamp=1779861567977, status=UP}
2026-05-27 14:59:30.841 [pool-1-thread-8] INFO  com.fbp.engine.node.impl.LogNode - [14:59:30.841][logger] {tick=284, __inPort=in, check_timestamp=1779861570841, timestamp=1779861570840, status=UP}
2026-05-27 14:59:32.976 [pool-1-thread-8] INFO  com.fbp.engine.node.impl.LogNode - [14:59:32.976][logger] {tick=285, __inPort=in, check_timestamp=1779861572976, timestamp=1779861572976, status=UP}
2026-05-27 14:59:35.840 [pool-1-thread-8] INFO  com.fbp.engine.node.impl.LogNode - [14:59:35.839][logger] {tick=286, __inPort=in, check_timestamp=1779861575839, timestamp=1779861575839, status=UP}
2026-05-27 14:59:36.829 [pool-3-thread-1] INFO  c.f.engine.metrics.MetricsCollector - [MetricsCollector] 8건 메트릭 InfluxDB 적재 완료
2026-05-27 14:59:37.977 [pool-1-thread-8] INFO  com.fbp.engine.node.impl.LogNode - [14:59:37.977][logger] {tick=287, __inPort=in, check_timestamp=1779861577977, timestamp=1779861577977, status=UP}
2026-05-27 14:59:40.841 [pool-1-thread-8] INFO  com.fbp.engine.node.impl.LogNode - [14:59:40.841][logger] {tick=288, __inPort=in, check_timestamp=1779861580841, timestamp=1779861580840, status=UP}
2026-05-27 14:59:42.978 [pool-1-thread-8] INFO  com.fbp.engine.node.impl.LogNode - [14:59:42.977][logger] {tick=289, __inPort=in, check_timestamp=1779861582977, timestamp=1779861582977, status=UP}
2026-05-27 14:59:45.839 [pool-1-thread-8] INFO  com.fbp.engine.node.impl.LogNode - [14:59:45.839][logger] {tick=290, __inPort=in, check_timestamp=1779861585839, timestamp=1779861585839, status=UP}
2026-05-27 14:59:46.833 [pool-3-thread-1] INFO  c.f.engine.metrics.MetricsCollector - [MetricsCollector] 8건 메트릭 InfluxDB 적재 완료
2026-05-27 14:59:47.974 [pool-1-thread-8] INFO  com.fbp.engine.node.impl.LogNode - [14:59:47.974][logger] {tick=291, __inPort=in, check_timestamp=1779861587974, timestamp=1779861587974, status=UP}
2026-05-27 14:59:50.841 [pool-1-thread-8] INFO  com.fbp.engine.node.impl.LogNode - [14:59:50.840][logger] {tick=292, __inPort=in, check_timestamp=1779861590840, timestamp=1779861590840, status=UP}
2026-05-27 14:59:52.977 [pool-1-thread-8] INFO  com.fbp.engine.node.impl.LogNode - [14:59:52.977][logger] {tick=293, __inPort=in, check_timestamp=1779861592977, timestamp=1779861592977, status=UP}
2026-05-27 14:59:55.841 [pool-1-thread-8] INFO  com.fbp.engine.node.impl.LogNode - [14:59:55.841][logger] {tick=294, __inPort=in, check_timestamp=1779861595841, timestamp=1779861595840, status=UP}
2026-05-27 14:59:56.832 [pool-3-thread-1] INFO  c.f.engine.metrics.MetricsCollector - [MetricsCollector] 8건 메트릭 InfluxDB 적재 완료
2026-05-27 14:59:57.978 [pool-1-thread-8] INFO  com.fbp.engine.node.impl.LogNode - [14:59:57.977][logger] {tick=295, __inPort=in, check_timestamp=1779861597977, timestamp=1779861597977, status=UP}
2026-05-27 15:00:00.836 [pool-1-thread-8] INFO  com.fbp.engine.node.impl.LogNode - [15:00:00.836][logger] {tick=296, __inPort=in, check_timestamp=1779861600836, timestamp=1779861600836, status=UP}
2026-05-27 15:00:02.978 [pool-1-thread-8] INFO  com.fbp.engine.node.impl.LogNode - [15:00:02.977][logger] {tick=297, __inPort=in, check_timestamp=1779861602977, timestamp=1779861602977, status=UP}
2026-05-27 15:00:05.837 [pool-1-thread-8] INFO  com.fbp.engine.node.impl.LogNode - [15:00:05.837][logger] {tick=298, __inPort=in, check_timestamp=1779861605837, timestamp=1779861605837, status=UP}
2026-05-27 15:00:06.834 [pool-3-thread-1] INFO  c.f.engine.metrics.MetricsCollector - [MetricsCollector] 8건 메트릭 InfluxDB 적재 완료
2026-05-27 15:00:07.973 [pool-1-thread-8] INFO  com.fbp.engine.node.impl.LogNode - [15:00:07.973][logger] {tick=299, __inPort=in, check_timestamp=1779861607973, timestamp=1779861607972, status=UP}
2026-05-27 15:00:10.837 [pool-1-thread-8] INFO  com.fbp.engine.node.impl.LogNode - [15:00:10.837][logger] {tick=300, __inPort=in, check_timestamp=1779861610837, timestamp=1779861610837, status=UP}
2026-05-27 15:00:12.978 [pool-1-thread-8] INFO  com.fbp.engine.node.impl.LogNode - [15:00:12.978][logger] {tick=301, __inPort=in, check_timestamp=1779861612978, timestamp=1779861612977, status=UP}
2026-05-27 15:00:15.841 [pool-1-thread-8] INFO  com.fbp.engine.node.impl.LogNode - [15:00:15.841][logger] {tick=302, __inPort=in, check_timestamp=1779861615841, timestamp=1779861615840, status=UP}
2026-05-27 15:00:16.840 [pool-3-thread-1] INFO  c.f.engine.metrics.MetricsCollector - [MetricsCollector] 8건 메트릭 InfluxDB 적재 완료
2026-05-27 15:00:17.976 [pool-1-thread-8] INFO  com.fbp.engine.node.impl.LogNode - [15:00:17.976][logger] {tick=303, __inPort=in, check_timestamp=1779861617976, timestamp=1779861617976, status=UP}
2026-05-27 15:00:20.839 [pool-1-thread-8] INFO  com.fbp.engine.node.impl.LogNode - [15:00:20.839][logger] {tick=304, __inPort=in, check_timestamp=1779861620839, timestamp=1779861620838, status=UP}
2026-05-27 15:00:22.978 [pool-1-thread-8] INFO  com.fbp.engine.node.impl.LogNode - [15:00:22.978][logger] {tick=305, __inPort=in, check_timestamp=1779861622977, timestamp=1779861622977, status=UP}
2026-05-27 15:00:25.838 [pool-1-thread-8] INFO  com.fbp.engine.node.impl.LogNode - [15:00:25.838][logger] {tick=306, __inPort=in, check_timestamp=1779861625838, timestamp=1779861625838, status=UP}
2026-05-27 15:00:26.832 [pool-3-thread-1] INFO  c.f.engine.metrics.MetricsCollector - [MetricsCollector] 8건 메트릭 InfluxDB 적재 완료
2026-05-27 15:00:27.974 [pool-1-thread-8] INFO  com.fbp.engine.node.impl.LogNode - [15:00:27.974][logger] {tick=307, __inPort=in, check_timestamp=1779861627974, timestamp=1779861627974, status=UP}
2026-05-27 15:00:30.836 [pool-1-thread-8] INFO  com.fbp.engine.node.impl.LogNode - [15:00:30.836][logger] {tick=308, __inPort=in, check_timestamp=1779861630836, timestamp=1779861630836, status=UP}
2026-05-27 15:00:32.978 [pool-1-thread-8] INFO  com.fbp.engine.node.impl.LogNode - [15:00:32.978][logger] {tick=309, __inPort=in, check_timestamp=1779861632977, timestamp=1779861632977, status=UP}
2026-05-27 15:00:35.838 [pool-1-thread-8] INFO  com.fbp.engine.node.impl.LogNode - [15:00:35.837][logger] {tick=310, __inPort=in, check_timestamp=1779861635837, timestamp=1779861635837, status=UP}
2026-05-27 15:00:36.836 [pool-3-thread-1] INFO  c.f.engine.metrics.MetricsCollector - [MetricsCollector] 8건 메트릭 InfluxDB 적재 완료
2026-05-27 15:00:37.978 [pool-1-thread-8] INFO  com.fbp.engine.node.impl.LogNode - [15:00:37.978][logger] {tick=311, __inPort=in, check_timestamp=1779861637978, timestamp=1779861637977, status=UP}
2026-05-27 15:00:40.841 [pool-1-thread-8] INFO  com.fbp.engine.node.impl.LogNode - [15:00:40.841][logger] {tick=312, __inPort=in, check_timestamp=1779861640841, timestamp=1779861640840, status=UP}
2026-05-27 15:00:42.977 [pool-1-thread-8] INFO  com.fbp.engine.node.impl.LogNode - [15:00:42.977][logger] {tick=313, __inPort=in, check_timestamp=1779861642977, timestamp=1779861642977, status=UP}
2026-05-27 15:00:45.840 [pool-1-thread-8] INFO  com.fbp.engine.node.impl.LogNode - [15:00:45.840][logger] {tick=314, __inPort=in, check_timestamp=1779861645840, timestamp=1779861645839, status=UP}
2026-05-27 15:00:46.833 [pool-3-thread-1] INFO  c.f.engine.metrics.MetricsCollector - [MetricsCollector] 8건 메트릭 InfluxDB 적재 완료
2026-05-27 15:00:47.976 [pool-1-thread-8] INFO  com.fbp.engine.node.impl.LogNode - [15:00:47.976][logger] {tick=315, __inPort=in, check_timestamp=1779861647976, timestamp=1779861647976, status=UP}
2026-05-27 15:00:50.838 [pool-1-thread-8] INFO  com.fbp.engine.node.impl.LogNode - [15:00:50.838][logger] {tick=316, __inPort=in, check_timestamp=1779861650837, timestamp=1779861650836, status=UP}
2026-05-27 15:00:52.978 [pool-1-thread-8] INFO  com.fbp.engine.node.impl.LogNode - [15:00:52.977][logger] {tick=317, __inPort=in, check_timestamp=1779861652977, timestamp=1779861652977, status=UP}
2026-05-27 15:00:55.839 [pool-1-thread-8] INFO  com.fbp.engine.node.impl.LogNode - [15:00:55.838][logger] {tick=318, __inPort=in, check_timestamp=1779861655838, timestamp=1779861655838, status=UP}
2026-05-27 15:00:56.830 [pool-3-thread-1] INFO  c.f.engine.metrics.MetricsCollector - [MetricsCollector] 8건 메트릭 InfluxDB 적재 완료
2026-05-27 15:00:57.977 [pool-1-thread-8] INFO  com.fbp.engine.node.impl.LogNode - [15:00:57.977][logger] {tick=319, __inPort=in, check_timestamp=1779861657977, timestamp=1779861657977, status=UP}
2026-05-27 15:01:00.841 [pool-1-thread-8] INFO  com.fbp.engine.node.impl.LogNode - [15:01:00.841][logger] {tick=320, __inPort=in, check_timestamp=1779861660841, timestamp=1779861660840, status=UP}
2026-05-27 15:01:02.976 [pool-1-thread-8] INFO  com.fbp.engine.node.impl.LogNode - [15:01:02.976][logger] {tick=321, __inPort=in, check_timestamp=1779861662976, timestamp=1779861662976, status=UP}
2026-05-27 15:01:05.837 [pool-1-thread-8] INFO  com.fbp.engine.node.impl.LogNode - [15:01:05.837][logger] {tick=322, __inPort=in, check_timestamp=1779861665837, timestamp=1779861665836, status=UP}
2026-05-27 15:01:06.835 [pool-3-thread-1] INFO  c.f.engine.metrics.MetricsCollector - [MetricsCollector] 8건 메트릭 InfluxDB 적재 완료
2026-05-27 15:01:07.978 [pool-1-thread-8] INFO  com.fbp.engine.node.impl.LogNode - [15:01:07.977][logger] {tick=323, __inPort=in, check_timestamp=1779861667977, timestamp=1779861667977, status=UP}
2026-05-27 15:01:10.839 [pool-1-thread-8] INFO  com.fbp.engine.node.impl.LogNode - [15:01:10.839][logger] {tick=324, __inPort=in, check_timestamp=1779861670839, timestamp=1779861670838, status=UP}
2026-05-27 15:01:12.977 [pool-1-thread-8] INFO  com.fbp.engine.node.impl.LogNode - [15:01:12.977][logger] {tick=325, __inPort=in, check_timestamp=1779861672977, timestamp=1779861672977, status=UP}
2026-05-27 15:01:15.841 [pool-1-thread-8] INFO  com.fbp.engine.node.impl.LogNode - [15:01:15.841][logger] {tick=326, __inPort=in, check_timestamp=1779861675841, timestamp=1779861675841, status=UP}
2026-05-27 15:01:16.835 [pool-3-thread-1] INFO  c.f.engine.metrics.MetricsCollector - [MetricsCollector] 8건 메트릭 InfluxDB 적재 완료
2026-05-27 15:01:17.974 [pool-1-thread-8] INFO  com.fbp.engine.node.impl.LogNode - [15:01:17.974][logger] {tick=327, __inPort=in, check_timestamp=1779861677974, timestamp=1779861677974, status=UP}
2026-05-27 15:01:20.839 [pool-1-thread-8] INFO  com.fbp.engine.node.impl.LogNode - [15:01:20.839][logger] {tick=328, __inPort=in, check_timestamp=1779861680839, timestamp=1779861680839, status=UP}
2026-05-27 15:01:22.973 [pool-1-thread-8] INFO  com.fbp.engine.node.impl.LogNode - [15:01:22.973][logger] {tick=329, __inPort=in, check_timestamp=1779861682973, timestamp=1779861682973, status=UP}
2026-05-27 15:01:25.837 [pool-1-thread-8] INFO  com.fbp.engine.node.impl.LogNode - [15:01:25.837][logger] {tick=330, __inPort=in, check_timestamp=1779861685837, timestamp=1779861685836, status=UP}
2026-05-27 15:01:26.833 [pool-3-thread-1] INFO  c.f.engine.metrics.MetricsCollector - [MetricsCollector] 8건 메트릭 InfluxDB 적재 완료
2026-05-27 15:01:27.973 [pool-1-thread-8] INFO  com.fbp.engine.node.impl.LogNode - [15:01:27.973][logger] {tick=331, __inPort=in, check_timestamp=1779861687973, timestamp=1779861687973, status=UP}
2026-05-27 15:01:30.841 [pool-1-thread-8] INFO  com.fbp.engine.node.impl.LogNode - [15:01:30.841][logger] {tick=332, __inPort=in, check_timestamp=1779861690841, timestamp=1779861690841, status=UP}
2026-05-27 15:01:32.975 [pool-1-thread-8] INFO  com.fbp.engine.node.impl.LogNode - [15:01:32.975][logger] {tick=333, __inPort=in, check_timestamp=1779861692975, timestamp=1779861692975, status=UP}
2026-05-27 15:01:35.837 [pool-1-thread-8] INFO  com.fbp.engine.node.impl.LogNode - [15:01:35.837][logger] {tick=334, __inPort=in, check_timestamp=1779861695837, timestamp=1779861695837, status=UP}
2026-05-27 15:01:36.836 [pool-3-thread-1] INFO  c.f.engine.metrics.MetricsCollector - [MetricsCollector] 8건 메트릭 InfluxDB 적재 완료
2026-05-27 15:01:37.977 [pool-1-thread-8] INFO  com.fbp.engine.node.impl.LogNode - [15:01:37.977][logger] {tick=335, __inPort=in, check_timestamp=1779861697977, timestamp=1779861697977, status=UP}
2026-05-27 15:01:40.841 [pool-1-thread-8] INFO  com.fbp.engine.node.impl.LogNode - [15:01:40.841][logger] {tick=336, __inPort=in, check_timestamp=1779861700841, timestamp=1779861700841, status=UP}
2026-05-27 15:01:42.974 [pool-1-thread-8] INFO  com.fbp.engine.node.impl.LogNode - [15:01:42.974][logger] {tick=337, __inPort=in, check_timestamp=1779861702974, timestamp=1779861702974, status=UP}
2026-05-27 15:01:45.841 [pool-1-thread-8] INFO  com.fbp.engine.node.impl.LogNode - [15:01:45.841][logger] {tick=338, __inPort=in, check_timestamp=1779861705841, timestamp=1779861705841, status=UP}
2026-05-27 15:01:46.831 [pool-3-thread-1] INFO  c.f.engine.metrics.MetricsCollector - [MetricsCollector] 8건 메트릭 InfluxDB 적재 완료
2026-05-27 15:01:47.978 [pool-1-thread-8] INFO  com.fbp.engine.node.impl.LogNode - [15:01:47.978][logger] {tick=339, __inPort=in, check_timestamp=1779861707978, timestamp=1779861707977, status=UP}
2026-05-27 15:01:50.840 [pool-1-thread-8] INFO  com.fbp.engine.node.impl.LogNode - [15:01:50.840][logger] {tick=340, __inPort=in, check_timestamp=1779861710840, timestamp=1779861710840, status=UP}
2026-05-27 15:01:52.977 [pool-1-thread-8] INFO  com.fbp.engine.node.impl.LogNode - [15:01:52.977][logger] {tick=341, __inPort=in, check_timestamp=1779861712977, timestamp=1779861712976, status=UP}
2026-05-27 15:01:55.841 [pool-1-thread-8] INFO  com.fbp.engine.node.impl.LogNode - [15:01:55.841][logger] {tick=342, __inPort=in, check_timestamp=1779861715841, timestamp=1779861715840, status=UP}
2026-05-27 15:01:56.835 [pool-3-thread-1] INFO  c.f.engine.metrics.MetricsCollector - [MetricsCollector] 8건 메트릭 InfluxDB 적재 완료
2026-05-27 15:01:57.978 [pool-1-thread-8] INFO  com.fbp.engine.node.impl.LogNode - [15:01:57.978][logger] {tick=343, __inPort=in, check_timestamp=1779861717978, timestamp=1779861717977, status=UP}
2026-05-27 15:02:00.837 [pool-1-thread-8] INFO  com.fbp.engine.node.impl.LogNode - [15:02:00.837][logger] {tick=344, __inPort=in, check_timestamp=1779861720837, timestamp=1779861720836, status=UP}
2026-05-27 15:02:02.978 [pool-1-thread-8] INFO  com.fbp.engine.node.impl.LogNode - [15:02:02.978][logger] {tick=345, __inPort=in, check_timestamp=1779861722978, timestamp=1779861722978, status=UP}
2026-05-27 15:02:05.841 [pool-1-thread-8] INFO  com.fbp.engine.node.impl.LogNode - [15:02:05.841][logger] {tick=346, __inPort=in, check_timestamp=1779861725841, timestamp=1779861725841, status=UP}
2026-05-27 15:02:06.838 [pool-3-thread-1] INFO  c.f.engine.metrics.MetricsCollector - [MetricsCollector] 8건 메트릭 InfluxDB 적재 완료
2026-05-27 15:02:07.978 [pool-1-thread-8] INFO  com.fbp.engine.node.impl.LogNode - [15:02:07.978][logger] {tick=347, __inPort=in, check_timestamp=1779861727978, timestamp=1779861727977, status=UP}
2026-05-27 15:02:10.841 [pool-1-thread-8] INFO  com.fbp.engine.node.impl.LogNode - [15:02:10.841][logger] {tick=348, __inPort=in, check_timestamp=1779861730841, timestamp=1779861730841, status=UP}
2026-05-27 15:02:12.974 [pool-1-thread-8] INFO  com.fbp.engine.node.impl.LogNode - [15:02:12.974][logger] {tick=349, __inPort=in, check_timestamp=1779861732974, timestamp=1779861732974, status=UP}
2026-05-27 15:02:15.833 [pool-1-thread-8] INFO  com.fbp.engine.node.impl.LogNode - [15:02:15.833][logger] {tick=350, __inPort=in, check_timestamp=1779861735833, timestamp=1779861735833, status=UP}
2026-05-27 15:02:16.826 [pool-3-thread-1] INFO  c.f.engine.metrics.MetricsCollector - [MetricsCollector] 8건 메트릭 InfluxDB 적재 완료
2026-05-27 15:02:17.967 [pool-1-thread-8] INFO  com.fbp.engine.node.impl.LogNode - [15:02:17.967][logger] {tick=351, __inPort=in, check_timestamp=1779861737967, timestamp=1779861737967, status=UP}
2026-05-27 15:02:20.823 [pool-1-thread-8] INFO  com.fbp.engine.node.impl.LogNode - [15:02:20.823][logger] {tick=352, __inPort=in, check_timestamp=1779861740823, timestamp=1779861740823, status=UP}
2026-05-27 15:02:22.962 [pool-1-thread-8] INFO  com.fbp.engine.node.impl.LogNode - [15:02:22.961][logger] {tick=353, __inPort=in, check_timestamp=1779861742961, timestamp=1779861742961, status=UP}
2026-05-27 15:02:25.821 [pool-1-thread-8] INFO  com.fbp.engine.node.impl.LogNode - [15:02:25.821][logger] {tick=354, __inPort=in, check_timestamp=1779861745821, timestamp=1779861745821, status=UP}
2026-05-27 15:02:26.818 [pool-3-thread-1] INFO  c.f.engine.metrics.MetricsCollector - [MetricsCollector] 8건 메트릭 InfluxDB 적재 완료
2026-05-27 15:02:27.958 [pool-1-thread-8] INFO  com.fbp.engine.node.impl.LogNode - [15:02:27.958][logger] {tick=355, __inPort=in, check_timestamp=1779861747958, timestamp=1779861747958, status=UP}
2026-05-27 15:02:30.819 [pool-1-thread-8] INFO  com.fbp.engine.node.impl.LogNode - [15:02:30.819][logger] {tick=356, __inPort=in, check_timestamp=1779861750819, timestamp=1779861750818, status=UP}
2026-05-27 15:02:32.955 [pool-1-thread-8] INFO  com.fbp.engine.node.impl.LogNode - [15:02:32.955][logger] {tick=357, __inPort=in, check_timestamp=1779861752955, timestamp=1779861752955, status=UP}
2026-05-27 15:02:35.817 [pool-1-thread-8] INFO  com.fbp.engine.node.impl.LogNode - [15:02:35.817][logger] {tick=358, __inPort=in, check_timestamp=1779861755817, timestamp=1779861755817, status=UP}
2026-05-27 15:02:36.811 [pool-3-thread-1] INFO  c.f.engine.metrics.MetricsCollector - [MetricsCollector] 8건 메트릭 InfluxDB 적재 완료
2026-05-27 15:02:37.954 [pool-1-thread-8] INFO  com.fbp.engine.node.impl.LogNode - [15:02:37.954][logger] {tick=359, __inPort=in, check_timestamp=1779861757954, timestamp=1779861757953, status=UP}
2026-05-27 15:02:40.812 [pool-1-thread-8] INFO  com.fbp.engine.node.impl.LogNode - [15:02:40.812][logger] {tick=360, __inPort=in, check_timestamp=1779861760812, timestamp=1779861760811, status=UP}
2026-05-27 15:02:42.952 [pool-1-thread-8] INFO  com.fbp.engine.node.impl.LogNode - [15:02:42.952][logger] {tick=361, __inPort=in, check_timestamp=1779861762952, timestamp=1779861762952, status=UP}
2026-05-27 15:02:45.815 [pool-1-thread-8] INFO  com.fbp.engine.node.impl.LogNode - [15:02:45.815][logger] {tick=362, __inPort=in, check_timestamp=1779861765815, timestamp=1779861765815, status=UP}
2026-05-27 15:02:46.814 [pool-3-thread-1] INFO  c.f.engine.metrics.MetricsCollector - [MetricsCollector] 8건 메트릭 InfluxDB 적재 완료
2026-05-27 15:02:47.952 [pool-1-thread-8] INFO  com.fbp.engine.node.impl.LogNode - [15:02:47.951][logger] {tick=363, __inPort=in, check_timestamp=1779861767951, timestamp=1779861767951, status=UP}
2026-05-27 15:02:50.812 [pool-1-thread-8] INFO  com.fbp.engine.node.impl.LogNode - [15:02:50.812][logger] {tick=364, __inPort=in, check_timestamp=1779861770812, timestamp=1779861770811, status=UP}
2026-05-27 15:02:52.949 [pool-1-thread-8] INFO  com.fbp.engine.node.impl.LogNode - [15:02:52.949][logger] {tick=365, __inPort=in, check_timestamp=1779861772949, timestamp=1779861772949, status=UP}
2026-05-27 15:02:55.811 [pool-1-thread-8] INFO  com.fbp.engine.node.impl.LogNode - [15:02:55.811][logger] {tick=366, __inPort=in, check_timestamp=1779861775811, timestamp=1779861775811, status=UP}
2026-05-27 15:02:56.806 [pool-3-thread-1] INFO  c.f.engine.metrics.MetricsCollector - [MetricsCollector] 8건 메트릭 InfluxDB 적재 완료
2026-05-27 15:02:57.950 [pool-1-thread-8] INFO  com.fbp.engine.node.impl.LogNode - [15:02:57.950][logger] {tick=367, __inPort=in, check_timestamp=1779861777950, timestamp=1779861777950, status=UP}
2026-05-27 15:03:00.813 [pool-1-thread-8] INFO  com.fbp.engine.node.impl.LogNode - [15:03:00.812][logger] {tick=368, __inPort=in, check_timestamp=1779861780812, timestamp=1779861780812, status=UP}
2026-05-27 15:03:02.950 [pool-1-thread-8] INFO  com.fbp.engine.node.impl.LogNode - [15:03:02.950][logger] {tick=369, __inPort=in, check_timestamp=1779861782949, timestamp=1779861782949, status=UP}
2026-05-27 15:03:05.813 [pool-1-thread-8] INFO  com.fbp.engine.node.impl.LogNode - [15:03:05.813][logger] {tick=370, __inPort=in, check_timestamp=1779861785813, timestamp=1779861785813, status=UP}
2026-05-27 15:03:06.805 [pool-3-thread-1] INFO  c.f.engine.metrics.MetricsCollector - [MetricsCollector] 8건 메트릭 InfluxDB 적재 완료
2026-05-27 15:03:07.949 [pool-1-thread-8] INFO  com.fbp.engine.node.impl.LogNode - [15:03:07.949][logger] {tick=371, __inPort=in, check_timestamp=1779861787949, timestamp=1779861787949, status=UP}
2026-05-27 15:03:10.810 [pool-1-thread-8] INFO  com.fbp.engine.node.impl.LogNode - [15:03:10.810][logger] {tick=372, __inPort=in, check_timestamp=1779861790810, timestamp=1779861790810, status=UP}
2026-05-27 15:03:12.949 [pool-1-thread-8] INFO  com.fbp.engine.node.impl.LogNode - [15:03:12.949][logger] {tick=373, __inPort=in, check_timestamp=1779861792949, timestamp=1779861792948, status=UP}
2026-05-27 15:03:15.809 [pool-1-thread-8] INFO  com.fbp.engine.node.impl.LogNode - [15:03:15.809][logger] {tick=374, __inPort=in, check_timestamp=1779861795809, timestamp=1779861795808, status=UP}
2026-05-27 15:03:16.806 [pool-3-thread-1] INFO  c.f.engine.metrics.MetricsCollector - [MetricsCollector] 8건 메트릭 InfluxDB 적재 완료
2026-05-27 15:03:17.948 [pool-1-thread-8] INFO  com.fbp.engine.node.impl.LogNode - [15:03:17.948][logger] {tick=375, __inPort=in, check_timestamp=1779861797948, timestamp=1779861797948, status=UP}
2026-05-27 15:03:20.812 [pool-1-thread-8] INFO  com.fbp.engine.node.impl.LogNode - [15:03:20.812][logger] {tick=376, __inPort=in, check_timestamp=1779861800812, timestamp=1779861800812, status=UP}
2026-05-27 15:03:22.949 [pool-1-thread-8] INFO  com.fbp.engine.node.impl.LogNode - [15:03:22.949][logger] {tick=377, __inPort=in, check_timestamp=1779861802949, timestamp=1779861802948, status=UP}
2026-05-27 15:03:25.809 [pool-1-thread-8] INFO  com.fbp.engine.node.impl.LogNode - [15:03:25.809][logger] {tick=378, __inPort=in, check_timestamp=1779861805809, timestamp=1779861805809, status=UP}
2026-05-27 15:03:26.809 [pool-3-thread-1] INFO  c.f.engine.metrics.MetricsCollector - [MetricsCollector] 8건 메트릭 InfluxDB 적재 완료
2026-05-27 15:03:27.948 [pool-1-thread-8] INFO  com.fbp.engine.node.impl.LogNode - [15:03:27.948][logger] {tick=379, __inPort=in, check_timestamp=1779861807948, timestamp=1779861807948, status=UP}
2026-05-27 15:03:30.808 [pool-1-thread-8] INFO  com.fbp.engine.node.impl.LogNode - [15:03:30.808][logger] {tick=380, __inPort=in, check_timestamp=1779861810808, timestamp=1779861810807, status=UP}
2026-05-27 15:03:32.946 [pool-1-thread-8] INFO  com.fbp.engine.node.impl.LogNode - [15:03:32.946][logger] {tick=381, __inPort=in, check_timestamp=1779861812946, timestamp=1779861812945, status=UP}
2026-05-27 15:03:35.808 [pool-1-thread-8] INFO  com.fbp.engine.node.impl.LogNode - [15:03:35.808][logger] {tick=382, __inPort=in, check_timestamp=1779861815808, timestamp=1779861815807, status=UP}
2026-05-27 15:03:36.805 [pool-3-thread-1] INFO  c.f.engine.metrics.MetricsCollector - [MetricsCollector] 8건 메트릭 InfluxDB 적재 완료
2026-05-27 15:03:37.946 [pool-1-thread-8] INFO  com.fbp.engine.node.impl.LogNode - [15:03:37.946][logger] {tick=383, __inPort=in, check_timestamp=1779861817946, timestamp=1779861817945, status=UP}
2026-05-27 15:03:40.809 [pool-1-thread-8] INFO  com.fbp.engine.node.impl.LogNode - [15:03:40.809][logger] {tick=384, __inPort=in, check_timestamp=1779861820808, timestamp=1779861820808, status=UP}
2026-05-27 15:03:42.944 [pool-1-thread-8] INFO  com.fbp.engine.node.impl.LogNode - [15:03:42.944][logger] {tick=385, __inPort=in, check_timestamp=1779861822944, timestamp=1779861822944, status=UP}
2026-05-27 15:03:45.808 [pool-1-thread-8] INFO  com.fbp.engine.node.impl.LogNode - [15:03:45.808][logger] {tick=386, __inPort=in, check_timestamp=1779861825808, timestamp=1779861825808, status=UP}
2026-05-27 15:03:46.806 [pool-3-thread-1] INFO  c.f.engine.metrics.MetricsCollector - [MetricsCollector] 8건 메트릭 InfluxDB 적재 완료
2026-05-27 15:03:47.945 [pool-1-thread-8] INFO  com.fbp.engine.node.impl.LogNode - [15:03:47.945][logger] {tick=387, __inPort=in, check_timestamp=1779861827945, timestamp=1779861827945, status=UP}
2026-05-27 15:03:50.812 [pool-1-thread-8] INFO  com.fbp.engine.node.impl.LogNode - [15:03:50.812][logger] {tick=388, __inPort=in, check_timestamp=1779861830812, timestamp=1779861830811, status=UP}
2026-05-27 15:03:52.945 [pool-1-thread-8] INFO  com.fbp.engine.node.impl.LogNode - [15:03:52.945][logger] {tick=389, __inPort=in, check_timestamp=1779861832945, timestamp=1779861832945, status=UP}
2026-05-27 15:03:55.809 [pool-1-thread-8] INFO  com.fbp.engine.node.impl.LogNode - [15:03:55.809][logger] {tick=390, __inPort=in, check_timestamp=1779861835809, timestamp=1779861835809, status=UP}
2026-05-27 15:03:56.802 [pool-3-thread-1] INFO  c.f.engine.metrics.MetricsCollector - [MetricsCollector] 8건 메트릭 InfluxDB 적재 완료
2026-05-27 15:03:57.949 [pool-1-thread-8] INFO  com.fbp.engine.node.impl.LogNode - [15:03:57.948][logger] {tick=391, __inPort=in, check_timestamp=1779861837948, timestamp=1779861837948, status=UP}
2026-05-27 15:04:00.812 [pool-1-thread-8] INFO  com.fbp.engine.node.impl.LogNode - [15:04:00.812][logger] {tick=392, __inPort=in, check_timestamp=1779861840812, timestamp=1779861840811, status=UP}
2026-05-27 15:04:02.947 [pool-1-thread-8] INFO  com.fbp.engine.node.impl.LogNode - [15:04:02.947][logger] {tick=393, __inPort=in, check_timestamp=1779861842947, timestamp=1779861842947, status=UP}
2026-05-27 15:04:05.807 [pool-1-thread-8] INFO  com.fbp.engine.node.impl.LogNode - [15:04:05.807][logger] {tick=394, __inPort=in, check_timestamp=1779861845807, timestamp=1779861845807, status=UP}
2026-05-27 15:04:06.809 [pool-3-thread-1] INFO  c.f.engine.metrics.MetricsCollector - [MetricsCollector] 8건 메트릭 InfluxDB 적재 완료
2026-05-27 15:04:07.948 [pool-1-thread-8] INFO  com.fbp.engine.node.impl.LogNode - [15:04:07.948][logger] {tick=395, __inPort=in, check_timestamp=1779861847948, timestamp=1779861847948, status=UP}
2026-05-27 15:04:10.809 [pool-1-thread-8] INFO  com.fbp.engine.node.impl.LogNode - [15:04:10.809][logger] {tick=396, __inPort=in, check_timestamp=1779861850809, timestamp=1779861850808, status=UP}
2026-05-27 15:04:12.947 [pool-1-thread-8] INFO  com.fbp.engine.node.impl.LogNode - [15:04:12.947][logger] {tick=397, __inPort=in, check_timestamp=1779861852947, timestamp=1779861852947, status=UP}
2026-05-27 15:04:15.820 [pool-1-thread-8] INFO  com.fbp.engine.node.impl.LogNode - [15:04:15.820][logger] {tick=398, __inPort=in, check_timestamp=1779861855819, timestamp=1779861855811, status=UP}
2026-05-27 15:04:16.801 [pool-3-thread-1] INFO  c.f.engine.metrics.MetricsCollector - [MetricsCollector] 8건 메트릭 InfluxDB 적재 완료
2026-05-27 15:04:17.948 [pool-1-thread-8] INFO  com.fbp.engine.node.impl.LogNode - [15:04:17.948][logger] {tick=399, __inPort=in, check_timestamp=1779861857948, timestamp=1779861857947, status=UP}
2026-05-27 15:04:20.809 [pool-1-thread-8] INFO  com.fbp.engine.node.impl.LogNode - [15:04:20.809][logger] {tick=400, __inPort=in, check_timestamp=1779861860809, timestamp=1779861860808, status=UP}
2026-05-27 15:04:22.948 [pool-1-thread-8] INFO  com.fbp.engine.node.impl.LogNode - [15:04:22.948][logger] {tick=401, __inPort=in, check_timestamp=1779861862947, timestamp=1779861862947, status=UP}
2026-05-27 15:04:25.807 [pool-1-thread-8] INFO  com.fbp.engine.node.impl.LogNode - [15:04:25.807][logger] {tick=402, __inPort=in, check_timestamp=1779861865807, timestamp=1779861865807, status=UP}
2026-05-27 15:04:26.806 [pool-3-thread-1] INFO  c.f.engine.metrics.MetricsCollector - [MetricsCollector] 8건 메트릭 InfluxDB 적재 완료
2026-05-27 15:04:27.949 [pool-1-thread-8] INFO  com.fbp.engine.node.impl.LogNode - [15:04:27.948][logger] {tick=403, __inPort=in, check_timestamp=1779861867948, timestamp=1779861867948, status=UP}
2026-05-27 15:04:30.812 [pool-1-thread-8] INFO  com.fbp.engine.node.impl.LogNode - [15:04:30.812][logger] {tick=404, __inPort=in, check_timestamp=1779861870812, timestamp=1779861870811, status=UP}
2026-05-27 15:04:32.948 [pool-1-thread-8] INFO  com.fbp.engine.node.impl.LogNode - [15:04:32.948][logger] {tick=405, __inPort=in, check_timestamp=1779861872948, timestamp=1779861872948, status=UP}
2026-05-27 15:04:35.812 [pool-1-thread-8] INFO  com.fbp.engine.node.impl.LogNode - [15:04:35.812][logger] {tick=406, __inPort=in, check_timestamp=1779861875812, timestamp=1779861875811, status=UP}
2026-05-27 15:04:36.806 [pool-3-thread-1] INFO  c.f.engine.metrics.MetricsCollector - [MetricsCollector] 8건 메트릭 InfluxDB 적재 완료
2026-05-27 15:04:37.949 [pool-1-thread-8] INFO  com.fbp.engine.node.impl.LogNode - [15:04:37.948][logger] {tick=407, __inPort=in, check_timestamp=1779861877948, timestamp=1779861877948, status=UP}
2026-05-27 15:04:40.812 [pool-1-thread-8] INFO  com.fbp.engine.node.impl.LogNode - [15:04:40.811][logger] {tick=408, __inPort=in, check_timestamp=1779861880811, timestamp=1779861880811, status=UP}
2026-05-27 15:04:42.946 [pool-1-thread-8] INFO  com.fbp.engine.node.impl.LogNode - [15:04:42.946][logger] {tick=409, __inPort=in, check_timestamp=1779861882946, timestamp=1779861882946, status=UP}
2026-05-27 15:04:45.809 [pool-1-thread-8] INFO  com.fbp.engine.node.impl.LogNode - [15:04:45.809][logger] {tick=410, __inPort=in, check_timestamp=1779861885809, timestamp=1779861885809, status=UP}
2026-05-27 15:04:46.806 [pool-3-thread-1] INFO  c.f.engine.metrics.MetricsCollector - [MetricsCollector] 8건 메트릭 InfluxDB 적재 완료
2026-05-27 15:04:47.948 [pool-1-thread-8] INFO  com.fbp.engine.node.impl.LogNode - [15:04:47.948][logger] {tick=411, __inPort=in, check_timestamp=1779861887948, timestamp=1779861887947, status=UP}
2026-05-27 15:04:50.812 [pool-1-thread-8] INFO  com.fbp.engine.node.impl.LogNode - [15:04:50.812][logger] {tick=412, __inPort=in, check_timestamp=1779861890812, timestamp=1779861890811, status=UP}
2026-05-27 15:04:52.944 [pool-1-thread-8] INFO  com.fbp.engine.node.impl.LogNode - [15:04:52.944][logger] {tick=413, __inPort=in, check_timestamp=1779861892944, timestamp=1779861892944, status=UP}
2026-05-27 15:04:55.811 [pool-1-thread-8] INFO  com.fbp.engine.node.impl.LogNode - [15:04:55.811][logger] {tick=414, __inPort=in, check_timestamp=1779861895811, timestamp=1779861895811, status=UP}
2026-05-27 15:04:56.807 [pool-3-thread-1] INFO  c.f.engine.metrics.MetricsCollector - [MetricsCollector] 8건 메트릭 InfluxDB 적재 완료
2026-05-27 15:04:57.947 [pool-1-thread-8] INFO  com.fbp.engine.node.impl.LogNode - [15:04:57.947][logger] {tick=415, __inPort=in, check_timestamp=1779861897947, timestamp=1779861897947, status=UP}
2026-05-27 15:05:00.810 [pool-1-thread-8] INFO  com.fbp.engine.node.impl.LogNode - [15:05:00.810][logger] {tick=416, __inPort=in, check_timestamp=1779861900809, timestamp=1779861900809, status=UP}
2026-05-27 15:05:02.947 [pool-1-thread-8] INFO  com.fbp.engine.node.impl.LogNode - [15:05:02.947][logger] {tick=417, __inPort=in, check_timestamp=1779861902947, timestamp=1779861902946, status=UP}
2026-05-27 15:05:05.807 [pool-1-thread-8] INFO  com.fbp.engine.node.impl.LogNode - [15:05:05.807][logger] {tick=418, __inPort=in, check_timestamp=1779861905807, timestamp=1779861905806, status=UP}
2026-05-27 15:05:06.805 [pool-3-thread-1] INFO  c.f.engine.metrics.MetricsCollector - [MetricsCollector] 8건 메트릭 InfluxDB 적재 완료
2026-05-27 15:05:07.945 [pool-1-thread-8] INFO  com.fbp.engine.node.impl.LogNode - [15:05:07.945][logger] {tick=419, __inPort=in, check_timestamp=1779861907945, timestamp=1779861907945, status=UP}
2026-05-27 15:05:10.810 [pool-1-thread-8] INFO  com.fbp.engine.node.impl.LogNode - [15:05:10.810][logger] {tick=420, __inPort=in, check_timestamp=1779861910810, timestamp=1779861910810, status=UP}
2026-05-27 15:05:12.948 [pool-1-thread-8] INFO  com.fbp.engine.node.impl.LogNode - [15:05:12.948][logger] {tick=421, __inPort=in, check_timestamp=1779861912948, timestamp=1779861912948, status=UP}
2026-05-27 15:05:15.809 [pool-1-thread-8] INFO  com.fbp.engine.node.impl.LogNode - [15:05:15.809][logger] {tick=422, __inPort=in, check_timestamp=1779861915809, timestamp=1779861915808, status=UP}
2026-05-27 15:05:16.799 [pool-3-thread-1] INFO  c.f.engine.metrics.MetricsCollector - [MetricsCollector] 8건 메트릭 InfluxDB 적재 완료
2026-05-27 15:05:17.948 [pool-1-thread-8] INFO  com.fbp.engine.node.impl.LogNode - [15:05:17.948][logger] {tick=423, __inPort=in, check_timestamp=1779861917948, timestamp=1779861917948, status=UP}
2026-05-27 15:05:20.807 [pool-1-thread-8] INFO  com.fbp.engine.node.impl.LogNode - [15:05:20.807][logger] {tick=424, __inPort=in, check_timestamp=1779861920807, timestamp=1779861920807, status=UP}
2026-05-27 15:05:22.948 [pool-1-thread-8] INFO  com.fbp.engine.node.impl.LogNode - [15:05:22.948][logger] {tick=425, __inPort=in, check_timestamp=1779861922948, timestamp=1779861922948, status=UP}
2026-05-27 15:05:25.811 [pool-1-thread-8] INFO  com.fbp.engine.node.impl.LogNode - [15:05:25.811][logger] {tick=426, __inPort=in, check_timestamp=1779861925811, timestamp=1779861925810, status=UP}
2026-05-27 15:05:26.802 [pool-3-thread-1] INFO  c.f.engine.metrics.MetricsCollector - [MetricsCollector] 8건 메트릭 InfluxDB 적재 완료
2026-05-27 15:05:27.944 [pool-1-thread-8] INFO  com.fbp.engine.node.impl.LogNode - [15:05:27.944][logger] {tick=427, __inPort=in, check_timestamp=1779861927944, timestamp=1779861927944, status=UP}
2026-05-27 15:05:30.811 [pool-1-thread-8] INFO  com.fbp.engine.node.impl.LogNode - [15:05:30.811][logger] {tick=428, __inPort=in, check_timestamp=1779861930811, timestamp=1779861930811, status=UP}
2026-05-27 15:05:32.948 [pool-1-thread-8] INFO  com.fbp.engine.node.impl.LogNode - [15:05:32.948][logger] {tick=429, __inPort=in, check_timestamp=1779861932947, timestamp=1779861932947, status=UP}
2026-05-27 15:05:35.808 [pool-1-thread-8] INFO  com.fbp.engine.node.impl.LogNode - [15:05:35.808][logger] {tick=430, __inPort=in, check_timestamp=1779861935808, timestamp=1779861935808, status=UP}
2026-05-27 15:05:36.807 [pool-3-thread-1] INFO  c.f.engine.metrics.MetricsCollector - [MetricsCollector] 8건 메트릭 InfluxDB 적재 완료
2026-05-27 15:05:37.948 [pool-1-thread-8] INFO  com.fbp.engine.node.impl.LogNode - [15:05:37.948][logger] {tick=431, __inPort=in, check_timestamp=1779861937948, timestamp=1779861937948, status=UP}
2026-05-27 15:05:40.811 [pool-1-thread-8] INFO  com.fbp.engine.node.impl.LogNode - [15:05:40.811][logger] {tick=432, __inPort=in, check_timestamp=1779861940811, timestamp=1779861940811, status=UP}
2026-05-27 15:05:42.948 [pool-1-thread-8] INFO  com.fbp.engine.node.impl.LogNode - [15:05:42.948][logger] {tick=433, __inPort=in, check_timestamp=1779861942948, timestamp=1779861942948, status=UP}
2026-05-27 15:05:45.810 [pool-1-thread-8] INFO  com.fbp.engine.node.impl.LogNode - [15:05:45.809][logger] {tick=434, __inPort=in, check_timestamp=1779861945809, timestamp=1779861945809, status=UP}
2026-05-27 15:05:46.804 [pool-3-thread-1] INFO  c.f.engine.metrics.MetricsCollector - [MetricsCollector] 8건 메트릭 InfluxDB 적재 완료
2026-05-27 15:05:47.947 [pool-1-thread-8] INFO  com.fbp.engine.node.impl.LogNode - [15:05:47.947][logger] {tick=435, __inPort=in, check_timestamp=1779861947947, timestamp=1779861947947, status=UP}
2026-05-27 15:05:50.811 [pool-1-thread-8] INFO  com.fbp.engine.node.impl.LogNode - [15:05:50.811][logger] {tick=436, __inPort=in, check_timestamp=1779861950811, timestamp=1779861950811, status=UP}
2026-05-27 15:05:52.948 [pool-1-thread-8] INFO  com.fbp.engine.node.impl.LogNode - [15:05:52.948][logger] {tick=437, __inPort=in, check_timestamp=1779861952948, timestamp=1779861952948, status=UP}
2026-05-27 15:05:55.811 [pool-1-thread-8] INFO  com.fbp.engine.node.impl.LogNode - [15:05:55.811][logger] {tick=438, __inPort=in, check_timestamp=1779861955811, timestamp=1779861955811, status=UP}
2026-05-27 15:05:56.804 [pool-3-thread-1] INFO  c.f.engine.metrics.MetricsCollector - [MetricsCollector] 8건 메트릭 InfluxDB 적재 완료
2026-05-27 15:05:57.948 [pool-1-thread-8] INFO  com.fbp.engine.node.impl.LogNode - [15:05:57.948][logger] {tick=439, __inPort=in, check_timestamp=1779861957948, timestamp=1779861957948, status=UP}
2026-05-27 15:06:00.811 [pool-1-thread-8] INFO  com.fbp.engine.node.impl.LogNode - [15:06:00.811][logger] {tick=440, __inPort=in, check_timestamp=1779861960811, timestamp=1779861960810, status=UP}
2026-05-27 15:06:02.948 [pool-1-thread-8] INFO  com.fbp.engine.node.impl.LogNode - [15:06:02.948][logger] {tick=441, __inPort=in, check_timestamp=1779861962948, timestamp=1779861962948, status=UP}
2026-05-27 15:06:05.811 [pool-1-thread-8] INFO  com.fbp.engine.node.impl.LogNode - [15:06:05.811][logger] {tick=442, __inPort=in, check_timestamp=1779861965811, timestamp=1779861965811, status=UP}
2026-05-27 15:06:06.804 [pool-3-thread-1] INFO  c.f.engine.metrics.MetricsCollector - [MetricsCollector] 8건 메트릭 InfluxDB 적재 완료
2026-05-27 15:06:07.947 [pool-1-thread-8] INFO  com.fbp.engine.node.impl.LogNode - [15:06:07.947][logger] {tick=443, __inPort=in, check_timestamp=1779861967946, timestamp=1779861967946, status=UP}
2026-05-27 15:06:10.808 [pool-1-thread-8] INFO  com.fbp.engine.node.impl.LogNode - [15:06:10.808][logger] {tick=444, __inPort=in, check_timestamp=1779861970808, timestamp=1779861970808, status=UP}
2026-05-27 15:06:12.946 [pool-1-thread-8] INFO  com.fbp.engine.node.impl.LogNode - [15:06:12.946][logger] {tick=445, __inPort=in, check_timestamp=1779861972946, timestamp=1779861972945, status=UP}
2026-05-27 15:06:15.808 [pool-1-thread-8] INFO  com.fbp.engine.node.impl.LogNode - [15:06:15.808][logger] {tick=446, __inPort=in, check_timestamp=1779861975807, timestamp=1779861975807, status=UP}
2026-05-27 15:06:16.803 [pool-3-thread-1] INFO  c.f.engine.metrics.MetricsCollector - [MetricsCollector] 8건 메트릭 InfluxDB 적재 완료
2026-05-27 15:06:17.947 [pool-1-thread-8] INFO  com.fbp.engine.node.impl.LogNode - [15:06:17.947][logger] {tick=447, __inPort=in, check_timestamp=1779861977947, timestamp=1779861977947, status=UP}
2026-05-27 15:06:20.811 [pool-1-thread-8] INFO  com.fbp.engine.node.impl.LogNode - [15:06:20.811][logger] {tick=448, __inPort=in, check_timestamp=1779861980811, timestamp=1779861980811, status=UP}
2026-05-27 15:06:22.943 [pool-1-thread-8] INFO  com.fbp.engine.node.impl.LogNode - [15:06:22.943][logger] {tick=449, __inPort=in, check_timestamp=1779861982943, timestamp=1779861982943, status=UP}
2026-05-27 15:06:25.807 [pool-1-thread-8] INFO  com.fbp.engine.node.impl.LogNode - [15:06:25.807][logger] {tick=450, __inPort=in, check_timestamp=1779861985807, timestamp=1779861985807, status=UP}
2026-05-27 15:06:26.797 [pool-3-thread-1] INFO  c.f.engine.metrics.MetricsCollector - [MetricsCollector] 8건 메트릭 InfluxDB 적재 완료
2026-05-27 15:06:27.948 [pool-1-thread-8] INFO  com.fbp.engine.node.impl.LogNode - [15:06:27.948][logger] {tick=451, __inPort=in, check_timestamp=1779861987948, timestamp=1779861987948, status=UP}
2026-05-27 15:06:30.808 [pool-1-thread-8] INFO  com.fbp.engine.node.impl.LogNode - [15:06:30.808][logger] {tick=452, __inPort=in, check_timestamp=1779861990808, timestamp=1779861990808, status=UP}
2026-05-27 15:06:32.945 [pool-1-thread-8] INFO  com.fbp.engine.node.impl.LogNode - [15:06:32.945][logger] {tick=453, __inPort=in, check_timestamp=1779861992945, timestamp=1779861992945, status=UP}
2026-05-27 15:06:35.811 [pool-1-thread-8] INFO  com.fbp.engine.node.impl.LogNode - [15:06:35.811][logger] {tick=454, __inPort=in, check_timestamp=1779861995811, timestamp=1779861995811, status=UP}
2026-05-27 15:06:36.816 [pool-3-thread-1] INFO  c.f.engine.metrics.MetricsCollector - [MetricsCollector] 8건 메트릭 InfluxDB 적재 완료
2026-05-27 15:06:37.947 [pool-1-thread-8] INFO  com.fbp.engine.node.impl.LogNode - [15:06:37.947][logger] {tick=455, __inPort=in, check_timestamp=1779861997947, timestamp=1779861997947, status=UP}
2026-05-27 15:06:40.810 [pool-1-thread-8] INFO  com.fbp.engine.node.impl.LogNode - [15:06:40.810][logger] {tick=456, __inPort=in, check_timestamp=1779862000810, timestamp=1779862000810, status=UP}
2026-05-27 15:06:42.947 [pool-1-thread-8] INFO  com.fbp.engine.node.impl.LogNode - [15:06:42.947][logger] {tick=457, __inPort=in, check_timestamp=1779862002946, timestamp=1779862002946, status=UP}
2026-05-27 15:06:45.810 [pool-1-thread-8] INFO  com.fbp.engine.node.impl.LogNode - [15:06:45.809][logger] {tick=458, __inPort=in, check_timestamp=1779862005809, timestamp=1779862005809, status=UP}
2026-05-27 15:06:46.806 [pool-3-thread-1] INFO  c.f.engine.metrics.MetricsCollector - [MetricsCollector] 8건 메트릭 InfluxDB 적재 완료
2026-05-27 15:06:47.948 [pool-1-thread-8] INFO  com.fbp.engine.node.impl.LogNode - [15:06:47.948][logger] {tick=459, __inPort=in, check_timestamp=1779862007948, timestamp=1779862007948, status=UP}
2026-05-27 15:06:50.811 [pool-1-thread-8] INFO  com.fbp.engine.node.impl.LogNode - [15:06:50.811][logger] {tick=460, __inPort=in, check_timestamp=1779862010811, timestamp=1779862010811, status=UP}
2026-05-27 15:06:52.948 [pool-1-thread-8] INFO  com.fbp.engine.node.impl.LogNode - [15:06:52.948][logger] {tick=461, __inPort=in, check_timestamp=1779862012947, timestamp=1779862012947, status=UP}
2026-05-27 15:06:55.811 [pool-1-thread-8] INFO  com.fbp.engine.node.impl.LogNode - [15:06:55.811][logger] {tick=462, __inPort=in, check_timestamp=1779862015811, timestamp=1779862015811, status=UP}
2026-05-27 15:06:56.806 [pool-3-thread-1] INFO  c.f.engine.metrics.MetricsCollector - [MetricsCollector] 8건 메트릭 InfluxDB 적재 완료
2026-05-27 15:06:57.945 [pool-1-thread-8] INFO  com.fbp.engine.node.impl.LogNode - [15:06:57.945][logger] {tick=463, __inPort=in, check_timestamp=1779862017945, timestamp=1779862017944, status=UP}
2026-05-27 15:07:00.807 [pool-1-thread-8] INFO  com.fbp.engine.node.impl.LogNode - [15:07:00.807][logger] {tick=464, __inPort=in, check_timestamp=1779862020807, timestamp=1779862020806, status=UP}
2026-05-27 15:07:02.944 [pool-1-thread-8] INFO  com.fbp.engine.node.impl.LogNode - [15:07:02.944][logger] {tick=465, __inPort=in, check_timestamp=1779862022943, timestamp=1779862022943, status=UP}
2026-05-27 15:07:05.808 [pool-1-thread-8] INFO  com.fbp.engine.node.impl.LogNode - [15:07:05.808][logger] {tick=466, __inPort=in, check_timestamp=1779862025808, timestamp=1779862025808, status=UP}
2026-05-27 15:07:06.803 [pool-3-thread-1] INFO  c.f.engine.metrics.MetricsCollector - [MetricsCollector] 8건 메트릭 InfluxDB 적재 완료
2026-05-27 15:07:07.944 [pool-1-thread-8] INFO  com.fbp.engine.node.impl.LogNode - [15:07:07.944][logger] {tick=467, __inPort=in, check_timestamp=1779862027944, timestamp=1779862027944, status=UP}
2026-05-27 15:07:10.811 [pool-1-thread-8] INFO  com.fbp.engine.node.impl.LogNode - [15:07:10.811][logger] {tick=468, __inPort=in, check_timestamp=1779862030811, timestamp=1779862030811, status=UP}
2026-05-27 15:07:12.945 [pool-1-thread-8] INFO  com.fbp.engine.node.impl.LogNode - [15:07:12.945][logger] {tick=469, __inPort=in, check_timestamp=1779862032945, timestamp=1779862032945, status=UP}
2026-05-27 15:07:15.811 [pool-1-thread-8] INFO  com.fbp.engine.node.impl.LogNode - [15:07:15.811][logger] {tick=470, __inPort=in, check_timestamp=1779862035811, timestamp=1779862035811, status=UP}
2026-05-27 15:07:16.810 [pool-3-thread-1] INFO  c.f.engine.metrics.MetricsCollector - [MetricsCollector] 8건 메트릭 InfluxDB 적재 완료
2026-05-27 15:07:17.948 [pool-1-thread-8] INFO  com.fbp.engine.node.impl.LogNode - [15:07:17.948][logger] {tick=471, __inPort=in, check_timestamp=1779862037948, timestamp=1779862037947, status=UP}
2026-05-27 15:07:20.811 [pool-1-thread-8] INFO  com.fbp.engine.node.impl.LogNode - [15:07:20.811][logger] {tick=472, __inPort=in, check_timestamp=1779862040811, timestamp=1779862040811, status=UP}
2026-05-27 15:07:22.947 [pool-1-thread-8] INFO  com.fbp.engine.node.impl.LogNode - [15:07:22.947][logger] {tick=473, __inPort=in, check_timestamp=1779862042947, timestamp=1779862042947, status=UP}
2026-05-27 15:07:25.806 [pool-1-thread-8] INFO  com.fbp.engine.node.impl.LogNode - [15:07:25.806][logger] {tick=474, __inPort=in, check_timestamp=1779862045806, timestamp=1779862045806, status=UP}
2026-05-27 15:07:26.803 [pool-3-thread-1] INFO  c.f.engine.metrics.MetricsCollector - [MetricsCollector] 8건 메트릭 InfluxDB 적재 완료
2026-05-27 15:07:27.948 [pool-1-thread-8] INFO  com.fbp.engine.node.impl.LogNode - [15:07:27.948][logger] {tick=475, __inPort=in, check_timestamp=1779862047948, timestamp=1779862047947, status=UP}
2026-05-27 15:07:30.810 [pool-1-thread-8] INFO  com.fbp.engine.node.impl.LogNode - [15:07:30.810][logger] {tick=476, __inPort=in, check_timestamp=1779862050810, timestamp=1779862050810, status=UP}
2026-05-27 15:07:32.947 [pool-1-thread-8] INFO  com.fbp.engine.node.impl.LogNode - [15:07:32.947][logger] {tick=477, __inPort=in, check_timestamp=1779862052947, timestamp=1779862052947, status=UP}
2026-05-27 15:07:35.807 [pool-1-thread-8] INFO  com.fbp.engine.node.impl.LogNode - [15:07:35.807][logger] {tick=478, __inPort=in, check_timestamp=1779862055807, timestamp=1779862055807, status=UP}
2026-05-27 15:07:36.802 [pool-3-thread-1] INFO  c.f.engine.metrics.MetricsCollector - [MetricsCollector] 8건 메트릭 InfluxDB 적재 완료
2026-05-27 15:07:37.946 [pool-1-thread-8] INFO  com.fbp.engine.node.impl.LogNode - [15:07:37.946][logger] {tick=479, __inPort=in, check_timestamp=1779862057946, timestamp=1779862057946, status=UP}
2026-05-27 15:07:40.809 [pool-1-thread-8] INFO  com.fbp.engine.node.impl.LogNode - [15:07:40.809][logger] {tick=480, __inPort=in, check_timestamp=1779862060809, timestamp=1779862060808, status=UP}
2026-05-27 15:07:42.948 [pool-1-thread-8] INFO  com.fbp.engine.node.impl.LogNode - [15:07:42.948][logger] {tick=481, __inPort=in, check_timestamp=1779862062948, timestamp=1779862062947, status=UP}
2026-05-27 15:07:45.808 [pool-1-thread-8] INFO  com.fbp.engine.node.impl.LogNode - [15:07:45.808][logger] {tick=482, __inPort=in, check_timestamp=1779862065808, timestamp=1779862065808, status=UP}
2026-05-27 15:07:46.804 [pool-3-thread-1] INFO  c.f.engine.metrics.MetricsCollector - [MetricsCollector] 8건 메트릭 InfluxDB 적재 완료
2026-05-27 15:07:47.946 [pool-1-thread-8] INFO  com.fbp.engine.node.impl.LogNode - [15:07:47.946][logger] {tick=483, __inPort=in, check_timestamp=1779862067946, timestamp=1779862067946, status=UP}
2026-05-27 15:07:50.811 [pool-1-thread-8] INFO  com.fbp.engine.node.impl.LogNode - [15:07:50.811][logger] {tick=484, __inPort=in, check_timestamp=1779862070811, timestamp=1779862070811, status=UP}
2026-05-27 15:07:52.943 [pool-1-thread-8] INFO  com.fbp.engine.node.impl.LogNode - [15:07:52.943][logger] {tick=485, __inPort=in, check_timestamp=1779862072943, timestamp=1779862072942, status=UP}
2026-05-27 15:07:55.811 [pool-1-thread-8] INFO  com.fbp.engine.node.impl.LogNode - [15:07:55.811][logger] {tick=486, __inPort=in, check_timestamp=1779862075811, timestamp=1779862075810, status=UP}
2026-05-27 15:07:56.806 [pool-3-thread-1] INFO  c.f.engine.metrics.MetricsCollector - [MetricsCollector] 8건 메트릭 InfluxDB 적재 완료
2026-05-27 15:07:57.945 [pool-1-thread-8] INFO  com.fbp.engine.node.impl.LogNode - [15:07:57.945][logger] {tick=487, __inPort=in, check_timestamp=1779862077945, timestamp=1779862077945, status=UP}
2026-05-27 15:08:00.811 [pool-1-thread-8] INFO  com.fbp.engine.node.impl.LogNode - [15:08:00.811][logger] {tick=488, __inPort=in, check_timestamp=1779862080811, timestamp=1779862080811, status=UP}
2026-05-27 15:08:02.947 [pool-1-thread-8] INFO  com.fbp.engine.node.impl.LogNode - [15:08:02.947][logger] {tick=489, __inPort=in, check_timestamp=1779862082947, timestamp=1779862082947, status=UP}
2026-05-27 15:08:05.806 [pool-1-thread-8] INFO  com.fbp.engine.node.impl.LogNode - [15:08:05.806][logger] {tick=490, __inPort=in, check_timestamp=1779862085806, timestamp=1779862085806, status=UP}
2026-05-27 15:08:06.802 [pool-3-thread-1] INFO  c.f.engine.metrics.MetricsCollector - [MetricsCollector] 8건 메트릭 InfluxDB 적재 완료
2026-05-27 15:08:07.948 [pool-1-thread-8] INFO  com.fbp.engine.node.impl.LogNode - [15:08:07.948][logger] {tick=491, __inPort=in, check_timestamp=1779862087948, timestamp=1779862087947, status=UP}
2026-05-27 15:08:10.810 [pool-1-thread-8] INFO  com.fbp.engine.node.impl.LogNode - [15:08:10.810][logger] {tick=492, __inPort=in, check_timestamp=1779862090810, timestamp=1779862090810, status=UP}
2026-05-27 15:08:12.947 [pool-1-thread-8] INFO  com.fbp.engine.node.impl.LogNode - [15:08:12.947][logger] {tick=493, __inPort=in, check_timestamp=1779862092947, timestamp=1779862092947, status=UP}
2026-05-27 15:08:15.810 [pool-1-thread-8] INFO  com.fbp.engine.node.impl.LogNode - [15:08:15.810][logger] {tick=494, __inPort=in, check_timestamp=1779862095810, timestamp=1779862095809, status=UP}
2026-05-27 15:08:16.805 [pool-3-thread-1] INFO  c.f.engine.metrics.MetricsCollector - [MetricsCollector] 8건 메트릭 InfluxDB 적재 완료
2026-05-27 15:08:17.948 [pool-1-thread-8] INFO  com.fbp.engine.node.impl.LogNode - [15:08:17.948][logger] {tick=495, __inPort=in, check_timestamp=1779862097948, timestamp=1779862097947, status=UP}
2026-05-27 15:08:20.807 [pool-1-thread-8] INFO  com.fbp.engine.node.impl.LogNode - [15:08:20.807][logger] {tick=496, __inPort=in, check_timestamp=1779862100807, timestamp=1779862100806, status=UP}
2026-05-27 15:08:22.948 [pool-1-thread-8] INFO  com.fbp.engine.node.impl.LogNode - [15:08:22.948][logger] {tick=497, __inPort=in, check_timestamp=1779862102948, timestamp=1779862102947, status=UP}
2026-05-27 15:08:25.806 [pool-1-thread-8] INFO  com.fbp.engine.node.impl.LogNode - [15:08:25.806][logger] {tick=498, __inPort=in, check_timestamp=1779862105806, timestamp=1779862105806, status=UP}
2026-05-27 15:08:26.805 [pool-3-thread-1] INFO  c.f.engine.metrics.MetricsCollector - [MetricsCollector] 8건 메트릭 InfluxDB 적재 완료
2026-05-27 15:08:27.948 [pool-1-thread-8] INFO  com.fbp.engine.node.impl.LogNode - [15:08:27.948][logger] {tick=499, __inPort=in, check_timestamp=1779862107947, timestamp=1779862107947, status=UP}
2026-05-27 15:08:30.810 [pool-1-thread-8] INFO  com.fbp.engine.node.impl.LogNode - [15:08:30.810][logger] {tick=500, __inPort=in, check_timestamp=1779862110810, timestamp=1779862110810, status=UP}
2026-05-27 15:08:32.948 [pool-1-thread-8] INFO  com.fbp.engine.node.impl.LogNode - [15:08:32.948][logger] {tick=501, __inPort=in, check_timestamp=1779862112948, timestamp=1779862112947, status=UP}
2026-05-27 15:08:35.811 [pool-1-thread-8] INFO  com.fbp.engine.node.impl.LogNode - [15:08:35.810][logger] {tick=502, __inPort=in, check_timestamp=1779862115810, timestamp=1779862115810, status=UP}
2026-05-27 15:08:36.805 [pool-3-thread-1] INFO  c.f.engine.metrics.MetricsCollector - [MetricsCollector] 8건 메트릭 InfluxDB 적재 완료
2026-05-27 15:08:37.945 [pool-1-thread-8] INFO  com.fbp.engine.node.impl.LogNode - [15:08:37.945][logger] {tick=503, __inPort=in, check_timestamp=1779862117945, timestamp=1779862117945, status=UP}
2026-05-27 15:08:40.808 [pool-1-thread-8] INFO  com.fbp.engine.node.impl.LogNode - [15:08:40.808][logger] {tick=504, __inPort=in, check_timestamp=1779862120808, timestamp=1779862120808, status=UP}
2026-05-27 15:08:42.946 [pool-1-thread-8] INFO  com.fbp.engine.node.impl.LogNode - [15:08:42.946][logger] {tick=505, __inPort=in, check_timestamp=1779862122946, timestamp=1779862122946, status=UP}
2026-05-27 15:08:45.808 [pool-1-thread-8] INFO  com.fbp.engine.node.impl.LogNode - [15:08:45.808][logger] {tick=506, __inPort=in, check_timestamp=1779862125807, timestamp=1779862125807, status=UP}
2026-05-27 15:08:46.803 [pool-3-thread-1] INFO  c.f.engine.metrics.MetricsCollector - [MetricsCollector] 8건 메트릭 InfluxDB 적재 완료
2026-05-27 15:08:47.947 [pool-1-thread-8] INFO  com.fbp.engine.node.impl.LogNode - [15:08:47.947][logger] {tick=507, __inPort=in, check_timestamp=1779862127947, timestamp=1779862127947, status=UP}
2026-05-27 15:08:50.809 [pool-1-thread-8] INFO  com.fbp.engine.node.impl.LogNode - [15:08:50.809][logger] {tick=508, __inPort=in, check_timestamp=1779862130809, timestamp=1779862130809, status=UP}
2026-05-27 15:08:52.948 [pool-1-thread-8] INFO  com.fbp.engine.node.impl.LogNode - [15:08:52.948][logger] {tick=509, __inPort=in, check_timestamp=1779862132947, timestamp=1779862132947, status=UP}
2026-05-27 15:08:55.811 [pool-1-thread-8] INFO  com.fbp.engine.node.impl.LogNode - [15:08:55.811][logger] {tick=510, __inPort=in, check_timestamp=1779862135810, timestamp=1779862135810, status=UP}
2026-05-27 15:08:56.802 [pool-3-thread-1] INFO  c.f.engine.metrics.MetricsCollector - [MetricsCollector] 8건 메트릭 InfluxDB 적재 완료
2026-05-27 15:08:57.946 [pool-1-thread-8] INFO  com.fbp.engine.node.impl.LogNode - [15:08:57.946][logger] {tick=511, __inPort=in, check_timestamp=1779862137946, timestamp=1779862137945, status=UP}
2026-05-27 15:09:00.811 [pool-1-thread-8] INFO  com.fbp.engine.node.impl.LogNode - [15:09:00.811][logger] {tick=512, __inPort=in, check_timestamp=1779862140811, timestamp=1779862140810, status=UP}
2026-05-27 15:09:02.948 [pool-1-thread-8] INFO  com.fbp.engine.node.impl.LogNode - [15:09:02.947][logger] {tick=513, __inPort=in, check_timestamp=1779862142947, timestamp=1779862142947, status=UP}
2026-05-27 15:09:05.811 [pool-1-thread-8] INFO  com.fbp.engine.node.impl.LogNode - [15:09:05.811][logger] {tick=514, __inPort=in, check_timestamp=1779862145811, timestamp=1779862145810, status=UP}
2026-05-27 15:09:06.805 [pool-3-thread-1] INFO  c.f.engine.metrics.MetricsCollector - [MetricsCollector] 8건 메트릭 InfluxDB 적재 완료
2026-05-27 15:09:07.944 [pool-1-thread-8] INFO  com.fbp.engine.node.impl.LogNode - [15:09:07.944][logger] {tick=515, __inPort=in, check_timestamp=1779862147944, timestamp=1779862147944, status=UP}
2026-05-27 15:09:10.809 [pool-1-thread-8] INFO  com.fbp.engine.node.impl.LogNode - [15:09:10.808][logger] {tick=516, __inPort=in, check_timestamp=1779862150808, timestamp=1779862150808, status=UP}
2026-05-27 15:09:12.948 [pool-1-thread-8] INFO  com.fbp.engine.node.impl.LogNode - [15:09:12.947][logger] {tick=517, __inPort=in, check_timestamp=1779862152947, timestamp=1779862152947, status=UP}
2026-05-27 15:09:15.811 [pool-1-thread-8] INFO  com.fbp.engine.node.impl.LogNode - [15:09:15.811][logger] {tick=518, __inPort=in, check_timestamp=1779862155811, timestamp=1779862155810, status=UP}
2026-05-27 15:09:16.806 [pool-3-thread-1] INFO  c.f.engine.metrics.MetricsCollector - [MetricsCollector] 8건 메트릭 InfluxDB 적재 완료
2026-05-27 15:09:17.945 [pool-1-thread-8] INFO  com.fbp.engine.node.impl.LogNode - [15:09:17.945][logger] {tick=519, __inPort=in, check_timestamp=1779862157945, timestamp=1779862157945, status=UP}
2026-05-27 15:09:20.807 [pool-1-thread-8] INFO  com.fbp.engine.node.impl.LogNode - [15:09:20.807][logger] {tick=520, __inPort=in, check_timestamp=1779862160807, timestamp=1779862160807, status=UP}
2026-05-27 15:09:22.947 [pool-1-thread-8] INFO  com.fbp.engine.node.impl.LogNode - [15:09:22.947][logger] {tick=521, __inPort=in, check_timestamp=1779862162947, timestamp=1779862162947, status=UP}
2026-05-27 15:09:25.809 [pool-1-thread-8] INFO  com.fbp.engine.node.impl.LogNode - [15:09:25.809][logger] {tick=522, __inPort=in, check_timestamp=1779862165809, timestamp=1779862165809, status=UP}
2026-05-27 15:09:26.804 [pool-3-thread-1] INFO  c.f.engine.metrics.MetricsCollector - [MetricsCollector] 8건 메트릭 InfluxDB 적재 완료
2026-05-27 15:09:27.948 [pool-1-thread-8] INFO  com.fbp.engine.node.impl.LogNode - [15:09:27.948][logger] {tick=523, __inPort=in, check_timestamp=1779862167948, timestamp=1779862167947, status=UP}
2026-05-27 15:09:30.807 [pool-1-thread-8] INFO  com.fbp.engine.node.impl.LogNode - [15:09:30.807][logger] {tick=524, __inPort=in, check_timestamp=1779862170807, timestamp=1779862170807, status=UP}
2026-05-27 15:09:32.947 [pool-1-thread-8] INFO  com.fbp.engine.node.impl.LogNode - [15:09:32.947][logger] {tick=525, __inPort=in, check_timestamp=1779862172947, timestamp=1779862172947, status=UP}
2026-05-27 15:09:35.811 [pool-1-thread-8] INFO  com.fbp.engine.node.impl.LogNode - [15:09:35.811][logger] {tick=526, __inPort=in, check_timestamp=1779862175811, timestamp=1779862175810, status=UP}
2026-05-27 15:09:36.804 [pool-3-thread-1] INFO  c.f.engine.metrics.MetricsCollector - [MetricsCollector] 8건 메트릭 InfluxDB 적재 완료
2026-05-27 15:09:37.947 [pool-1-thread-8] INFO  com.fbp.engine.node.impl.LogNode - [15:09:37.947][logger] {tick=527, __inPort=in, check_timestamp=1779862177947, timestamp=1779862177947, status=UP}
2026-05-27 15:09:40.810 [pool-1-thread-8] INFO  com.fbp.engine.node.impl.LogNode - [15:09:40.810][logger] {tick=528, __inPort=in, check_timestamp=1779862180810, timestamp=1779862180810, status=UP}
2026-05-27 15:09:42.947 [pool-1-thread-8] INFO  com.fbp.engine.node.impl.LogNode - [15:09:42.947][logger] {tick=529, __inPort=in, check_timestamp=1779862182947, timestamp=1779862182946, status=UP}
2026-05-27 15:09:45.810 [pool-1-thread-8] INFO  com.fbp.engine.node.impl.LogNode - [15:09:45.810][logger] {tick=530, __inPort=in, check_timestamp=1779862185810, timestamp=1779862185809, status=UP}
2026-05-27 15:09:46.804 [pool-3-thread-1] INFO  c.f.engine.metrics.MetricsCollector - [MetricsCollector] 8건 메트릭 InfluxDB 적재 완료
2026-05-27 15:09:47.945 [pool-1-thread-8] INFO  com.fbp.engine.node.impl.LogNode - [15:09:47.945][logger] {tick=531, __inPort=in, check_timestamp=1779862187945, timestamp=1779862187945, status=UP}
2026-05-27 15:09:50.806 [pool-1-thread-8] INFO  com.fbp.engine.node.impl.LogNode - [15:09:50.806][logger] {tick=532, __inPort=in, check_timestamp=1779862190806, timestamp=1779862190806, status=UP}
2026-05-27 15:09:52.947 [pool-1-thread-8] INFO  com.fbp.engine.node.impl.LogNode - [15:09:52.947][logger] {tick=533, __inPort=in, check_timestamp=1779862192947, timestamp=1779862192947, status=UP}
2026-05-27 15:09:55.808 [pool-1-thread-8] INFO  com.fbp.engine.node.impl.LogNode - [15:09:55.808][logger] {tick=534, __inPort=in, check_timestamp=1779862195808, timestamp=1779862195808, status=UP}
2026-05-27 15:09:56.805 [pool-3-thread-1] INFO  c.f.engine.metrics.MetricsCollector - [MetricsCollector] 8건 메트릭 InfluxDB 적재 완료
2026-05-27 15:09:57.943 [pool-1-thread-8] INFO  com.fbp.engine.node.impl.LogNode - [15:09:57.943][logger] {tick=535, __inPort=in, check_timestamp=1779862197943, timestamp=1779862197943, status=UP}
2026-05-27 15:10:00.810 [pool-1-thread-8] INFO  com.fbp.engine.node.impl.LogNode - [15:10:00.810][logger] {tick=536, __inPort=in, check_timestamp=1779862200810, timestamp=1779862200810, status=UP}
2026-05-27 15:10:02.947 [pool-1-thread-8] INFO  com.fbp.engine.node.impl.LogNode - [15:10:02.947][logger] {tick=537, __inPort=in, check_timestamp=1779862202947, timestamp=1779862202947, status=UP}
2026-05-27 15:10:05.808 [pool-1-thread-8] INFO  com.fbp.engine.node.impl.LogNode - [15:10:05.808][logger] {tick=538, __inPort=in, check_timestamp=1779862205808, timestamp=1779862205807, status=UP}
2026-05-27 15:10:06.803 [pool-3-thread-1] INFO  c.f.engine.metrics.MetricsCollector - [MetricsCollector] 8건 메트릭 InfluxDB 적재 완료
2026-05-27 15:10:07.943 [pool-1-thread-8] INFO  com.fbp.engine.node.impl.LogNode - [15:10:07.943][logger] {tick=539, __inPort=in, check_timestamp=1779862207943, timestamp=1779862207943, status=UP}
2026-05-27 15:10:10.810 [pool-1-thread-8] INFO  com.fbp.engine.node.impl.LogNode - [15:10:10.810][logger] {tick=540, __inPort=in, check_timestamp=1779862210810, timestamp=1779862210810, status=UP}
2026-05-27 15:10:12.943 [pool-1-thread-8] INFO  com.fbp.engine.node.impl.LogNode - [15:10:12.943][logger] {tick=541, __inPort=in, check_timestamp=1779862212943, timestamp=1779862212943, status=UP}
2026-05-27 15:10:15.810 [pool-1-thread-8] INFO  com.fbp.engine.node.impl.LogNode - [15:10:15.810][logger] {tick=542, __inPort=in, check_timestamp=1779862215810, timestamp=1779862215810, status=UP}
2026-05-27 15:10:16.806 [pool-3-thread-1] INFO  c.f.engine.metrics.MetricsCollector - [MetricsCollector] 8건 메트릭 InfluxDB 적재 완료
2026-05-27 15:10:17.945 [pool-1-thread-8] INFO  com.fbp.engine.node.impl.LogNode - [15:10:17.945][logger] {tick=543, __inPort=in, check_timestamp=1779862217945, timestamp=1779862217945, status=UP}
2026-05-27 15:10:20.810 [pool-1-thread-8] INFO  com.fbp.engine.node.impl.LogNode - [15:10:20.810][logger] {tick=544, __inPort=in, check_timestamp=1779862220810, timestamp=1779862220809, status=UP}
2026-05-27 15:10:22.945 [pool-1-thread-8] INFO  com.fbp.engine.node.impl.LogNode - [15:10:22.945][logger] {tick=545, __inPort=in, check_timestamp=1779862222945, timestamp=1779862222945, status=UP}
2026-05-27 15:10:25.806 [pool-1-thread-8] INFO  com.fbp.engine.node.impl.LogNode - [15:10:25.806][logger] {tick=546, __inPort=in, check_timestamp=1779862225806, timestamp=1779862225805, status=UP}
2026-05-27 15:10:26.807 [pool-3-thread-1] INFO  c.f.engine.metrics.MetricsCollector - [MetricsCollector] 8건 메트릭 InfluxDB 적재 완료
2026-05-27 15:10:27.947 [pool-1-thread-8] INFO  com.fbp.engine.node.impl.LogNode - [15:10:27.947][logger] {tick=547, __inPort=in, check_timestamp=1779862227947, timestamp=1779862227947, status=UP}
2026-05-27 15:10:30.811 [pool-1-thread-8] INFO  com.fbp.engine.node.impl.LogNode - [15:10:30.810][logger] {tick=548, __inPort=in, check_timestamp=1779862230810, timestamp=1779862230810, status=UP}
2026-05-27 15:10:32.946 [pool-1-thread-8] INFO  com.fbp.engine.node.impl.LogNode - [15:10:32.946][logger] {tick=549, __inPort=in, check_timestamp=1779862232946, timestamp=1779862232946, status=UP}
2026-05-27 15:10:35.808 [pool-1-thread-8] INFO  com.fbp.engine.node.impl.LogNode - [15:10:35.808][logger] {tick=550, __inPort=in, check_timestamp=1779862235808, timestamp=1779862235808, status=UP}
2026-05-27 15:10:36.806 [pool-3-thread-1] INFO  c.f.engine.metrics.MetricsCollector - [MetricsCollector] 8건 메트릭 InfluxDB 적재 완료
2026-05-27 15:10:37.947 [pool-1-thread-8] INFO  com.fbp.engine.node.impl.LogNode - [15:10:37.947][logger] {tick=551, __inPort=in, check_timestamp=1779862237947, timestamp=1779862237947, status=UP}
2026-05-27 15:10:40.811 [pool-1-thread-8] INFO  com.fbp.engine.node.impl.LogNode - [15:10:40.811][logger] {tick=552, __inPort=in, check_timestamp=1779862240810, timestamp=1779862240810, status=UP}
2026-05-27 15:10:42.947 [pool-1-thread-8] INFO  com.fbp.engine.node.impl.LogNode - [15:10:42.947][logger] {tick=553, __inPort=in, check_timestamp=1779862242947, timestamp=1779862242947, status=UP}
2026-05-27 15:10:45.810 [pool-1-thread-8] INFO  com.fbp.engine.node.impl.LogNode - [15:10:45.810][logger] {tick=554, __inPort=in, check_timestamp=1779862245810, timestamp=1779862245810, status=UP}
2026-05-27 15:10:46.803 [pool-3-thread-1] INFO  c.f.engine.metrics.MetricsCollector - [MetricsCollector] 8건 메트릭 InfluxDB 적재 완료
2026-05-27 15:10:47.947 [pool-1-thread-8] INFO  com.fbp.engine.node.impl.LogNode - [15:10:47.947][logger] {tick=555, __inPort=in, check_timestamp=1779862247947, timestamp=1779862247947, status=UP}
2026-05-27 15:10:50.810 [pool-1-thread-8] INFO  com.fbp.engine.node.impl.LogNode - [15:10:50.810][logger] {tick=556, __inPort=in, check_timestamp=1779862250810, timestamp=1779862250810, status=UP}
2026-05-27 15:10:52.943 [pool-1-thread-8] INFO  com.fbp.engine.node.impl.LogNode - [15:10:52.943][logger] {tick=557, __inPort=in, check_timestamp=1779862252943, timestamp=1779862252943, status=UP}
2026-05-27 15:10:55.806 [pool-1-thread-8] INFO  com.fbp.engine.node.impl.LogNode - [15:10:55.806][logger] {tick=558, __inPort=in, check_timestamp=1779862255806, timestamp=1779862255806, status=UP}
2026-05-27 15:10:56.803 [pool-3-thread-1] INFO  c.f.engine.metrics.MetricsCollector - [MetricsCollector] 8건 메트릭 InfluxDB 적재 완료
2026-05-27 15:10:57.947 [pool-1-thread-8] INFO  com.fbp.engine.node.impl.LogNode - [15:10:57.947][logger] {tick=559, __inPort=in, check_timestamp=1779862257947, timestamp=1779862257947, status=UP}
2026-05-27 15:11:00.806 [pool-1-thread-8] INFO  com.fbp.engine.node.impl.LogNode - [15:11:00.806][logger] {tick=560, __inPort=in, check_timestamp=1779862260806, timestamp=1779862260805, status=UP}
2026-05-27 15:11:02.945 [pool-1-thread-8] INFO  com.fbp.engine.node.impl.LogNode - [15:11:02.945][logger] {tick=561, __inPort=in, check_timestamp=1779862262945, timestamp=1779862262945, status=UP}
2026-05-27 15:11:05.809 [pool-1-thread-8] INFO  com.fbp.engine.node.impl.LogNode - [15:11:05.809][logger] {tick=562, __inPort=in, check_timestamp=1779862265809, timestamp=1779862265809, status=UP}
2026-05-27 15:11:06.812 [pool-3-thread-1] INFO  c.f.engine.metrics.MetricsCollector - [MetricsCollector] 8건 메트릭 InfluxDB 적재 완료
2026-05-27 15:11:07.947 [pool-1-thread-8] INFO  com.fbp.engine.node.impl.LogNode - [15:11:07.947][logger] {tick=563, __inPort=in, check_timestamp=1779862267947, timestamp=1779862267947, status=UP}
2026-05-27 15:11:10.810 [pool-1-thread-8] INFO  com.fbp.engine.node.impl.LogNode - [15:11:10.810][logger] {tick=564, __inPort=in, check_timestamp=1779862270810, timestamp=1779862270810, status=UP}
2026-05-27 15:11:12.946 [pool-1-thread-8] INFO  com.fbp.engine.node.impl.LogNode - [15:11:12.945][logger] {tick=565, __inPort=in, check_timestamp=1779862272945, timestamp=1779862272945, status=UP}
2026-05-27 15:11:15.810 [pool-1-thread-8] INFO  com.fbp.engine.node.impl.LogNode - [15:11:15.810][logger] {tick=566, __inPort=in, check_timestamp=1779862275810, timestamp=1779862275810, status=UP}
2026-05-27 15:11:16.804 [pool-3-thread-1] INFO  c.f.engine.metrics.MetricsCollector - [MetricsCollector] 8건 메트릭 InfluxDB 적재 완료
2026-05-27 15:11:17.947 [pool-1-thread-8] INFO  com.fbp.engine.node.impl.LogNode - [15:11:17.947][logger] {tick=567, __inPort=in, check_timestamp=1779862277947, timestamp=1779862277947, status=UP}
2026-05-27 15:11:20.809 [pool-1-thread-8] INFO  com.fbp.engine.node.impl.LogNode - [15:11:20.809][logger] {tick=568, __inPort=in, check_timestamp=1779862280808, timestamp=1779862280808, status=UP}
2026-05-27 15:11:22.944 [pool-1-thread-8] INFO  com.fbp.engine.node.impl.LogNode - [15:11:22.944][logger] {tick=569, __inPort=in, check_timestamp=1779862282944, timestamp=1779862282944, status=UP}
2026-05-27 15:11:25.808 [pool-1-thread-8] INFO  com.fbp.engine.node.impl.LogNode - [15:11:25.808][logger] {tick=570, __inPort=in, check_timestamp=1779862285808, timestamp=1779862285808, status=UP}
2026-05-27 15:11:26.805 [pool-3-thread-1] INFO  c.f.engine.metrics.MetricsCollector - [MetricsCollector] 8건 메트릭 InfluxDB 적재 완료
2026-05-27 15:11:27.947 [pool-1-thread-8] INFO  com.fbp.engine.node.impl.LogNode - [15:11:27.947][logger] {tick=571, __inPort=in, check_timestamp=1779862287947, timestamp=1779862287947, status=UP}
2026-05-27 15:11:30.809 [pool-1-thread-8] INFO  com.fbp.engine.node.impl.LogNode - [15:11:30.809][logger] {tick=572, __inPort=in, check_timestamp=1779862290809, timestamp=1779862290809, status=UP}
2026-05-27 15:11:32.947 [pool-1-thread-8] INFO  com.fbp.engine.node.impl.LogNode - [15:11:32.947][logger] {tick=573, __inPort=in, check_timestamp=1779862292947, timestamp=1779862292947, status=UP}
2026-05-27 15:11:35.808 [pool-1-thread-8] INFO  com.fbp.engine.node.impl.LogNode - [15:11:35.808][logger] {tick=574, __inPort=in, check_timestamp=1779862295808, timestamp=1779862295807, status=UP}
2026-05-27 15:11:36.801 [pool-3-thread-1] INFO  c.f.engine.metrics.MetricsCollector - [MetricsCollector] 8건 메트릭 InfluxDB 적재 완료
2026-05-27 15:11:37.947 [pool-1-thread-8] INFO  com.fbp.engine.node.impl.LogNode - [15:11:37.947][logger] {tick=575, __inPort=in, check_timestamp=1779862297947, timestamp=1779862297947, status=UP}
2026-05-27 15:11:40.809 [pool-1-thread-8] INFO  com.fbp.engine.node.impl.LogNode - [15:11:40.809][logger] {tick=576, __inPort=in, check_timestamp=1779862300809, timestamp=1779862300809, status=UP}
2026-05-27 15:11:42.947 [pool-1-thread-8] INFO  com.fbp.engine.node.impl.LogNode - [15:11:42.947][logger] {tick=577, __inPort=in, check_timestamp=1779862302947, timestamp=1779862302947, status=UP}
2026-05-27 15:11:45.810 [pool-1-thread-8] INFO  com.fbp.engine.node.impl.LogNode - [15:11:45.810][logger] {tick=578, __inPort=in, check_timestamp=1779862305810, timestamp=1779862305810, status=UP}
2026-05-27 15:11:46.810 [pool-3-thread-1] INFO  c.f.engine.metrics.MetricsCollector - [MetricsCollector] 8건 메트릭 InfluxDB 적재 완료
2026-05-27 15:11:47.947 [pool-1-thread-8] INFO  com.fbp.engine.node.impl.LogNode - [15:11:47.946][logger] {tick=579, __inPort=in, check_timestamp=1779862307946, timestamp=1779862307946, status=UP}
2026-05-27 15:11:50.808 [pool-1-thread-8] INFO  com.fbp.engine.node.impl.LogNode - [15:11:50.808][logger] {tick=580, __inPort=in, check_timestamp=1779862310808, timestamp=1779862310807, status=UP}
2026-05-27 15:11:52.944 [pool-1-thread-8] INFO  com.fbp.engine.node.impl.LogNode - [15:11:52.944][logger] {tick=581, __inPort=in, check_timestamp=1779862312944, timestamp=1779862312943, status=UP}
2026-05-27 15:11:55.810 [pool-1-thread-8] INFO  com.fbp.engine.node.impl.LogNode - [15:11:55.810][logger] {tick=582, __inPort=in, check_timestamp=1779862315810, timestamp=1779862315810, status=UP}
2026-05-27 15:11:56.803 [pool-3-thread-1] INFO  c.f.engine.metrics.MetricsCollector - [MetricsCollector] 8건 메트릭 InfluxDB 적재 완료
2026-05-27 15:11:57.947 [pool-1-thread-8] INFO  com.fbp.engine.node.impl.LogNode - [15:11:57.947][logger] {tick=583, __inPort=in, check_timestamp=1779862317947, timestamp=1779862317947, status=UP}
2026-05-27 15:12:00.810 [pool-1-thread-8] INFO  com.fbp.engine.node.impl.LogNode - [15:12:00.810][logger] {tick=584, __inPort=in, check_timestamp=1779862320810, timestamp=1779862320810, status=UP}
2026-05-27 15:12:02.942 [pool-1-thread-8] INFO  com.fbp.engine.node.impl.LogNode - [15:12:02.942][logger] {tick=585, __inPort=in, check_timestamp=1779862322942, timestamp=1779862322942, status=UP}
2026-05-27 15:12:05.809 [pool-1-thread-8] INFO  com.fbp.engine.node.impl.LogNode - [15:12:05.809][logger] {tick=586, __inPort=in, check_timestamp=1779862325809, timestamp=1779862325809, status=UP}
2026-05-27 15:12:06.805 [pool-3-thread-1] INFO  c.f.engine.metrics.MetricsCollector - [MetricsCollector] 8건 메트릭 InfluxDB 적재 완료
2026-05-27 15:12:07.947 [pool-1-thread-8] INFO  com.fbp.engine.node.impl.LogNode - [15:12:07.947][logger] {tick=587, __inPort=in, check_timestamp=1779862327947, timestamp=1779862327946, status=UP}
2026-05-27 15:12:10.806 [pool-1-thread-8] INFO  com.fbp.engine.node.impl.LogNode - [15:12:10.806][logger] {tick=588, __inPort=in, check_timestamp=1779862330806, timestamp=1779862330805, status=UP}
2026-05-27 15:12:12.947 [pool-1-thread-8] INFO  com.fbp.engine.node.impl.LogNode - [15:12:12.947][logger] {tick=589, __inPort=in, check_timestamp=1779862332947, timestamp=1779862332946, status=UP}
2026-05-27 15:12:15.810 [pool-1-thread-8] INFO  com.fbp.engine.node.impl.LogNode - [15:12:15.810][logger] {tick=590, __inPort=in, check_timestamp=1779862335810, timestamp=1779862335810, status=UP}
2026-05-27 15:12:16.803 [pool-3-thread-1] INFO  c.f.engine.metrics.MetricsCollector - [MetricsCollector] 8건 메트릭 InfluxDB 적재 완료
2026-05-27 15:12:17.945 [pool-1-thread-8] INFO  com.fbp.engine.node.impl.LogNode - [15:12:17.945][logger] {tick=591, __inPort=in, check_timestamp=1779862337945, timestamp=1779862337945, status=UP}
2026-05-27 15:12:20.807 [pool-1-thread-8] INFO  com.fbp.engine.node.impl.LogNode - [15:12:20.807][logger] {tick=592, __inPort=in, check_timestamp=1779862340807, timestamp=1779862340806, status=UP}
2026-05-27 15:12:22.947 [pool-1-thread-8] INFO  com.fbp.engine.node.impl.LogNode - [15:12:22.947][logger] {tick=593, __inPort=in, check_timestamp=1779862342947, timestamp=1779862342946, status=UP}
2026-05-27 15:12:25.809 [pool-1-thread-8] INFO  com.fbp.engine.node.impl.LogNode - [15:12:25.809][logger] {tick=594, __inPort=in, check_timestamp=1779862345809, timestamp=1779862345809, status=UP}
2026-05-27 15:12:26.802 [pool-3-thread-1] INFO  c.f.engine.metrics.MetricsCollector - [MetricsCollector] 8건 메트릭 InfluxDB 적재 완료
2026-05-27 15:12:27.946 [pool-1-thread-8] INFO  com.fbp.engine.node.impl.LogNode - [15:12:27.946][logger] {tick=595, __inPort=in, check_timestamp=1779862347946, timestamp=1779862347945, status=UP}
2026-05-27 15:12:30.810 [pool-1-thread-8] INFO  com.fbp.engine.node.impl.LogNode - [15:12:30.810][logger] {tick=596, __inPort=in, check_timestamp=1779862350809, timestamp=1779862350809, status=UP}
2026-05-27 15:12:32.947 [pool-1-thread-8] INFO  com.fbp.engine.node.impl.LogNode - [15:12:32.947][logger] {tick=597, __inPort=in, check_timestamp=1779862352947, timestamp=1779862352946, status=UP}
2026-05-27 15:12:35.809 [pool-1-thread-8] INFO  com.fbp.engine.node.impl.LogNode - [15:12:35.809][logger] {tick=598, __inPort=in, check_timestamp=1779862355809, timestamp=1779862355808, status=UP}
2026-05-27 15:12:36.806 [pool-3-thread-1] INFO  c.f.engine.metrics.MetricsCollector - [MetricsCollector] 8건 메트릭 InfluxDB 적재 완료
2026-05-27 15:12:37.947 [pool-1-thread-8] INFO  com.fbp.engine.node.impl.LogNode - [15:12:37.947][logger] {tick=599, __inPort=in, check_timestamp=1779862357947, timestamp=1779862357946, status=UP}
2026-05-27 15:12:40.805 [pool-1-thread-8] INFO  com.fbp.engine.node.impl.LogNode - [15:12:40.805][logger] {tick=600, __inPort=in, check_timestamp=1779862360805, timestamp=1779862360805, status=UP}
2026-05-27 15:12:42.943 [pool-1-thread-8] INFO  com.fbp.engine.node.impl.LogNode - [15:12:42.943][logger] {tick=601, __inPort=in, check_timestamp=1779862362943, timestamp=1779862362943, status=UP}
2026-05-27 15:12:45.809 [pool-1-thread-8] INFO  com.fbp.engine.node.impl.LogNode - [15:12:45.809][logger] {tick=602, __inPort=in, check_timestamp=1779862365809, timestamp=1779862365808, status=UP}
2026-05-27 15:12:46.801 [pool-3-thread-1] INFO  c.f.engine.metrics.MetricsCollector - [MetricsCollector] 8건 메트릭 InfluxDB 적재 완료
2026-05-27 15:12:47.944 [pool-1-thread-8] INFO  com.fbp.engine.node.impl.LogNode - [15:12:47.944][logger] {tick=603, __inPort=in, check_timestamp=1779862367944, timestamp=1779862367944, status=UP}
2026-05-27 15:12:50.809 [pool-1-thread-8] INFO  com.fbp.engine.node.impl.LogNode - [15:12:50.809][logger] {tick=604, __inPort=in, check_timestamp=1779862370808, timestamp=1779862370808, status=UP}
2026-05-27 15:12:52.945 [pool-1-thread-8] INFO  com.fbp.engine.node.impl.LogNode - [15:12:52.945][logger] {tick=605, __inPort=in, check_timestamp=1779862372945, timestamp=1779862372945, status=UP}
2026-05-27 15:12:55.809 [pool-1-thread-8] INFO  com.fbp.engine.node.impl.LogNode - [15:12:55.809][logger] {tick=606, __inPort=in, check_timestamp=1779862375809, timestamp=1779862375809, status=UP}
2026-05-27 15:12:56.801 [pool-3-thread-1] INFO  c.f.engine.metrics.MetricsCollector - [MetricsCollector] 8건 메트릭 InfluxDB 적재 완료
2026-05-27 15:12:57.943 [pool-1-thread-8] INFO  com.fbp.engine.node.impl.LogNode - [15:12:57.943][logger] {tick=607, __inPort=in, check_timestamp=1779862377943, timestamp=1779862377943, status=UP}
2026-05-27 15:13:00.811 [pool-1-thread-8] INFO  com.fbp.engine.node.impl.LogNode - [15:13:00.811][logger] {tick=608, __inPort=in, check_timestamp=1779862380809, timestamp=1779862380808, status=UP}
2026-05-27 15:13:02.944 [pool-1-thread-8] INFO  com.fbp.engine.node.impl.LogNode - [15:13:02.944][logger] {tick=609, __inPort=in, check_timestamp=1779862382944, timestamp=1779862382944, status=UP}
2026-05-27 15:13:05.810 [pool-1-thread-8] INFO  com.fbp.engine.node.impl.LogNode - [15:13:05.810][logger] {tick=610, __inPort=in, check_timestamp=1779862385810, timestamp=1779862385810, status=UP}
2026-05-27 15:13:06.801 [pool-3-thread-1] INFO  c.f.engine.metrics.MetricsCollector - [MetricsCollector] 8건 메트릭 InfluxDB 적재 완료
2026-05-27 15:13:07.944 [pool-1-thread-8] INFO  com.fbp.engine.node.impl.LogNode - [15:13:07.944][logger] {tick=611, __inPort=in, check_timestamp=1779862387944, timestamp=1779862387944, status=UP}
2026-05-27 15:13:10.810 [pool-1-thread-8] INFO  com.fbp.engine.node.impl.LogNode - [15:13:10.810][logger] {tick=612, __inPort=in, check_timestamp=1779862390810, timestamp=1779862390810, status=UP}
2026-05-27 15:13:12.947 [pool-1-thread-8] INFO  com.fbp.engine.node.impl.LogNode - [15:13:12.947][logger] {tick=613, __inPort=in, check_timestamp=1779862392947, timestamp=1779862392946, status=UP}
2026-05-27 15:13:15.810 [pool-1-thread-8] INFO  com.fbp.engine.node.impl.LogNode - [15:13:15.810][logger] {tick=614, __inPort=in, check_timestamp=1779862395810, timestamp=1779862395810, status=UP}
2026-05-27 15:13:16.798 [pool-3-thread-1] INFO  c.f.engine.metrics.MetricsCollector - [MetricsCollector] 8건 메트릭 InfluxDB 적재 완료
2026-05-27 15:13:17.945 [pool-1-thread-8] INFO  com.fbp.engine.node.impl.LogNode - [15:13:17.945][logger] {tick=615, __inPort=in, check_timestamp=1779862397945, timestamp=1779862397945, status=UP}
2026-05-27 15:13:20.806 [pool-1-thread-8] INFO  com.fbp.engine.node.impl.LogNode - [15:13:20.806][logger] {tick=616, __inPort=in, check_timestamp=1779862400806, timestamp=1779862400806, status=UP}
2026-05-27 15:13:22.947 [pool-1-thread-8] INFO  com.fbp.engine.node.impl.LogNode - [15:13:22.947][logger] {tick=617, __inPort=in, check_timestamp=1779862402947, timestamp=1779862402946, status=UP}
2026-05-27 15:13:25.810 [pool-1-thread-8] INFO  com.fbp.engine.node.impl.LogNode - [15:13:25.810][logger] {tick=618, __inPort=in, check_timestamp=1779862405810, timestamp=1779862405809, status=UP}
2026-05-27 15:13:26.805 [pool-3-thread-1] INFO  c.f.engine.metrics.MetricsCollector - [MetricsCollector] 8건 메트릭 InfluxDB 적재 완료
2026-05-27 15:13:27.945 [pool-1-thread-8] INFO  com.fbp.engine.node.impl.LogNode - [15:13:27.945][logger] {tick=619, __inPort=in, check_timestamp=1779862407945, timestamp=1779862407944, status=UP}
2026-05-27 15:13:30.807 [pool-1-thread-8] INFO  com.fbp.engine.node.impl.LogNode - [15:13:30.807][logger] {tick=620, __inPort=in, check_timestamp=1779862410807, timestamp=1779862410807, status=UP}
2026-05-27 15:13:32.943 [pool-1-thread-8] INFO  com.fbp.engine.node.impl.LogNode - [15:13:32.943][logger] {tick=621, __inPort=in, check_timestamp=1779862412943, timestamp=1779862412942, status=UP}
2026-05-27 15:13:35.810 [pool-1-thread-8] INFO  com.fbp.engine.node.impl.LogNode - [15:13:35.810][logger] {tick=622, __inPort=in, check_timestamp=1779862415810, timestamp=1779862415809, status=UP}
2026-05-27 15:13:36.803 [pool-3-thread-1] INFO  c.f.engine.metrics.MetricsCollector - [MetricsCollector] 8건 메트릭 InfluxDB 적재 완료
2026-05-27 15:13:37.947 [pool-1-thread-8] INFO  com.fbp.engine.node.impl.LogNode - [15:13:37.947][logger] {tick=623, __inPort=in, check_timestamp=1779862417947, timestamp=1779862417946, status=UP}
2026-05-27 15:13:40.810 [pool-1-thread-8] INFO  com.fbp.engine.node.impl.LogNode - [15:13:40.810][logger] {tick=624, __inPort=in, check_timestamp=1779862420810, timestamp=1779862420809, status=UP}
2026-05-27 15:13:42.947 [pool-1-thread-8] INFO  com.fbp.engine.node.impl.LogNode - [15:13:42.947][logger] {tick=625, __inPort=in, check_timestamp=1779862422946, timestamp=1779862422946, status=UP}
2026-05-27 15:13:45.809 [pool-1-thread-8] INFO  com.fbp.engine.node.impl.LogNode - [15:13:45.809][logger] {tick=626, __inPort=in, check_timestamp=1779862425809, timestamp=1779862425808, status=UP}
2026-05-27 15:13:46.807 [pool-3-thread-1] INFO  c.f.engine.metrics.MetricsCollector - [MetricsCollector] 8건 메트릭 InfluxDB 적재 완료
2026-05-27 15:13:47.947 [pool-1-thread-8] INFO  com.fbp.engine.node.impl.LogNode - [15:13:47.947][logger] {tick=627, __inPort=in, check_timestamp=1779862427947, timestamp=1779862427946, status=UP}
2026-05-27 15:13:50.809 [pool-1-thread-8] INFO  com.fbp.engine.node.impl.LogNode - [15:13:50.809][logger] {tick=628, __inPort=in, check_timestamp=1779862430809, timestamp=1779862430809, status=UP}
2026-05-27 15:13:52.946 [pool-1-thread-8] INFO  com.fbp.engine.node.impl.LogNode - [15:13:52.946][logger] {tick=629, __inPort=in, check_timestamp=1779862432946, timestamp=1779862432946, status=UP}
2026-05-27 15:13:55.810 [pool-1-thread-8] INFO  com.fbp.engine.node.impl.LogNode - [15:13:55.810][logger] {tick=630, __inPort=in, check_timestamp=1779862435809, timestamp=1779862435809, status=UP}
2026-05-27 15:13:56.803 [pool-3-thread-1] INFO  c.f.engine.metrics.MetricsCollector - [MetricsCollector] 8건 메트릭 InfluxDB 적재 완료
2026-05-27 15:13:57.945 [pool-1-thread-8] INFO  com.fbp.engine.node.impl.LogNode - [15:13:57.945][logger] {tick=631, __inPort=in, check_timestamp=1779862437945, timestamp=1779862437945, status=UP}
2026-05-27 15:14:00.810 [pool-1-thread-8] INFO  com.fbp.engine.node.impl.LogNode - [15:14:00.810][logger] {tick=632, __inPort=in, check_timestamp=1779862440810, timestamp=1779862440809, status=UP}
2026-05-27 15:14:02.943 [pool-1-thread-8] INFO  com.fbp.engine.node.impl.LogNode - [15:14:02.943][logger] {tick=633, __inPort=in, check_timestamp=1779862442943, timestamp=1779862442943, status=UP}
2026-05-27 15:14:05.809 [pool-1-thread-8] INFO  com.fbp.engine.node.impl.LogNode - [15:14:05.809][logger] {tick=634, __inPort=in, check_timestamp=1779862445809, timestamp=1779862445809, status=UP}
2026-05-27 15:14:06.802 [pool-3-thread-1] INFO  c.f.engine.metrics.MetricsCollector - [MetricsCollector] 8건 메트릭 InfluxDB 적재 완료
2026-05-27 15:14:07.943 [pool-1-thread-8] INFO  com.fbp.engine.node.impl.LogNode - [15:14:07.943][logger] {tick=635, __inPort=in, check_timestamp=1779862447942, timestamp=1779862447942, status=UP}
2026-05-27 15:14:10.810 [pool-1-thread-8] INFO  com.fbp.engine.node.impl.LogNode - [15:14:10.810][logger] {tick=636, __inPort=in, check_timestamp=1779862450810, timestamp=1779862450809, status=UP}
2026-05-27 15:14:12.945 [pool-1-thread-8] INFO  com.fbp.engine.node.impl.LogNode - [15:14:12.945][logger] {tick=637, __inPort=in, check_timestamp=1779862452945, timestamp=1779862452945, status=UP}
2026-05-27 15:14:15.810 [pool-1-thread-8] INFO  com.fbp.engine.node.impl.LogNode - [15:14:15.809][logger] {tick=638, __inPort=in, check_timestamp=1779862455809, timestamp=1779862455809, status=UP}
2026-05-27 15:14:16.803 [pool-3-thread-1] INFO  c.f.engine.metrics.MetricsCollector - [MetricsCollector] 8건 메트릭 InfluxDB 적재 완료
2026-05-27 15:14:17.943 [pool-1-thread-8] INFO  com.fbp.engine.node.impl.LogNode - [15:14:17.943][logger] {tick=639, __inPort=in, check_timestamp=1779862457943, timestamp=1779862457943, status=UP}
2026-05-27 15:14:20.809 [pool-1-thread-8] INFO  com.fbp.engine.node.impl.LogNode - [15:14:20.809][logger] {tick=640, __inPort=in, check_timestamp=1779862460809, timestamp=1779862460809, status=UP}
2026-05-27 15:14:22.946 [pool-1-thread-8] INFO  com.fbp.engine.node.impl.LogNode - [15:14:22.946][logger] {tick=641, __inPort=in, check_timestamp=1779862462946, timestamp=1779862462946, status=UP}
2026-05-27 15:14:25.809 [pool-1-thread-8] INFO  com.fbp.engine.node.impl.LogNode - [15:14:25.809][logger] {tick=642, __inPort=in, check_timestamp=1779862465809, timestamp=1779862465808, status=UP}
2026-05-27 15:14:26.803 [pool-3-thread-1] INFO  c.f.engine.metrics.MetricsCollector - [MetricsCollector] 8건 메트릭 InfluxDB 적재 완료
2026-05-27 15:14:27.943 [pool-1-thread-8] INFO  com.fbp.engine.node.impl.LogNode - [15:14:27.943][logger] {tick=643, __inPort=in, check_timestamp=1779862467943, timestamp=1779862467943, status=UP}
2026-05-27 15:14:30.807 [pool-1-thread-8] INFO  com.fbp.engine.node.impl.LogNode - [15:14:30.807][logger] {tick=644, __inPort=in, check_timestamp=1779862470807, timestamp=1779862470807, status=UP}
2026-05-27 15:14:32.945 [pool-1-thread-8] INFO  com.fbp.engine.node.impl.LogNode - [15:14:32.945][logger] {tick=645, __inPort=in, check_timestamp=1779862472945, timestamp=1779862472944, status=UP}
2026-05-27 15:14:35.809 [pool-1-thread-8] INFO  com.fbp.engine.node.impl.LogNode - [15:14:35.809][logger] {tick=646, __inPort=in, check_timestamp=1779862475809, timestamp=1779862475808, status=UP}
2026-05-27 15:14:36.806 [pool-3-thread-1] INFO  c.f.engine.metrics.MetricsCollector - [MetricsCollector] 8건 메트릭 InfluxDB 적재 완료
2026-05-27 15:14:37.945 [pool-1-thread-8] INFO  com.fbp.engine.node.impl.LogNode - [15:14:37.945][logger] {tick=647, __inPort=in, check_timestamp=1779862477945, timestamp=1779862477944, status=UP}
2026-05-27 15:14:40.806 [pool-1-thread-8] INFO  com.fbp.engine.node.impl.LogNode - [15:14:40.806][logger] {tick=648, __inPort=in, check_timestamp=1779862480806, timestamp=1779862480806, status=UP}
2026-05-27 15:14:42.946 [pool-1-thread-8] INFO  com.fbp.engine.node.impl.LogNode - [15:14:42.946][logger] {tick=649, __inPort=in, check_timestamp=1779862482946, timestamp=1779862482946, status=UP}
2026-05-27 15:14:45.805 [pool-1-thread-8] INFO  com.fbp.engine.node.impl.LogNode - [15:14:45.805][logger] {tick=650, __inPort=in, check_timestamp=1779862485805, timestamp=1779862485805, status=UP}
2026-05-27 15:14:46.799 [pool-3-thread-1] INFO  c.f.engine.metrics.MetricsCollector - [MetricsCollector] 8건 메트릭 InfluxDB 적재 완료
2026-05-27 15:14:47.946 [pool-1-thread-8] INFO  com.fbp.engine.node.impl.LogNode - [15:14:47.946][logger] {tick=651, __inPort=in, check_timestamp=1779862487946, timestamp=1779862487946, status=UP}
2026-05-27 15:14:50.808 [pool-1-thread-8] INFO  com.fbp.engine.node.impl.LogNode - [15:14:50.808][logger] {tick=652, __inPort=in, check_timestamp=1779862490808, timestamp=1779862490808, status=UP}
2026-05-27 15:14:52.942 [pool-1-thread-8] INFO  com.fbp.engine.node.impl.LogNode - [15:14:52.942][logger] {tick=653, __inPort=in, check_timestamp=1779862492942, timestamp=1779862492941, status=UP}
2026-05-27 15:14:55.809 [pool-1-thread-8] INFO  com.fbp.engine.node.impl.LogNode - [15:14:55.809][logger] {tick=654, __inPort=in, check_timestamp=1779862495809, timestamp=1779862495809, status=UP}
2026-05-27 15:14:56.806 [pool-3-thread-1] INFO  c.f.engine.metrics.MetricsCollector - [MetricsCollector] 8건 메트릭 InfluxDB 적재 완료
2026-05-27 15:14:57.942 [pool-1-thread-8] INFO  com.fbp.engine.node.impl.LogNode - [15:14:57.942][logger] {tick=655, __inPort=in, check_timestamp=1779862497942, timestamp=1779862497941, status=UP}
2026-05-27 15:15:00.809 [pool-1-thread-8] INFO  com.fbp.engine.node.impl.LogNode - [15:15:00.809][logger] {tick=656, __inPort=in, check_timestamp=1779862500809, timestamp=1779862500809, status=UP}
2026-05-27 15:15:02.943 [pool-1-thread-8] INFO  com.fbp.engine.node.impl.LogNode - [15:15:02.943][logger] {tick=657, __inPort=in, check_timestamp=1779862502943, timestamp=1779862502943, status=UP}
2026-05-27 15:15:05.808 [pool-1-thread-8] INFO  com.fbp.engine.node.impl.LogNode - [15:15:05.808][logger] {tick=658, __inPort=in, check_timestamp=1779862505808, timestamp=1779862505808, status=UP}
2026-05-27 15:15:06.807 [pool-3-thread-1] INFO  c.f.engine.metrics.MetricsCollector - [MetricsCollector] 8건 메트릭 InfluxDB 적재 완료
2026-05-27 15:15:07.942 [pool-1-thread-8] INFO  com.fbp.engine.node.impl.LogNode - [15:15:07.942][logger] {tick=659, __inPort=in, check_timestamp=1779862507941, timestamp=1779862507941, status=UP}
2026-05-27 15:15:10.809 [pool-1-thread-8] INFO  com.fbp.engine.node.impl.LogNode - [15:15:10.809][logger] {tick=660, __inPort=in, check_timestamp=1779862510809, timestamp=1779862510809, status=UP}
2026-05-27 15:15:12.943 [pool-1-thread-8] INFO  com.fbp.engine.node.impl.LogNode - [15:15:12.943][logger] {tick=661, __inPort=in, check_timestamp=1779862512943, timestamp=1779862512942, status=UP}
2026-05-27 15:15:15.805 [pool-1-thread-8] INFO  com.fbp.engine.node.impl.LogNode - [15:15:15.805][logger] {tick=662, __inPort=in, check_timestamp=1779862515805, timestamp=1779862515804, status=UP}
2026-05-27 15:15:16.808 [pool-3-thread-1] INFO  c.f.engine.metrics.MetricsCollector - [MetricsCollector] 8건 메트릭 InfluxDB 적재 완료
2026-05-27 15:15:17.944 [pool-1-thread-8] INFO  com.fbp.engine.node.impl.LogNode - [15:15:17.944][logger] {tick=663, __inPort=in, check_timestamp=1779862517944, timestamp=1779862517943, status=UP}
2026-05-27 15:15:20.809 [pool-1-thread-8] INFO  com.fbp.engine.node.impl.LogNode - [15:15:20.809][logger] {tick=664, __inPort=in, check_timestamp=1779862520809, timestamp=1779862520809, status=UP}
2026-05-27 15:15:22.945 [pool-1-thread-8] INFO  com.fbp.engine.node.impl.LogNode - [15:15:22.945][logger] {tick=665, __inPort=in, check_timestamp=1779862522945, timestamp=1779862522944, status=UP}
2026-05-27 15:15:25.810 [pool-1-thread-8] INFO  com.fbp.engine.node.impl.LogNode - [15:15:25.809][logger] {tick=666, __inPort=in, check_timestamp=1779862525809, timestamp=1779862525809, status=UP}
2026-05-27 15:15:26.800 [pool-3-thread-1] INFO  c.f.engine.metrics.MetricsCollector - [MetricsCollector] 8건 메트릭 InfluxDB 적재 완료
2026-05-27 15:15:27.942 [pool-1-thread-8] INFO  com.fbp.engine.node.impl.LogNode - [15:15:27.942][logger] {tick=667, __inPort=in, check_timestamp=1779862527942, timestamp=1779862527942, status=UP}
2026-05-27 15:15:30.809 [pool-1-thread-8] INFO  com.fbp.engine.node.impl.LogNode - [15:15:30.809][logger] {tick=668, __inPort=in, check_timestamp=1779862530809, timestamp=1779862530809, status=UP}
2026-05-27 15:15:32.943 [pool-1-thread-8] INFO  com.fbp.engine.node.impl.LogNode - [15:15:32.943][logger] {tick=669, __inPort=in, check_timestamp=1779862532943, timestamp=1779862532943, status=UP}
2026-05-27 15:15:35.808 [pool-1-thread-8] INFO  com.fbp.engine.node.impl.LogNode - [15:15:35.808][logger] {tick=670, __inPort=in, check_timestamp=1779862535808, timestamp=1779862535807, status=UP}
2026-05-27 15:15:36.800 [pool-3-thread-1] INFO  c.f.engine.metrics.MetricsCollector - [MetricsCollector] 8건 메트릭 InfluxDB 적재 완료
2026-05-27 15:15:37.946 [pool-1-thread-8] INFO  com.fbp.engine.node.impl.LogNode - [15:15:37.946][logger] {tick=671, __inPort=in, check_timestamp=1779862537946, timestamp=1779862537946, status=UP}
2026-05-27 15:15:40.804 [pool-1-thread-8] INFO  com.fbp.engine.node.impl.LogNode - [15:15:40.804][logger] {tick=672, __inPort=in, check_timestamp=1779862540804, timestamp=1779862540804, status=UP}
2026-05-27 15:15:42.946 [pool-1-thread-8] INFO  com.fbp.engine.node.impl.LogNode - [15:15:42.946][logger] {tick=673, __inPort=in, check_timestamp=1779862542946, timestamp=1779862542946, status=UP}
2026-05-27 15:15:45.809 [pool-1-thread-8] INFO  com.fbp.engine.node.impl.LogNode - [15:15:45.809][logger] {tick=674, __inPort=in, check_timestamp=1779862545809, timestamp=1779862545809, status=UP}
2026-05-27 15:15:46.803 [pool-3-thread-1] INFO  c.f.engine.metrics.MetricsCollector - [MetricsCollector] 8건 메트릭 InfluxDB 적재 완료
2026-05-27 15:15:47.946 [pool-1-thread-8] INFO  com.fbp.engine.node.impl.LogNode - [15:15:47.946][logger] {tick=675, __inPort=in, check_timestamp=1779862547946, timestamp=1779862547946, status=UP}
2026-05-27 15:15:50.807 [pool-1-thread-8] INFO  com.fbp.engine.node.impl.LogNode - [15:15:50.807][logger] {tick=676, __inPort=in, check_timestamp=1779862550807, timestamp=1779862550806, status=UP}
2026-05-27 15:15:52.942 [pool-1-thread-8] INFO  com.fbp.engine.node.impl.LogNode - [15:15:52.942][logger] {tick=677, __inPort=in, check_timestamp=1779862552942, timestamp=1779862552942, status=UP}
2026-05-27 15:15:55.806 [pool-1-thread-8] INFO  com.fbp.engine.node.impl.LogNode - [15:15:55.806][logger] {tick=678, __inPort=in, check_timestamp=1779862555806, timestamp=1779862555806, status=UP}
2026-05-27 15:15:56.799 [pool-3-thread-1] INFO  c.f.engine.metrics.MetricsCollector - [MetricsCollector] 8건 메트릭 InfluxDB 적재 완료
2026-05-27 15:15:57.945 [pool-1-thread-8] INFO  com.fbp.engine.node.impl.LogNode - [15:15:57.945][logger] {tick=679, __inPort=in, check_timestamp=1779862557945, timestamp=1779862557945, status=UP}
2026-05-27 15:16:00.809 [pool-1-thread-8] INFO  com.fbp.engine.node.impl.LogNode - [15:16:00.809][logger] {tick=680, __inPort=in, check_timestamp=1779862560809, timestamp=1779862560809, status=UP}
2026-05-27 15:16:02.944 [pool-1-thread-8] INFO  com.fbp.engine.node.impl.LogNode - [15:16:02.944][logger] {tick=681, __inPort=in, check_timestamp=1779862562944, timestamp=1779862562943, status=UP}
2026-05-27 15:16:05.810 [pool-1-thread-8] INFO  com.fbp.engine.node.impl.LogNode - [15:16:05.809][logger] {tick=682, __inPort=in, check_timestamp=1779862565809, timestamp=1779862565809, status=UP}
2026-05-27 15:16:06.808 [pool-3-thread-1] INFO  c.f.engine.metrics.MetricsCollector - [MetricsCollector] 8건 메트릭 InfluxDB 적재 완료
2026-05-27 15:16:07.946 [pool-1-thread-8] INFO  com.fbp.engine.node.impl.LogNode - [15:16:07.946][logger] {tick=683, __inPort=in, check_timestamp=1779862567946, timestamp=1779862567946, status=UP}
2026-05-27 15:16:10.805 [pool-1-thread-8] INFO  com.fbp.engine.node.impl.LogNode - [15:16:10.805][logger] {tick=684, __inPort=in, check_timestamp=1779862570805, timestamp=1779862570804, status=UP}
2026-05-27 15:16:12.945 [pool-1-thread-8] INFO  com.fbp.engine.node.impl.LogNode - [15:16:12.945][logger] {tick=685, __inPort=in, check_timestamp=1779862572945, timestamp=1779862572944, status=UP}
2026-05-27 15:16:15.809 [pool-1-thread-8] INFO  com.fbp.engine.node.impl.LogNode - [15:16:15.809][logger] {tick=686, __inPort=in, check_timestamp=1779862575809, timestamp=1779862575808, status=UP}
2026-05-27 15:16:16.804 [pool-3-thread-1] INFO  c.f.engine.metrics.MetricsCollector - [MetricsCollector] 8건 메트릭 InfluxDB 적재 완료
2026-05-27 15:16:17.944 [pool-1-thread-8] INFO  com.fbp.engine.node.impl.LogNode - [15:16:17.944][logger] {tick=687, __inPort=in, check_timestamp=1779862577944, timestamp=1779862577944, status=UP}
2026-05-27 15:16:20.806 [pool-1-thread-8] INFO  com.fbp.engine.node.impl.LogNode - [15:16:20.806][logger] {tick=688, __inPort=in, check_timestamp=1779862580806, timestamp=1779862580806, status=UP}
2026-05-27 15:16:22.942 [pool-1-thread-8] INFO  com.fbp.engine.node.impl.LogNode - [15:16:22.942][logger] {tick=689, __inPort=in, check_timestamp=1779862582942, timestamp=1779862582941, status=UP}
2026-05-27 15:16:25.809 [pool-1-thread-8] INFO  com.fbp.engine.node.impl.LogNode - [15:16:25.809][logger] {tick=690, __inPort=in, check_timestamp=1779862585809, timestamp=1779862585808, status=UP}
2026-05-27 15:16:26.804 [pool-3-thread-1] INFO  c.f.engine.metrics.MetricsCollector - [MetricsCollector] 8건 메트릭 InfluxDB 적재 완료
2026-05-27 15:16:27.946 [pool-1-thread-8] INFO  com.fbp.engine.node.impl.LogNode - [15:16:27.946][logger] {tick=691, __inPort=in, check_timestamp=1779862587946, timestamp=1779862587946, status=UP}
2026-05-27 15:16:30.809 [pool-1-thread-8] INFO  com.fbp.engine.node.impl.LogNode - [15:16:30.809][logger] {tick=692, __inPort=in, check_timestamp=1779862590809, timestamp=1779862590809, status=UP}
2026-05-27 15:16:32.946 [pool-1-thread-8] INFO  com.fbp.engine.node.impl.LogNode - [15:16:32.946][logger] {tick=693, __inPort=in, check_timestamp=1779862592946, timestamp=1779862592946, status=UP}
2026-05-27 15:16:35.808 [pool-1-thread-8] INFO  com.fbp.engine.node.impl.LogNode - [15:16:35.808][logger] {tick=694, __inPort=in, check_timestamp=1779862595808, timestamp=1779862595807, status=UP}
2026-05-27 15:16:36.805 [pool-3-thread-1] INFO  c.f.engine.metrics.MetricsCollector - [MetricsCollector] 8건 메트릭 InfluxDB 적재 완료
2026-05-27 15:16:37.946 [pool-1-thread-8] INFO  com.fbp.engine.node.impl.LogNode - [15:16:37.946][logger] {tick=695, __inPort=in, check_timestamp=1779862597946, timestamp=1779862597946, status=UP}
2026-05-27 15:16:40.809 [pool-1-thread-8] INFO  com.fbp.engine.node.impl.LogNode - [15:16:40.809][logger] {tick=696, __inPort=in, check_timestamp=1779862600809, timestamp=1779862600809, status=UP}
2026-05-27 15:16:42.942 [pool-1-thread-8] INFO  com.fbp.engine.node.impl.LogNode - [15:16:42.942][logger] {tick=697, __inPort=in, check_timestamp=1779862602942, timestamp=1779862602942, status=UP}
2026-05-27 15:16:45.807 [pool-1-thread-8] INFO  com.fbp.engine.node.impl.LogNode - [15:16:45.807][logger] {tick=698, __inPort=in, check_timestamp=1779862605806, timestamp=1779862605806, status=UP}
2026-05-27 15:16:46.799 [pool-3-thread-1] INFO  c.f.engine.metrics.MetricsCollector - [MetricsCollector] 8건 메트릭 InfluxDB 적재 완료
2026-05-27 15:16:47.944 [pool-1-thread-8] INFO  com.fbp.engine.node.impl.LogNode - [15:16:47.944][logger] {tick=699, __inPort=in, check_timestamp=1779862607944, timestamp=1779862607944, status=UP}
2026-05-27 15:16:50.809 [pool-1-thread-8] INFO  com.fbp.engine.node.impl.LogNode - [15:16:50.809][logger] {tick=700, __inPort=in, check_timestamp=1779862610809, timestamp=1779862610809, status=UP}
2026-05-27 15:16:52.946 [pool-1-thread-8] INFO  com.fbp.engine.node.impl.LogNode - [15:16:52.946][logger] {tick=701, __inPort=in, check_timestamp=1779862612946, timestamp=1779862612946, status=UP}
2026-05-27 15:16:55.807 [pool-1-thread-8] INFO  com.fbp.engine.node.impl.LogNode - [15:16:55.807][logger] {tick=702, __inPort=in, check_timestamp=1779862615807, timestamp=1779862615807, status=UP}
2026-05-27 15:16:56.804 [pool-3-thread-1] INFO  c.f.engine.metrics.MetricsCollector - [MetricsCollector] 8건 메트릭 InfluxDB 적재 완료
2026-05-27 15:16:57.946 [pool-1-thread-8] INFO  com.fbp.engine.node.impl.LogNode - [15:16:57.946][logger] {tick=703, __inPort=in, check_timestamp=1779862617946, timestamp=1779862617946, status=UP}
2026-05-27 15:17:00.809 [pool-1-thread-8] INFO  com.fbp.engine.node.impl.LogNode - [15:17:00.809][logger] {tick=704, __inPort=in, check_timestamp=1779862620808, timestamp=1779862620808, status=UP}
2026-05-27 15:17:02.946 [pool-1-thread-8] INFO  com.fbp.engine.node.impl.LogNode - [15:17:02.946][logger] {tick=705, __inPort=in, check_timestamp=1779862622946, timestamp=1779862622946, status=UP}
2026-05-27 15:17:05.807 [pool-1-thread-8] INFO  com.fbp.engine.node.impl.LogNode - [15:17:05.807][logger] {tick=706, __inPort=in, check_timestamp=1779862625807, timestamp=1779862625807, status=UP}
2026-05-27 15:17:06.806 [pool-3-thread-1] INFO  c.f.engine.metrics.MetricsCollector - [MetricsCollector] 8건 메트릭 InfluxDB 적재 완료
2026-05-27 15:17:07.945 [pool-1-thread-8] INFO  com.fbp.engine.node.impl.LogNode - [15:17:07.945][logger] {tick=707, __inPort=in, check_timestamp=1779862627945, timestamp=1779862627944, status=UP}
2026-05-27 15:17:10.809 [pool-1-thread-8] INFO  com.fbp.engine.node.impl.LogNode - [15:17:10.809][logger] {tick=708, __inPort=in, check_timestamp=1779862630809, timestamp=1779862630809, status=UP}
2026-05-27 15:17:12.941 [pool-1-thread-8] INFO  com.fbp.engine.node.impl.LogNode - [15:17:12.941][logger] {tick=709, __inPort=in, check_timestamp=1779862632941, timestamp=1779862632941, status=UP}
2026-05-27 15:17:15.809 [pool-1-thread-8] INFO  com.fbp.engine.node.impl.LogNode - [15:17:15.809][logger] {tick=710, __inPort=in, check_timestamp=1779862635809, timestamp=1779862635809, status=UP}
2026-05-27 15:17:16.802 [pool-3-thread-1] INFO  c.f.engine.metrics.MetricsCollector - [MetricsCollector] 8건 메트릭 InfluxDB 적재 완료
2026-05-27 15:17:17.944 [pool-1-thread-8] INFO  com.fbp.engine.node.impl.LogNode - [15:17:17.944][logger] {tick=711, __inPort=in, check_timestamp=1779862637944, timestamp=1779862637943, status=UP}
2026-05-27 15:17:20.808 [pool-1-thread-8] INFO  com.fbp.engine.node.impl.LogNode - [15:17:20.808][logger] {tick=712, __inPort=in, check_timestamp=1779862640808, timestamp=1779862640807, status=UP}
2026-05-27 15:17:22.946 [pool-1-thread-8] INFO  com.fbp.engine.node.impl.LogNode - [15:17:22.946][logger] {tick=713, __inPort=in, check_timestamp=1779862642946, timestamp=1779862642945, status=UP}
2026-05-27 15:17:25.806 [pool-1-thread-8] INFO  com.fbp.engine.node.impl.LogNode - [15:17:25.806][logger] {tick=714, __inPort=in, check_timestamp=1779862645806, timestamp=1779862645805, status=UP}
2026-05-27 15:17:26.803 [pool-3-thread-1] INFO  c.f.engine.metrics.MetricsCollector - [MetricsCollector] 8건 메트릭 InfluxDB 적재 완료
2026-05-27 15:17:27.944 [pool-1-thread-8] INFO  com.fbp.engine.node.impl.LogNode - [15:17:27.944][logger] {tick=715, __inPort=in, check_timestamp=1779862647944, timestamp=1779862647944, status=UP}
2026-05-27 15:17:30.809 [pool-1-thread-8] INFO  com.fbp.engine.node.impl.LogNode - [15:17:30.809][logger] {tick=716, __inPort=in, check_timestamp=1779862650809, timestamp=1779862650809, status=UP}
2026-05-27 15:17:32.944 [pool-1-thread-8] INFO  com.fbp.engine.node.impl.LogNode - [15:17:32.944][logger] {tick=717, __inPort=in, check_timestamp=1779862652944, timestamp=1779862652944, status=UP}
2026-05-27 15:17:35.807 [pool-1-thread-8] INFO  com.fbp.engine.node.impl.LogNode - [15:17:35.807][logger] {tick=718, __inPort=in, check_timestamp=1779862655807, timestamp=1779862655807, status=UP}
2026-05-27 15:17:36.798 [pool-3-thread-1] INFO  c.f.engine.metrics.MetricsCollector - [MetricsCollector] 8건 메트릭 InfluxDB 적재 완료
2026-05-27 15:17:37.942 [pool-1-thread-8] INFO  com.fbp.engine.node.impl.LogNode - [15:17:37.942][logger] {tick=719, __inPort=in, check_timestamp=1779862657942, timestamp=1779862657942, status=UP}
2026-05-27 15:17:40.804 [pool-1-thread-8] INFO  com.fbp.engine.node.impl.LogNode - [15:17:40.804][logger] {tick=720, __inPort=in, check_timestamp=1779862660804, timestamp=1779862660804, status=UP}
2026-05-27 15:17:42.942 [pool-1-thread-8] INFO  com.fbp.engine.node.impl.LogNode - [15:17:42.942][logger] {tick=721, __inPort=in, check_timestamp=1779862662942, timestamp=1779862662942, status=UP}
2026-05-27 15:17:45.809 [pool-1-thread-8] INFO  com.fbp.engine.node.impl.LogNode - [15:17:45.809][logger] {tick=722, __inPort=in, check_timestamp=1779862665808, timestamp=1779862665808, status=UP}
2026-05-27 15:17:46.836 [pool-3-thread-1] INFO  c.f.engine.metrics.MetricsCollector - [MetricsCollector] 8건 메트릭 InfluxDB 적재 완료
2026-05-27 15:17:47.941 [pool-1-thread-8] INFO  com.fbp.engine.node.impl.LogNode - [15:17:47.941][logger] {tick=723, __inPort=in, check_timestamp=1779862667941, timestamp=1779862667941, status=UP}
2026-05-27 15:17:50.809 [pool-1-thread-8] INFO  com.fbp.engine.node.impl.LogNode - [15:17:50.809][logger] {tick=724, __inPort=in, check_timestamp=1779862670809, timestamp=1779862670809, status=UP}
2026-05-27 15:17:52.946 [pool-1-thread-8] INFO  com.fbp.engine.node.impl.LogNode - [15:17:52.945][logger] {tick=725, __inPort=in, check_timestamp=1779862672945, timestamp=1779862672945, status=UP}
2026-05-27 15:17:55.809 [pool-1-thread-8] INFO  com.fbp.engine.node.impl.LogNode - [15:17:55.809][logger] {tick=726, __inPort=in, check_timestamp=1779862675809, timestamp=1779862675809, status=UP}
2026-05-27 15:17:56.804 [pool-3-thread-1] INFO  c.f.engine.metrics.MetricsCollector - [MetricsCollector] 8건 메트릭 InfluxDB 적재 완료
2026-05-27 15:17:57.946 [pool-1-thread-8] INFO  com.fbp.engine.node.impl.LogNode - [15:17:57.946][logger] {tick=727, __inPort=in, check_timestamp=1779862677946, timestamp=1779862677945, status=UP}
2026-05-27 15:18:00.809 [pool-1-thread-8] INFO  com.fbp.engine.node.impl.LogNode - [15:18:00.809][logger] {tick=728, __inPort=in, check_timestamp=1779862680809, timestamp=1779862680808, status=UP}
2026-05-27 15:18:02.943 [pool-1-thread-8] INFO  com.fbp.engine.node.impl.LogNode - [15:18:02.943][logger] {tick=729, __inPort=in, check_timestamp=1779862682943, timestamp=1779862682943, status=UP}
2026-05-27 15:18:05.809 [pool-1-thread-8] INFO  com.fbp.engine.node.impl.LogNode - [15:18:05.809][logger] {tick=730, __inPort=in, check_timestamp=1779862685809, timestamp=1779862685809, status=UP}
2026-05-27 15:18:06.802 [pool-3-thread-1] INFO  c.f.engine.metrics.MetricsCollector - [MetricsCollector] 8건 메트릭 InfluxDB 적재 완료
2026-05-27 15:18:07.945 [pool-1-thread-8] INFO  com.fbp.engine.node.impl.LogNode - [15:18:07.945][logger] {tick=731, __inPort=in, check_timestamp=1779862687945, timestamp=1779862687945, status=UP}
2026-05-27 15:18:10.809 [pool-1-thread-8] INFO  com.fbp.engine.node.impl.LogNode - [15:18:10.809][logger] {tick=732, __inPort=in, check_timestamp=1779862690809, timestamp=1779862690809, status=UP}
2026-05-27 15:18:12.946 [pool-1-thread-8] INFO  com.fbp.engine.node.impl.LogNode - [15:18:12.946][logger] {tick=733, __inPort=in, check_timestamp=1779862692946, timestamp=1779862692945, status=UP}
2026-05-27 15:18:15.809 [pool-1-thread-8] INFO  com.fbp.engine.node.impl.LogNode - [15:18:15.809][logger] {tick=734, __inPort=in, check_timestamp=1779862695809, timestamp=1779862695809, status=UP}
2026-05-27 15:18:16.800 [pool-3-thread-1] INFO  c.f.engine.metrics.MetricsCollector - [MetricsCollector] 8건 메트릭 InfluxDB 적재 완료
2026-05-27 15:18:17.941 [pool-1-thread-8] INFO  com.fbp.engine.node.impl.LogNode - [15:18:17.941][logger] {tick=735, __inPort=in, check_timestamp=1779862697941, timestamp=1779862697941, status=UP}
2026-05-27 15:18:20.804 [pool-1-thread-8] INFO  com.fbp.engine.node.impl.LogNode - [15:18:20.804][logger] {tick=736, __inPort=in, check_timestamp=1779862700804, timestamp=1779862700804, status=UP}
2026-05-27 15:18:22.946 [pool-1-thread-8] INFO  com.fbp.engine.node.impl.LogNode - [15:18:22.945][logger] {tick=737, __inPort=in, check_timestamp=1779862702945, timestamp=1779862702945, status=UP}
2026-05-27 15:18:25.809 [pool-1-thread-8] INFO  com.fbp.engine.node.impl.LogNode - [15:18:25.809][logger] {tick=738, __inPort=in, check_timestamp=1779862705809, timestamp=1779862705808, status=UP}
2026-05-27 15:18:26.799 [pool-3-thread-1] INFO  c.f.engine.metrics.MetricsCollector - [MetricsCollector] 8건 메트릭 InfluxDB 적재 완료
2026-05-27 15:18:27.944 [pool-1-thread-8] INFO  com.fbp.engine.node.impl.LogNode - [15:18:27.944][logger] {tick=739, __inPort=in, check_timestamp=1779862707944, timestamp=1779862707943, status=UP}
2026-05-27 15:18:30.805 [pool-1-thread-8] INFO  com.fbp.engine.node.impl.LogNode - [15:18:30.805][logger] {tick=740, __inPort=in, check_timestamp=1779862710805, timestamp=1779862710805, status=UP}
2026-05-27 15:18:32.941 [pool-1-thread-8] INFO  com.fbp.engine.node.impl.LogNode - [15:18:32.941][logger] {tick=741, __inPort=in, check_timestamp=1779862712941, timestamp=1779862712941, status=UP}
2026-05-27 15:18:35.809 [pool-1-thread-8] INFO  com.fbp.engine.node.impl.LogNode - [15:18:35.809][logger] {tick=742, __inPort=in, check_timestamp=1779862715809, timestamp=1779862715808, status=UP}
2026-05-27 15:18:36.805 [pool-3-thread-1] INFO  c.f.engine.metrics.MetricsCollector - [MetricsCollector] 8건 메트릭 InfluxDB 적재 완료
2026-05-27 15:18:37.947 [pool-1-thread-8] INFO  com.fbp.engine.node.impl.LogNode - [15:18:37.947][logger] {tick=743, __inPort=in, check_timestamp=1779862717946, timestamp=1779862717945, status=UP}
2026-05-27 15:18:40.804 [pool-1-thread-8] INFO  com.fbp.engine.node.impl.LogNode - [15:18:40.804][logger] {tick=744, __inPort=in, check_timestamp=1779862720804, timestamp=1779862720804, status=UP}
2026-05-27 15:18:42.943 [pool-1-thread-8] INFO  com.fbp.engine.node.impl.LogNode - [15:18:42.943][logger] {tick=745, __inPort=in, check_timestamp=1779862722943, timestamp=1779862722943, status=UP}
2026-05-27 15:18:45.808 [pool-1-thread-8] INFO  com.fbp.engine.node.impl.LogNode - [15:18:45.808][logger] {tick=746, __inPort=in, check_timestamp=1779862725808, timestamp=1779862725808, status=UP}
2026-05-27 15:18:46.800 [pool-3-thread-1] INFO  c.f.engine.metrics.MetricsCollector - [MetricsCollector] 8건 메트릭 InfluxDB 적재 완료
2026-05-27 15:18:47.944 [pool-1-thread-8] INFO  com.fbp.engine.node.impl.LogNode - [15:18:47.944][logger] {tick=747, __inPort=in, check_timestamp=1779862727944, timestamp=1779862727944, status=UP}
2026-05-27 15:18:50.809 [pool-1-thread-8] INFO  com.fbp.engine.node.impl.LogNode - [15:18:50.809][logger] {tick=748, __inPort=in, check_timestamp=1779862730809, timestamp=1779862730808, status=UP}
2026-05-27 15:18:52.946 [pool-1-thread-8] INFO  com.fbp.engine.node.impl.LogNode - [15:18:52.946][logger] {tick=749, __inPort=in, check_timestamp=1779862732945, timestamp=1779862732945, status=UP}
2026-05-27 15:18:55.807 [pool-1-thread-8] INFO  com.fbp.engine.node.impl.LogNode - [15:18:55.807][logger] {tick=750, __inPort=in, check_timestamp=1779862735806, timestamp=1779862735806, status=UP}
2026-05-27 15:18:56.804 [pool-3-thread-1] INFO  c.f.engine.metrics.MetricsCollector - [MetricsCollector] 8건 메트릭 InfluxDB 적재 완료
2026-05-27 15:18:57.941 [pool-1-thread-8] INFO  com.fbp.engine.node.impl.LogNode - [15:18:57.941][logger] {tick=751, __inPort=in, check_timestamp=1779862737941, timestamp=1779862737941, status=UP}
2026-05-27 15:19:00.809 [pool-1-thread-8] INFO  com.fbp.engine.node.impl.LogNode - [15:19:00.809][logger] {tick=752, __inPort=in, check_timestamp=1779862740808, timestamp=1779862740808, status=UP}
2026-05-27 15:19:02.946 [pool-1-thread-8] INFO  com.fbp.engine.node.impl.LogNode - [15:19:02.945][logger] {tick=753, __inPort=in, check_timestamp=1779862742945, timestamp=1779862742945, status=UP}
2026-05-27 15:19:05.809 [pool-1-thread-8] INFO  com.fbp.engine.node.impl.LogNode - [15:19:05.809][logger] {tick=754, __inPort=in, check_timestamp=1779862745808, timestamp=1779862745808, status=UP}
2026-05-27 15:19:06.805 [pool-3-thread-1] INFO  c.f.engine.metrics.MetricsCollector - [MetricsCollector] 8건 메트릭 InfluxDB 적재 완료
2026-05-27 15:19:07.945 [pool-1-thread-8] INFO  com.fbp.engine.node.impl.LogNode - [15:19:07.945][logger] {tick=755, __inPort=in, check_timestamp=1779862747945, timestamp=1779862747945, status=UP}
2026-05-27 15:19:10.809 [pool-1-thread-8] INFO  com.fbp.engine.node.impl.LogNode - [15:19:10.809][logger] {tick=756, __inPort=in, check_timestamp=1779862750809, timestamp=1779862750808, status=UP}
2026-05-27 15:19:12.945 [pool-1-thread-8] INFO  com.fbp.engine.node.impl.LogNode - [15:19:12.945][logger] {tick=757, __inPort=in, check_timestamp=1779862752945, timestamp=1779862752945, status=UP}
2026-05-27 15:19:15.809 [pool-1-thread-8] INFO  com.fbp.engine.node.impl.LogNode - [15:19:15.809][logger] {tick=758, __inPort=in, check_timestamp=1779862755809, timestamp=1779862755808, status=UP}
2026-05-27 15:19:16.824 [pool-3-thread-1] INFO  c.f.engine.metrics.MetricsCollector - [MetricsCollector] 8건 메트릭 InfluxDB 적재 완료
2026-05-27 15:19:17.946 [pool-1-thread-8] INFO  com.fbp.engine.node.impl.LogNode - [15:19:17.946][logger] {tick=759, __inPort=in, check_timestamp=1779862757946, timestamp=1779862757945, status=UP}
2026-05-27 15:19:20.809 [pool-1-thread-8] INFO  com.fbp.engine.node.impl.LogNode - [15:19:20.809][logger] {tick=760, __inPort=in, check_timestamp=1779862760809, timestamp=1779862760808, status=UP}
2026-05-27 15:19:22.945 [pool-1-thread-8] INFO  com.fbp.engine.node.impl.LogNode - [15:19:22.945][logger] {tick=761, __inPort=in, check_timestamp=1779862762945, timestamp=1779862762945, status=UP}
2026-05-27 15:19:25.805 [pool-1-thread-8] INFO  com.fbp.engine.node.impl.LogNode - [15:19:25.804][logger] {tick=762, __inPort=in, check_timestamp=1779862765804, timestamp=1779862765804, status=UP}
2026-05-27 15:19:26.801 [pool-3-thread-1] INFO  c.f.engine.metrics.MetricsCollector - [MetricsCollector] 8건 메트릭 InfluxDB 적재 완료
2026-05-27 15:19:27.946 [pool-1-thread-8] INFO  com.fbp.engine.node.impl.LogNode - [15:19:27.945][logger] {tick=763, __inPort=in, check_timestamp=1779862767945, timestamp=1779862767945, status=UP}
2026-05-27 15:19:30.808 [pool-1-thread-8] INFO  com.fbp.engine.node.impl.LogNode - [15:19:30.808][logger] {tick=764, __inPort=in, check_timestamp=1779862770808, timestamp=1779862770808, status=UP}
2026-05-27 15:19:32.945 [pool-1-thread-8] INFO  com.fbp.engine.node.impl.LogNode - [15:19:32.945][logger] {tick=765, __inPort=in, check_timestamp=1779862772945, timestamp=1779862772944, status=UP}
2026-05-27 15:19:35.808 [pool-1-thread-8] INFO  com.fbp.engine.node.impl.LogNode - [15:19:35.808][logger] {tick=766, __inPort=in, check_timestamp=1779862775808, timestamp=1779862775808, status=UP}
2026-05-27 15:19:36.806 [pool-3-thread-1] INFO  c.f.engine.metrics.MetricsCollector - [MetricsCollector] 8건 메트릭 InfluxDB 적재 완료
2026-05-27 15:19:37.943 [pool-1-thread-8] INFO  com.fbp.engine.node.impl.LogNode - [15:19:37.943][logger] {tick=767, __inPort=in, check_timestamp=1779862777943, timestamp=1779862777943, status=UP}
2026-05-27 15:19:40.809 [pool-1-thread-8] INFO  com.fbp.engine.node.impl.LogNode - [15:19:40.809][logger] {tick=768, __inPort=in, check_timestamp=1779862780808, timestamp=1779862780808, status=UP}
2026-05-27 15:19:42.945 [pool-1-thread-8] INFO  com.fbp.engine.node.impl.LogNode - [15:19:42.945][logger] {tick=769, __inPort=in, check_timestamp=1779862782945, timestamp=1779862782945, status=UP}
2026-05-27 15:19:45.809 [pool-1-thread-8] INFO  com.fbp.engine.node.impl.LogNode - [15:19:45.809][logger] {tick=770, __inPort=in, check_timestamp=1779862785809, timestamp=1779862785808, status=UP}
2026-05-27 15:19:46.803 [pool-3-thread-1] INFO  c.f.engine.metrics.MetricsCollector - [MetricsCollector] 8건 메트릭 InfluxDB 적재 완료
2026-05-27 15:19:47.945 [pool-1-thread-8] INFO  com.fbp.engine.node.impl.LogNode - [15:19:47.945][logger] {tick=771, __inPort=in, check_timestamp=1779862787945, timestamp=1779862787945, status=UP}
2026-05-27 15:19:50.809 [pool-1-thread-8] INFO  com.fbp.engine.node.impl.LogNode - [15:19:50.809][logger] {tick=772, __inPort=in, check_timestamp=1779862790809, timestamp=1779862790808, status=UP}
2026-05-27 15:19:52.945 [pool-1-thread-8] INFO  com.fbp.engine.node.impl.LogNode - [15:19:52.945][logger] {tick=773, __inPort=in, check_timestamp=1779862792945, timestamp=1779862792945, status=UP}
2026-05-27 15:19:55.809 [pool-1-thread-8] INFO  com.fbp.engine.node.impl.LogNode - [15:19:55.809][logger] {tick=774, __inPort=in, check_timestamp=1779862795808, timestamp=1779862795808, status=UP}
2026-05-27 15:19:56.803 [pool-3-thread-1] INFO  c.f.engine.metrics.MetricsCollector - [MetricsCollector] 8건 메트릭 InfluxDB 적재 완료
2026-05-27 15:19:57.945 [pool-1-thread-8] INFO  com.fbp.engine.node.impl.LogNode - [15:19:57.945][logger] {tick=775, __inPort=in, check_timestamp=1779862797945, timestamp=1779862797945, status=UP}
2026-05-27 15:20:00.805 [pool-1-thread-8] INFO  com.fbp.engine.node.impl.LogNode - [15:20:00.805][logger] {tick=776, __inPort=in, check_timestamp=1779862800805, timestamp=1779862800804, status=UP}
2026-05-27 15:20:02.945 [pool-1-thread-8] INFO  com.fbp.engine.node.impl.LogNode - [15:20:02.945][logger] {tick=777, __inPort=in, check_timestamp=1779862802945, timestamp=1779862802945, status=UP}
2026-05-27 15:20:05.804 [pool-1-thread-8] INFO  com.fbp.engine.node.impl.LogNode - [15:20:05.804][logger] {tick=778, __inPort=in, check_timestamp=1779862805804, timestamp=1779862805803, status=UP}
2026-05-27 15:20:06.806 [pool-3-thread-1] INFO  c.f.engine.metrics.MetricsCollector - [MetricsCollector] 8건 메트릭 InfluxDB 적재 완료
2026-05-27 15:20:07.945 [pool-1-thread-8] INFO  com.fbp.engine.node.impl.LogNode - [15:20:07.945][logger] {tick=779, __inPort=in, check_timestamp=1779862807945, timestamp=1779862807945, status=UP}
2026-05-27 15:20:10.805 [pool-1-thread-8] INFO  com.fbp.engine.node.impl.LogNode - [15:20:10.805][logger] {tick=780, __inPort=in, check_timestamp=1779862810805, timestamp=1779862810805, status=UP}
2026-05-27 15:20:12.945 [pool-1-thread-8] INFO  com.fbp.engine.node.impl.LogNode - [15:20:12.945][logger] {tick=781, __inPort=in, check_timestamp=1779862812945, timestamp=1779862812945, status=UP}
2026-05-27 15:20:15.806 [pool-1-thread-8] INFO  com.fbp.engine.node.impl.LogNode - [15:20:15.806][logger] {tick=782, __inPort=in, check_timestamp=1779862815806, timestamp=1779862815806, status=UP}
2026-05-27 15:20:16.801 [pool-3-thread-1] INFO  c.f.engine.metrics.MetricsCollector - [MetricsCollector] 8건 메트릭 InfluxDB 적재 완료
2026-05-27 15:20:17.942 [pool-1-thread-8] INFO  com.fbp.engine.node.impl.LogNode - [15:20:17.942][logger] {tick=783, __inPort=in, check_timestamp=1779862817942, timestamp=1779862817942, status=UP}
2026-05-27 15:20:20.808 [pool-1-thread-8] INFO  com.fbp.engine.node.impl.LogNode - [15:20:20.808][logger] {tick=784, __inPort=in, check_timestamp=1779862820808, timestamp=1779862820808, status=UP}
2026-05-27 15:20:22.944 [pool-1-thread-8] INFO  com.fbp.engine.node.impl.LogNode - [15:20:22.944][logger] {tick=785, __inPort=in, check_timestamp=1779862822944, timestamp=1779862822944, status=UP}
2026-05-27 15:20:25.804 [pool-1-thread-8] INFO  com.fbp.engine.node.impl.LogNode - [15:20:25.804][logger] {tick=786, __inPort=in, check_timestamp=1779862825804, timestamp=1779862825804, status=UP}
2026-05-27 15:20:26.805 [pool-3-thread-1] INFO  c.f.engine.metrics.MetricsCollector - [MetricsCollector] 8건 메트릭 InfluxDB 적재 완료
2026-05-27 15:20:27.945 [pool-1-thread-8] INFO  com.fbp.engine.node.impl.LogNode - [15:20:27.945][logger] {tick=787, __inPort=in, check_timestamp=1779862827945, timestamp=1779862827945, status=UP}
2026-05-27 15:20:30.806 [pool-1-thread-8] INFO  com.fbp.engine.node.impl.LogNode - [15:20:30.806][logger] {tick=788, __inPort=in, check_timestamp=1779862830806, timestamp=1779862830806, status=UP}
2026-05-27 15:20:32.945 [pool-1-thread-8] INFO  com.fbp.engine.node.impl.LogNode - [15:20:32.945][logger] {tick=789, __inPort=in, check_timestamp=1779862832945, timestamp=1779862832945, status=UP}
2026-05-27 15:20:35.808 [pool-1-thread-8] INFO  com.fbp.engine.node.impl.LogNode - [15:20:35.808][logger] {tick=790, __inPort=in, check_timestamp=1779862835808, timestamp=1779862835808, status=UP}
2026-05-27 15:20:36.795 [pool-3-thread-1] INFO  c.f.engine.metrics.MetricsCollector - [MetricsCollector] 8건 메트릭 InfluxDB 적재 완료
2026-05-27 15:20:37.942 [pool-1-thread-8] INFO  com.fbp.engine.node.impl.LogNode - [15:20:37.942][logger] {tick=791, __inPort=in, check_timestamp=1779862837942, timestamp=1779862837941, status=UP}
2026-05-27 15:20:40.806 [pool-1-thread-8] INFO  com.fbp.engine.node.impl.LogNode - [15:20:40.806][logger] {tick=792, __inPort=in, check_timestamp=1779862840806, timestamp=1779862840806, status=UP}
2026-05-27 15:20:42.945 [pool-1-thread-8] INFO  com.fbp.engine.node.impl.LogNode - [15:20:42.945][logger] {tick=793, __inPort=in, check_timestamp=1779862842945, timestamp=1779862842945, status=UP}
2026-05-27 15:20:45.808 [pool-1-thread-8] INFO  com.fbp.engine.node.impl.LogNode - [15:20:45.808][logger] {tick=794, __inPort=in, check_timestamp=1779862845808, timestamp=1779862845808, status=UP}
2026-05-27 15:20:46.816 [pool-3-thread-1] INFO  c.f.engine.metrics.MetricsCollector - [MetricsCollector] 8건 메트릭 InfluxDB 적재 완료
2026-05-27 15:20:47.945 [pool-1-thread-8] INFO  com.fbp.engine.node.impl.LogNode - [15:20:47.945][logger] {tick=795, __inPort=in, check_timestamp=1779862847945, timestamp=1779862847945, status=UP}
2026-05-27 15:20:50.808 [pool-1-thread-8] INFO  com.fbp.engine.node.impl.LogNode - [15:20:50.808][logger] {tick=796, __inPort=in, check_timestamp=1779862850808, timestamp=1779862850808, status=UP}
2026-05-27 15:20:52.945 [pool-1-thread-8] INFO  com.fbp.engine.node.impl.LogNode - [15:20:52.945][logger] {tick=797, __inPort=in, check_timestamp=1779862852945, timestamp=1779862852945, status=UP}
2026-05-27 15:20:55.808 [pool-1-thread-8] INFO  com.fbp.engine.node.impl.LogNode - [15:20:55.808][logger] {tick=798, __inPort=in, check_timestamp=1779862855808, timestamp=1779862855808, status=UP}
2026-05-27 15:20:56.802 [pool-3-thread-1] INFO  c.f.engine.metrics.MetricsCollector - [MetricsCollector] 8건 메트릭 InfluxDB 적재 완료
2026-05-27 15:20:57.943 [pool-1-thread-8] INFO  com.fbp.engine.node.impl.LogNode - [15:20:57.943][logger] {tick=799, __inPort=in, check_timestamp=1779862857943, timestamp=1779862857943, status=UP}
2026-05-27 15:21:00.806 [pool-1-thread-8] INFO  com.fbp.engine.node.impl.LogNode - [15:21:00.806][logger] {tick=800, __inPort=in, check_timestamp=1779862860806, timestamp=1779862860806, status=UP}
2026-05-27 15:21:02.941 [pool-1-thread-8] INFO  com.fbp.engine.node.impl.LogNode - [15:21:02.941][logger] {tick=801, __inPort=in, check_timestamp=1779862862941, timestamp=1779862862941, status=UP}
2026-05-27 15:21:05.807 [pool-1-thread-8] INFO  com.fbp.engine.node.impl.LogNode - [15:21:05.807][logger] {tick=802, __inPort=in, check_timestamp=1779862865807, timestamp=1779862865807, status=UP}
2026-05-27 15:21:06.803 [pool-3-thread-1] INFO  c.f.engine.metrics.MetricsCollector - [MetricsCollector] 8건 메트릭 InfluxDB 적재 완료
2026-05-27 15:21:07.945 [pool-1-thread-8] INFO  com.fbp.engine.node.impl.LogNode - [15:21:07.945][logger] {tick=803, __inPort=in, check_timestamp=1779862867945, timestamp=1779862867945, status=UP}
2026-05-27 15:21:10.805 [pool-1-thread-8] INFO  com.fbp.engine.node.impl.LogNode - [15:21:10.805][logger] {tick=804, __inPort=in, check_timestamp=1779862870805, timestamp=1779862870805, status=UP}
2026-05-27 15:21:12.942 [pool-1-thread-8] INFO  com.fbp.engine.node.impl.LogNode - [15:21:12.941][logger] {tick=805, __inPort=in, check_timestamp=1779862872941, timestamp=1779862872941, status=UP}
2026-05-27 15:21:15.807 [pool-1-thread-8] INFO  com.fbp.engine.node.impl.LogNode - [15:21:15.807][logger] {tick=806, __inPort=in, check_timestamp=1779862875806, timestamp=1779862875806, status=UP}
2026-05-27 15:21:16.804 [pool-3-thread-1] INFO  c.f.engine.metrics.MetricsCollector - [MetricsCollector] 8건 메트릭 InfluxDB 적재 완료
2026-05-27 15:21:17.945 [pool-1-thread-8] INFO  com.fbp.engine.node.impl.LogNode - [15:21:17.945][logger] {tick=807, __inPort=in, check_timestamp=1779862877945, timestamp=1779862877945, status=UP}
2026-05-27 15:21:20.808 [pool-1-thread-8] INFO  com.fbp.engine.node.impl.LogNode - [15:21:20.808][logger] {tick=808, __inPort=in, check_timestamp=1779862880808, timestamp=1779862880808, status=UP}
2026-05-27 15:21:22.943 [pool-1-thread-8] INFO  com.fbp.engine.node.impl.LogNode - [15:21:22.943][logger] {tick=809, __inPort=in, check_timestamp=1779862882943, timestamp=1779862882942, status=UP}
2026-05-27 15:21:25.808 [pool-1-thread-8] INFO  com.fbp.engine.node.impl.LogNode - [15:21:25.808][logger] {tick=810, __inPort=in, check_timestamp=1779862885808, timestamp=1779862885808, status=UP}
2026-05-27 15:21:26.800 [pool-3-thread-1] INFO  c.f.engine.metrics.MetricsCollector - [MetricsCollector] 8건 메트릭 InfluxDB 적재 완료
2026-05-27 15:21:27.945 [pool-1-thread-8] INFO  com.fbp.engine.node.impl.LogNode - [15:21:27.945][logger] {tick=811, __inPort=in, check_timestamp=1779862887945, timestamp=1779862887945, status=UP}
2026-05-27 15:21:30.806 [pool-1-thread-8] INFO  com.fbp.engine.node.impl.LogNode - [15:21:30.806][logger] {tick=812, __inPort=in, check_timestamp=1779862890806, timestamp=1779862890806, status=UP}
2026-05-27 15:21:32.941 [pool-1-thread-8] INFO  com.fbp.engine.node.impl.LogNode - [15:21:32.941][logger] {tick=813, __inPort=in, check_timestamp=1779862892941, timestamp=1779862892940, status=UP}
2026-05-27 15:21:35.804 [pool-1-thread-8] INFO  com.fbp.engine.node.impl.LogNode - [15:21:35.804][logger] {tick=814, __inPort=in, check_timestamp=1779862895803, timestamp=1779862895803, status=UP}
2026-05-27 15:21:36.805 [pool-3-thread-1] INFO  c.f.engine.metrics.MetricsCollector - [MetricsCollector] 8건 메트릭 InfluxDB 적재 완료
2026-05-27 15:21:37.945 [pool-1-thread-8] INFO  com.fbp.engine.node.impl.LogNode - [15:21:37.945][logger] {tick=815, __inPort=in, check_timestamp=1779862897945, timestamp=1779862897945, status=UP}
2026-05-27 15:21:40.807 [pool-1-thread-8] INFO  com.fbp.engine.node.impl.LogNode - [15:21:40.807][logger] {tick=816, __inPort=in, check_timestamp=1779862900807, timestamp=1779862900806, status=UP}
2026-05-27 15:21:42.945 [pool-1-thread-8] INFO  com.fbp.engine.node.impl.LogNode - [15:21:42.945][logger] {tick=817, __inPort=in, check_timestamp=1779862902945, timestamp=1779862902945, status=UP}
2026-05-27 15:21:45.808 [pool-1-thread-8] INFO  com.fbp.engine.node.impl.LogNode - [15:21:45.808][logger] {tick=818, __inPort=in, check_timestamp=1779862905808, timestamp=1779862905808, status=UP}
2026-05-27 15:21:46.801 [pool-3-thread-1] INFO  c.f.engine.metrics.MetricsCollector - [MetricsCollector] 8건 메트릭 InfluxDB 적재 완료
2026-05-27 15:21:47.943 [pool-1-thread-8] INFO  com.fbp.engine.node.impl.LogNode - [15:21:47.943][logger] {tick=819, __inPort=in, check_timestamp=1779862907943, timestamp=1779862907942, status=UP}
2026-05-27 15:21:50.805 [pool-1-thread-8] INFO  com.fbp.engine.node.impl.LogNode - [15:21:50.805][logger] {tick=820, __inPort=in, check_timestamp=1779862910805, timestamp=1779862910805, status=UP}
2026-05-27 15:21:52.942 [pool-1-thread-8] INFO  com.fbp.engine.node.impl.LogNode - [15:21:52.942][logger] {tick=821, __inPort=in, check_timestamp=1779862912942, timestamp=1779862912941, status=UP}
2026-05-27 15:21:55.804 [pool-1-thread-8] INFO  com.fbp.engine.node.impl.LogNode - [15:21:55.804][logger] {tick=822, __inPort=in, check_timestamp=1779862915804, timestamp=1779862915803, status=UP}
2026-05-27 15:21:56.803 [pool-3-thread-1] INFO  c.f.engine.metrics.MetricsCollector - [MetricsCollector] 8건 메트릭 InfluxDB 적재 완료
2026-05-27 15:21:57.943 [pool-1-thread-8] INFO  com.fbp.engine.node.impl.LogNode - [15:21:57.943][logger] {tick=823, __inPort=in, check_timestamp=1779862917943, timestamp=1779862917943, status=UP}
2026-05-27 15:22:00.808 [pool-1-thread-8] INFO  com.fbp.engine.node.impl.LogNode - [15:22:00.808][logger] {tick=824, __inPort=in, check_timestamp=1779862920808, timestamp=1779862920808, status=UP}
2026-05-27 15:22:02.942 [pool-1-thread-8] INFO  com.fbp.engine.node.impl.LogNode - [15:22:02.942][logger] {tick=825, __inPort=in, check_timestamp=1779862922941, timestamp=1779862922941, status=UP}
2026-05-27 15:22:05.806 [pool-1-thread-8] INFO  com.fbp.engine.node.impl.LogNode - [15:22:05.806][logger] {tick=826, __inPort=in, check_timestamp=1779862925806, timestamp=1779862925806, status=UP}
2026-05-27 15:22:06.801 [pool-3-thread-1] INFO  c.f.engine.metrics.MetricsCollector - [MetricsCollector] 8건 메트릭 InfluxDB 적재 완료
2026-05-27 15:22:07.945 [pool-1-thread-8] INFO  com.fbp.engine.node.impl.LogNode - [15:22:07.945][logger] {tick=827, __inPort=in, check_timestamp=1779862927945, timestamp=1779862927945, status=UP}
2026-05-27 15:22:10.808 [pool-1-thread-8] INFO  com.fbp.engine.node.impl.LogNode - [15:22:10.808][logger] {tick=828, __inPort=in, check_timestamp=1779862930808, timestamp=1779862930808, status=UP}
2026-05-27 15:22:12.945 [pool-1-thread-8] INFO  com.fbp.engine.node.impl.LogNode - [15:22:12.945][logger] {tick=829, __inPort=in, check_timestamp=1779862932945, timestamp=1779862932945, status=UP}
2026-05-27 15:22:15.805 [pool-1-thread-8] INFO  com.fbp.engine.node.impl.LogNode - [15:22:15.805][logger] {tick=830, __inPort=in, check_timestamp=1779862935805, timestamp=1779862935805, status=UP}
2026-05-27 15:22:16.803 [pool-3-thread-1] INFO  c.f.engine.metrics.MetricsCollector - [MetricsCollector] 8건 메트릭 InfluxDB 적재 완료
2026-05-27 15:22:17.942 [pool-1-thread-8] INFO  com.fbp.engine.node.impl.LogNode - [15:22:17.942][logger] {tick=831, __inPort=in, check_timestamp=1779862937942, timestamp=1779862937942, status=UP}
2026-05-27 15:22:20.807 [pool-1-thread-8] INFO  com.fbp.engine.node.impl.LogNode - [15:22:20.807][logger] {tick=832, __inPort=in, check_timestamp=1779862940807, timestamp=1779862940807, status=UP}
2026-05-27 15:22:22.941 [pool-1-thread-8] INFO  com.fbp.engine.node.impl.LogNode - [15:22:22.941][logger] {tick=833, __inPort=in, check_timestamp=1779862942941, timestamp=1779862942941, status=UP}
2026-05-27 15:22:25.807 [pool-1-thread-8] INFO  com.fbp.engine.node.impl.LogNode - [15:22:25.807][logger] {tick=834, __inPort=in, check_timestamp=1779862945807, timestamp=1779862945807, status=UP}
2026-05-27 15:22:26.800 [pool-3-thread-1] INFO  c.f.engine.metrics.MetricsCollector - [MetricsCollector] 8건 메트릭 InfluxDB 적재 완료
2026-05-27 15:22:27.943 [pool-1-thread-8] INFO  com.fbp.engine.node.impl.LogNode - [15:22:27.943][logger] {tick=835, __inPort=in, check_timestamp=1779862947943, timestamp=1779862947943, status=UP}
2026-05-27 15:22:30.808 [pool-1-thread-8] INFO  com.fbp.engine.node.impl.LogNode - [15:22:30.808][logger] {tick=836, __inPort=in, check_timestamp=1779862950808, timestamp=1779862950808, status=UP}
2026-05-27 15:22:32.943 [pool-1-thread-8] INFO  com.fbp.engine.node.impl.LogNode - [15:22:32.943][logger] {tick=837, __inPort=in, check_timestamp=1779862952943, timestamp=1779862952942, status=UP}
2026-05-27 15:22:35.807 [pool-1-thread-8] INFO  com.fbp.engine.node.impl.LogNode - [15:22:35.807][logger] {tick=838, __inPort=in, check_timestamp=1779862955807, timestamp=1779862955807, status=UP}
2026-05-27 15:22:36.801 [pool-3-thread-1] INFO  c.f.engine.metrics.MetricsCollector - [MetricsCollector] 8건 메트릭 InfluxDB 적재 완료
2026-05-27 15:22:37.945 [pool-1-thread-8] INFO  com.fbp.engine.node.impl.LogNode - [15:22:37.945][logger] {tick=839, __inPort=in, check_timestamp=1779862957945, timestamp=1779862957944, status=UP}
2026-05-27 15:22:40.808 [pool-1-thread-8] INFO  com.fbp.engine.node.impl.LogNode - [15:22:40.808][logger] {tick=840, __inPort=in, check_timestamp=1779862960808, timestamp=1779862960807, status=UP}
2026-05-27 15:22:42.942 [pool-1-thread-8] INFO  com.fbp.engine.node.impl.LogNode - [15:22:42.942][logger] {tick=841, __inPort=in, check_timestamp=1779862962942, timestamp=1779862962942, status=UP}
2026-05-27 15:22:45.806 [pool-1-thread-8] INFO  com.fbp.engine.node.impl.LogNode - [15:22:45.806][logger] {tick=842, __inPort=in, check_timestamp=1779862965806, timestamp=1779862965806, status=UP}
2026-05-27 15:22:46.797 [pool-3-thread-1] INFO  c.f.engine.metrics.MetricsCollector - [MetricsCollector] 8건 메트릭 InfluxDB 적재 완료
2026-05-27 15:22:47.945 [pool-1-thread-8] INFO  com.fbp.engine.node.impl.LogNode - [15:22:47.945][logger] {tick=843, __inPort=in, check_timestamp=1779862967945, timestamp=1779862967944, status=UP}
2026-05-27 15:22:50.808 [pool-1-thread-8] INFO  com.fbp.engine.node.impl.LogNode - [15:22:50.808][logger] {tick=844, __inPort=in, check_timestamp=1779862970808, timestamp=1779862970808, status=UP}
2026-05-27 15:22:52.945 [pool-1-thread-8] INFO  com.fbp.engine.node.impl.LogNode - [15:22:52.945][logger] {tick=845, __inPort=in, check_timestamp=1779862972945, timestamp=1779862972944, status=UP}
2026-05-27 15:22:55.808 [pool-1-thread-8] INFO  com.fbp.engine.node.impl.LogNode - [15:22:55.808][logger] {tick=846, __inPort=in, check_timestamp=1779862975808, timestamp=1779862975808, status=UP}
2026-05-27 15:22:56.801 [pool-3-thread-1] INFO  c.f.engine.metrics.MetricsCollector - [MetricsCollector] 8건 메트릭 InfluxDB 적재 완료
2026-05-27 15:22:57.940 [pool-1-thread-8] INFO  com.fbp.engine.node.impl.LogNode - [15:22:57.940][logger] {tick=847, __inPort=in, check_timestamp=1779862977940, timestamp=1779862977940, status=UP}
2026-05-27 15:23:00.807 [pool-1-thread-8] INFO  com.fbp.engine.node.impl.LogNode - [15:23:00.807][logger] {tick=848, __inPort=in, check_timestamp=1779862980807, timestamp=1779862980807, status=UP}
2026-05-27 15:23:02.945 [pool-1-thread-8] INFO  com.fbp.engine.node.impl.LogNode - [15:23:02.945][logger] {tick=849, __inPort=in, check_timestamp=1779862982945, timestamp=1779862982944, status=UP}
2026-05-27 15:23:05.804 [pool-1-thread-8] INFO  com.fbp.engine.node.impl.LogNode - [15:23:05.804][logger] {tick=850, __inPort=in, check_timestamp=1779862985804, timestamp=1779862985804, status=UP}
2026-05-27 15:23:06.802 [pool-3-thread-1] INFO  c.f.engine.metrics.MetricsCollector - [MetricsCollector] 8건 메트릭 InfluxDB 적재 완료
2026-05-27 15:23:07.945 [pool-1-thread-8] INFO  com.fbp.engine.node.impl.LogNode - [15:23:07.945][logger] {tick=851, __inPort=in, check_timestamp=1779862987945, timestamp=1779862987944, status=UP}
2026-05-27 15:23:10.808 [pool-1-thread-8] INFO  com.fbp.engine.node.impl.LogNode - [15:23:10.808][logger] {tick=852, __inPort=in, check_timestamp=1779862990808, timestamp=1779862990807, status=UP}
2026-05-27 15:23:12.945 [pool-1-thread-8] INFO  com.fbp.engine.node.impl.LogNode - [15:23:12.945][logger] {tick=853, __inPort=in, check_timestamp=1779862992945, timestamp=1779862992944, status=UP}
2026-05-27 15:23:15.808 [pool-1-thread-8] INFO  com.fbp.engine.node.impl.LogNode - [15:23:15.808][logger] {tick=854, __inPort=in, check_timestamp=1779862995808, timestamp=1779862995808, status=UP}
2026-05-27 15:23:16.807 [pool-3-thread-1] INFO  c.f.engine.metrics.MetricsCollector - [MetricsCollector] 8건 메트릭 InfluxDB 적재 완료
2026-05-27 15:23:17.943 [pool-1-thread-8] INFO  com.fbp.engine.node.impl.LogNode - [15:23:17.943][logger] {tick=855, __inPort=in, check_timestamp=1779862997943, timestamp=1779862997943, status=UP}
2026-05-27 15:23:20.808 [pool-1-thread-8] INFO  com.fbp.engine.node.impl.LogNode - [15:23:20.808][logger] {tick=856, __inPort=in, check_timestamp=1779863000808, timestamp=1779863000808, status=UP}
2026-05-27 15:23:22.941 [pool-1-thread-8] INFO  com.fbp.engine.node.impl.LogNode - [15:23:22.941][logger] {tick=857, __inPort=in, check_timestamp=1779863002941, timestamp=1779863002941, status=UP}
2026-05-27 15:23:25.807 [pool-1-thread-8] INFO  com.fbp.engine.node.impl.LogNode - [15:23:25.807][logger] {tick=858, __inPort=in, check_timestamp=1779863005807, timestamp=1779863005807, status=UP}
2026-05-27 15:23:26.805 [pool-3-thread-1] INFO  c.f.engine.metrics.MetricsCollector - [MetricsCollector] 8건 메트릭 InfluxDB 적재 완료
2026-05-27 15:23:27.942 [pool-1-thread-8] INFO  com.fbp.engine.node.impl.LogNode - [15:23:27.942][logger] {tick=859, __inPort=in, check_timestamp=1779863007942, timestamp=1779863007942, status=UP}
2026-05-27 15:23:30.808 [pool-1-thread-8] INFO  com.fbp.engine.node.impl.LogNode - [15:23:30.808][logger] {tick=860, __inPort=in, check_timestamp=1779863010808, timestamp=1779863010808, status=UP}
2026-05-27 15:23:32.944 [pool-1-thread-8] INFO  com.fbp.engine.node.impl.LogNode - [15:23:32.944][logger] {tick=861, __inPort=in, check_timestamp=1779863012944, timestamp=1779863012944, status=UP}
2026-05-27 15:23:35.808 [pool-1-thread-8] INFO  com.fbp.engine.node.impl.LogNode - [15:23:35.808][logger] {tick=862, __inPort=in, check_timestamp=1779863015808, timestamp=1779863015808, status=UP}
2026-05-27 15:23:36.799 [pool-3-thread-1] INFO  c.f.engine.metrics.MetricsCollector - [MetricsCollector] 8건 메트릭 InfluxDB 적재 완료
2026-05-27 15:23:37.945 [pool-1-thread-8] INFO  com.fbp.engine.node.impl.LogNode - [15:23:37.945][logger] {tick=863, __inPort=in, check_timestamp=1779863017945, timestamp=1779863017944, status=UP}
2026-05-27 15:23:40.805 [pool-1-thread-8] INFO  com.fbp.engine.node.impl.LogNode - [15:23:40.805][logger] {tick=864, __inPort=in, check_timestamp=1779863020805, timestamp=1779863020805, status=UP}
2026-05-27 15:23:42.944 [pool-1-thread-8] INFO  com.fbp.engine.node.impl.LogNode - [15:23:42.944][logger] {tick=865, __inPort=in, check_timestamp=1779863022944, timestamp=1779863022944, status=UP}
2026-05-27 15:23:45.808 [pool-1-thread-8] INFO  com.fbp.engine.node.impl.LogNode - [15:23:45.808][logger] {tick=866, __inPort=in, check_timestamp=1779863025808, timestamp=1779863025807, status=UP}
2026-05-27 15:23:46.799 [pool-3-thread-1] INFO  c.f.engine.metrics.MetricsCollector - [MetricsCollector] 8건 메트릭 InfluxDB 적재 완료
2026-05-27 15:23:47.942 [pool-1-thread-8] INFO  com.fbp.engine.node.impl.LogNode - [15:23:47.942][logger] {tick=867, __inPort=in, check_timestamp=1779863027942, timestamp=1779863027942, status=UP}
2026-05-27 15:23:50.808 [pool-1-thread-8] INFO  com.fbp.engine.node.impl.LogNode - [15:23:50.808][logger] {tick=868, __inPort=in, check_timestamp=1779863030808, timestamp=1779863030807, status=UP}
2026-05-27 15:23:52.945 [pool-1-thread-8] INFO  com.fbp.engine.node.impl.LogNode - [15:23:52.945][logger] {tick=869, __inPort=in, check_timestamp=1779863032945, timestamp=1779863032944, status=UP}
2026-05-27 15:23:55.803 [pool-1-thread-8] INFO  com.fbp.engine.node.impl.LogNode - [15:23:55.803][logger] {tick=870, __inPort=in, check_timestamp=1779863035803, timestamp=1779863035803, status=UP}
2026-05-27 15:23:56.803 [pool-3-thread-1] INFO  c.f.engine.metrics.MetricsCollector - [MetricsCollector] 8건 메트릭 InfluxDB 적재 완료
2026-05-27 15:23:57.942 [pool-1-thread-8] INFO  com.fbp.engine.node.impl.LogNode - [15:23:57.942][logger] {tick=871, __inPort=in, check_timestamp=1779863037942, timestamp=1779863037941, status=UP}
2026-05-27 15:24:00.806 [pool-1-thread-8] INFO  com.fbp.engine.node.impl.LogNode - [15:24:00.806][logger] {tick=872, __inPort=in, check_timestamp=1779863040806, timestamp=1779863040806, status=UP}
2026-05-27 15:24:02.941 [pool-1-thread-8] INFO  com.fbp.engine.node.impl.LogNode - [15:24:02.941][logger] {tick=873, __inPort=in, check_timestamp=1779863042941, timestamp=1779863042941, status=UP}
2026-05-27 15:24:05.806 [pool-1-thread-8] INFO  com.fbp.engine.node.impl.LogNode - [15:24:05.806][logger] {tick=874, __inPort=in, check_timestamp=1779863045806, timestamp=1779863045806, status=UP}
2026-05-27 15:24:06.799 [pool-3-thread-1] INFO  c.f.engine.metrics.MetricsCollector - [MetricsCollector] 8건 메트릭 InfluxDB 적재 완료
2026-05-27 15:24:07.945 [pool-1-thread-8] INFO  com.fbp.engine.node.impl.LogNode - [15:24:07.944][logger] {tick=875, __inPort=in, check_timestamp=1779863047944, timestamp=1779863047944, status=UP}
2026-05-27 15:24:10.805 [pool-1-thread-8] INFO  com.fbp.engine.node.impl.LogNode - [15:24:10.805][logger] {tick=876, __inPort=in, check_timestamp=1779863050805, timestamp=1779863050805, status=UP}
2026-05-27 15:24:12.945 [pool-1-thread-8] INFO  com.fbp.engine.node.impl.LogNode - [15:24:12.944][logger] {tick=877, __inPort=in, check_timestamp=1779863052944, timestamp=1779863052944, status=UP}
2026-05-27 15:24:15.807 [pool-1-thread-8] INFO  com.fbp.engine.node.impl.LogNode - [15:24:15.807][logger] {tick=878, __inPort=in, check_timestamp=1779863055807, timestamp=1779863055807, status=UP}
2026-05-27 15:24:16.803 [pool-3-thread-1] INFO  c.f.engine.metrics.MetricsCollector - [MetricsCollector] 8건 메트릭 InfluxDB 적재 완료
2026-05-27 15:24:17.942 [pool-1-thread-8] INFO  com.fbp.engine.node.impl.LogNode - [15:24:17.942][logger] {tick=879, __inPort=in, check_timestamp=1779863057942, timestamp=1779863057942, status=UP}
2026-05-27 15:24:20.805 [pool-1-thread-8] INFO  com.fbp.engine.node.impl.LogNode - [15:24:20.805][logger] {tick=880, __inPort=in, check_timestamp=1779863060805, timestamp=1779863060805, status=UP}
2026-05-27 15:24:22.940 [pool-1-thread-8] INFO  com.fbp.engine.node.impl.LogNode - [15:24:22.940][logger] {tick=881, __inPort=in, check_timestamp=1779863062940, timestamp=1779863062940, status=UP}
2026-05-27 15:24:25.806 [pool-1-thread-8] INFO  com.fbp.engine.node.impl.LogNode - [15:24:25.805][logger] {tick=882, __inPort=in, check_timestamp=1779863065805, timestamp=1779863065805, status=UP}
2026-05-27 15:24:26.803 [pool-3-thread-1] INFO  c.f.engine.metrics.MetricsCollector - [MetricsCollector] 8건 메트릭 InfluxDB 적재 완료
2026-05-27 15:24:27.945 [pool-1-thread-8] INFO  com.fbp.engine.node.impl.LogNode - [15:24:27.944][logger] {tick=883, __inPort=in, check_timestamp=1779863067944, timestamp=1779863067944, status=UP}
2026-05-27 15:24:30.808 [pool-1-thread-8] INFO  com.fbp.engine.node.impl.LogNode - [15:24:30.808][logger] {tick=884, __inPort=in, check_timestamp=1779863070808, timestamp=1779863070807, status=UP}
2026-05-27 15:24:32.944 [pool-1-thread-8] INFO  com.fbp.engine.node.impl.LogNode - [15:24:32.944][logger] {tick=885, __inPort=in, check_timestamp=1779863072944, timestamp=1779863072944, status=UP}
2026-05-27 15:24:35.807 [pool-1-thread-8] INFO  com.fbp.engine.node.impl.LogNode - [15:24:35.807][logger] {tick=886, __inPort=in, check_timestamp=1779863075807, timestamp=1779863075806, status=UP}
2026-05-27 15:24:36.802 [pool-3-thread-1] INFO  c.f.engine.metrics.MetricsCollector - [MetricsCollector] 8건 메트릭 InfluxDB 적재 완료
2026-05-27 15:24:37.943 [pool-1-thread-8] INFO  com.fbp.engine.node.impl.LogNode - [15:24:37.943][logger] {tick=887, __inPort=in, check_timestamp=1779863077942, timestamp=1779863077942, status=UP}
2026-05-27 15:24:40.808 [pool-1-thread-8] INFO  com.fbp.engine.node.impl.LogNode - [15:24:40.808][logger] {tick=888, __inPort=in, check_timestamp=1779863080808, timestamp=1779863080807, status=UP}
2026-05-27 15:24:42.945 [pool-1-thread-8] INFO  com.fbp.engine.node.impl.LogNode - [15:24:42.944][logger] {tick=889, __inPort=in, check_timestamp=1779863082944, timestamp=1779863082944, status=UP}
2026-05-27 15:24:45.803 [pool-1-thread-8] INFO  com.fbp.engine.node.impl.LogNode - [15:24:45.803][logger] {tick=890, __inPort=in, check_timestamp=1779863085803, timestamp=1779863085802, status=UP}
2026-05-27 15:24:46.801 [pool-3-thread-1] INFO  c.f.engine.metrics.MetricsCollector - [MetricsCollector] 8건 메트릭 InfluxDB 적재 완료
2026-05-27 15:24:47.942 [pool-1-thread-8] INFO  com.fbp.engine.node.impl.LogNode - [15:24:47.942][logger] {tick=891, __inPort=in, check_timestamp=1779863087942, timestamp=1779863087942, status=UP}
2026-05-27 15:24:50.808 [pool-1-thread-8] INFO  com.fbp.engine.node.impl.LogNode - [15:24:50.808][logger] {tick=892, __inPort=in, check_timestamp=1779863090807, timestamp=1779863090807, status=UP}
2026-05-27 15:24:52.943 [pool-1-thread-8] INFO  com.fbp.engine.node.impl.LogNode - [15:24:52.943][logger] {tick=893, __inPort=in, check_timestamp=1779863092943, timestamp=1779863092943, status=UP}
2026-05-27 15:24:55.805 [pool-1-thread-8] INFO  com.fbp.engine.node.impl.LogNode - [15:24:55.805][logger] {tick=894, __inPort=in, check_timestamp=1779863095805, timestamp=1779863095805, status=UP}
2026-05-27 15:24:56.801 [pool-3-thread-1] INFO  c.f.engine.metrics.MetricsCollector - [MetricsCollector] 8건 메트릭 InfluxDB 적재 완료
2026-05-27 15:24:57.943 [pool-1-thread-8] INFO  com.fbp.engine.node.impl.LogNode - [15:24:57.943][logger] {tick=895, __inPort=in, check_timestamp=1779863097943, timestamp=1779863097943, status=UP}
2026-05-27 15:25:00.806 [pool-1-thread-8] INFO  com.fbp.engine.node.impl.LogNode - [15:25:00.805][logger] {tick=896, __inPort=in, check_timestamp=1779863100805, timestamp=1779863100805, status=UP}
2026-05-27 15:25:02.939 [pool-1-thread-8] INFO  com.fbp.engine.node.impl.LogNode - [15:25:02.939][logger] {tick=897, __inPort=in, check_timestamp=1779863102939, timestamp=1779863102939, status=UP}
2026-05-27 15:25:05.805 [pool-1-thread-8] INFO  com.fbp.engine.node.impl.LogNode - [15:25:05.805][logger] {tick=898, __inPort=in, check_timestamp=1779863105805, timestamp=1779863105804, status=UP}
2026-05-27 15:25:06.801 [pool-3-thread-1] INFO  c.f.engine.metrics.MetricsCollector - [MetricsCollector] 8건 메트릭 InfluxDB 적재 완료
2026-05-27 15:25:07.944 [pool-1-thread-8] INFO  com.fbp.engine.node.impl.LogNode - [15:25:07.944][logger] {tick=899, __inPort=in, check_timestamp=1779863107944, timestamp=1779863107944, status=UP}
2026-05-27 15:25:10.807 [pool-1-thread-8] INFO  com.fbp.engine.node.impl.LogNode - [15:25:10.807][logger] {tick=900, __inPort=in, check_timestamp=1779863110807, timestamp=1779863110807, status=UP}
2026-05-27 15:25:12.941 [pool-1-thread-8] INFO  com.fbp.engine.node.impl.LogNode - [15:25:12.941][logger] {tick=901, __inPort=in, check_timestamp=1779863112941, timestamp=1779863112941, status=UP}
2026-05-27 15:25:15.807 [pool-1-thread-8] INFO  com.fbp.engine.node.impl.LogNode - [15:25:15.807][logger] {tick=902, __inPort=in, check_timestamp=1779863115807, timestamp=1779863115807, status=UP}
2026-05-27 15:25:16.800 [pool-3-thread-1] INFO  c.f.engine.metrics.MetricsCollector - [MetricsCollector] 8건 메트릭 InfluxDB 적재 완료
2026-05-27 15:25:17.940 [pool-1-thread-8] INFO  com.fbp.engine.node.impl.LogNode - [15:25:17.940][logger] {tick=903, __inPort=in, check_timestamp=1779863117940, timestamp=1779863117940, status=UP}
2026-05-27 15:25:20.807 [pool-1-thread-8] INFO  com.fbp.engine.node.impl.LogNode - [15:25:20.807][logger] {tick=904, __inPort=in, check_timestamp=1779863120807, timestamp=1779863120807, status=UP}
2026-05-27 15:25:22.940 [pool-1-thread-8] INFO  com.fbp.engine.node.impl.LogNode - [15:25:22.940][logger] {tick=905, __inPort=in, check_timestamp=1779863122940, timestamp=1779863122939, status=UP}
2026-05-27 15:25:25.804 [pool-1-thread-8] INFO  com.fbp.engine.node.impl.LogNode - [15:25:25.803][logger] {tick=906, __inPort=in, check_timestamp=1779863125803, timestamp=1779863125803, status=UP}
2026-05-27 15:25:26.800 [pool-3-thread-1] INFO  c.f.engine.metrics.MetricsCollector - [MetricsCollector] 8건 메트릭 InfluxDB 적재 완료
2026-05-27 15:25:27.943 [pool-1-thread-8] INFO  com.fbp.engine.node.impl.LogNode - [15:25:27.943][logger] {tick=907, __inPort=in, check_timestamp=1779863127943, timestamp=1779863127943, status=UP}
2026-05-27 15:25:30.804 [pool-1-thread-8] INFO  com.fbp.engine.node.impl.LogNode - [15:25:30.804][logger] {tick=908, __inPort=in, check_timestamp=1779863130804, timestamp=1779863130804, status=UP}
2026-05-27 15:25:32.944 [pool-1-thread-8] INFO  com.fbp.engine.node.impl.LogNode - [15:25:32.944][logger] {tick=909, __inPort=in, check_timestamp=1779863132944, timestamp=1779863132944, status=UP}
2026-05-27 15:25:35.807 [pool-1-thread-8] INFO  com.fbp.engine.node.impl.LogNode - [15:25:35.807][logger] {tick=910, __inPort=in, check_timestamp=1779863135807, timestamp=1779863135807, status=UP}
2026-05-27 15:25:36.798 [pool-3-thread-1] INFO  c.f.engine.metrics.MetricsCollector - [MetricsCollector] 8건 메트릭 InfluxDB 적재 완료
2026-05-27 15:25:37.943 [pool-1-thread-8] INFO  com.fbp.engine.node.impl.LogNode - [15:25:37.943][logger] {tick=911, __inPort=in, check_timestamp=1779863137943, timestamp=1779863137943, status=UP}
2026-05-27 15:25:40.807 [pool-1-thread-8] INFO  com.fbp.engine.node.impl.LogNode - [15:25:40.807][logger] {tick=912, __inPort=in, check_timestamp=1779863140807, timestamp=1779863140807, status=UP}
2026-05-27 15:25:42.944 [pool-1-thread-8] INFO  com.fbp.engine.node.impl.LogNode - [15:25:42.944][logger] {tick=913, __inPort=in, check_timestamp=1779863142944, timestamp=1779863142944, status=UP}
2026-05-27 15:25:45.807 [pool-1-thread-8] INFO  com.fbp.engine.node.impl.LogNode - [15:25:45.807][logger] {tick=914, __inPort=in, check_timestamp=1779863145807, timestamp=1779863145807, status=UP}
2026-05-27 15:25:46.802 [pool-3-thread-1] INFO  c.f.engine.metrics.MetricsCollector - [MetricsCollector] 8건 메트릭 InfluxDB 적재 완료
2026-05-27 15:25:47.940 [pool-1-thread-8] INFO  com.fbp.engine.node.impl.LogNode - [15:25:47.940][logger] {tick=915, __inPort=in, check_timestamp=1779863147940, timestamp=1779863147940, status=UP}
2026-05-27 15:25:50.804 [pool-1-thread-8] INFO  com.fbp.engine.node.impl.LogNode - [15:25:50.804][logger] {tick=916, __inPort=in, check_timestamp=1779863150804, timestamp=1779863150804, status=UP}
2026-05-27 15:25:52.944 [pool-1-thread-8] INFO  com.fbp.engine.node.impl.LogNode - [15:25:52.944][logger] {tick=917, __inPort=in, check_timestamp=1779863152944, timestamp=1779863152943, status=UP}
2026-05-27 15:25:55.807 [pool-1-thread-8] INFO  com.fbp.engine.node.impl.LogNode - [15:25:55.807][logger] {tick=918, __inPort=in, check_timestamp=1779863155807, timestamp=1779863155807, status=UP}
2026-05-27 15:25:56.798 [pool-3-thread-1] INFO  c.f.engine.metrics.MetricsCollector - [MetricsCollector] 8건 메트릭 InfluxDB 적재 완료
2026-05-27 15:25:57.944 [pool-1-thread-8] INFO  com.fbp.engine.node.impl.LogNode - [15:25:57.944][logger] {tick=919, __inPort=in, check_timestamp=1779863157944, timestamp=1779863157944, status=UP}
2026-05-27 15:26:00.803 [pool-1-thread-8] INFO  com.fbp.engine.node.impl.LogNode - [15:26:00.803][logger] {tick=920, __inPort=in, check_timestamp=1779863160803, timestamp=1779863160802, status=UP}
2026-05-27 15:26:02.944 [pool-1-thread-8] INFO  com.fbp.engine.node.impl.LogNode - [15:26:02.944][logger] {tick=921, __inPort=in, check_timestamp=1779863162944, timestamp=1779863162944, status=UP}
2026-05-27 15:26:05.803 [pool-1-thread-8] INFO  com.fbp.engine.node.impl.LogNode - [15:26:05.803][logger] {tick=922, __inPort=in, check_timestamp=1779863165803, timestamp=1779863165803, status=UP}
2026-05-27 15:26:06.799 [pool-3-thread-1] INFO  c.f.engine.metrics.MetricsCollector - [MetricsCollector] 8건 메트릭 InfluxDB 적재 완료
2026-05-27 15:26:07.943 [pool-1-thread-8] INFO  com.fbp.engine.node.impl.LogNode - [15:26:07.943][logger] {tick=923, __inPort=in, check_timestamp=1779863167943, timestamp=1779863167943, status=UP}
2026-05-27 15:26:10.803 [pool-1-thread-8] INFO  com.fbp.engine.node.impl.LogNode - [15:26:10.803][logger] {tick=924, __inPort=in, check_timestamp=1779863170803, timestamp=1779863170803, status=UP}
2026-05-27 15:26:12.942 [pool-1-thread-8] INFO  com.fbp.engine.node.impl.LogNode - [15:26:12.942][logger] {tick=925, __inPort=in, check_timestamp=1779863172942, timestamp=1779863172942, status=UP}
2026-05-27 15:26:15.807 [pool-1-thread-8] INFO  com.fbp.engine.node.impl.LogNode - [15:26:15.807][logger] {tick=926, __inPort=in, check_timestamp=1779863175807, timestamp=1779863175807, status=UP}
2026-05-27 15:26:16.797 [pool-3-thread-1] INFO  c.f.engine.metrics.MetricsCollector - [MetricsCollector] 8건 메트릭 InfluxDB 적재 완료
2026-05-27 15:26:17.944 [pool-1-thread-8] INFO  com.fbp.engine.node.impl.LogNode - [15:26:17.944][logger] {tick=927, __inPort=in, check_timestamp=1779863177944, timestamp=1779863177944, status=UP}
2026-05-27 15:26:20.807 [pool-1-thread-8] INFO  com.fbp.engine.node.impl.LogNode - [15:26:20.807][logger] {tick=928, __inPort=in, check_timestamp=1779863180807, timestamp=1779863180807, status=UP}
2026-05-27 15:26:22.944 [pool-1-thread-8] INFO  com.fbp.engine.node.impl.LogNode - [15:26:22.944][logger] {tick=929, __inPort=in, check_timestamp=1779863182944, timestamp=1779863182944, status=UP}
2026-05-27 15:26:25.803 [pool-1-thread-8] INFO  com.fbp.engine.node.impl.LogNode - [15:26:25.803][logger] {tick=930, __inPort=in, check_timestamp=1779863185803, timestamp=1779863185803, status=UP}
2026-05-27 15:26:26.799 [pool-3-thread-1] INFO  c.f.engine.metrics.MetricsCollector - [MetricsCollector] 8건 메트릭 InfluxDB 적재 완료
2026-05-27 15:26:27.942 [pool-1-thread-8] INFO  com.fbp.engine.node.impl.LogNode - [15:26:27.942][logger] {tick=931, __inPort=in, check_timestamp=1779863187942, timestamp=1779863187942, status=UP}
2026-05-27 15:26:30.807 [pool-1-thread-8] INFO  com.fbp.engine.node.impl.LogNode - [15:26:30.807][logger] {tick=932, __inPort=in, check_timestamp=1779863190807, timestamp=1779863190806, status=UP}
2026-05-27 15:26:32.940 [pool-1-thread-8] INFO  com.fbp.engine.node.impl.LogNode - [15:26:32.939][logger] {tick=933, __inPort=in, check_timestamp=1779863192939, timestamp=1779863192939, status=UP}
2026-05-27 15:26:35.803 [pool-1-thread-8] INFO  com.fbp.engine.node.impl.LogNode - [15:26:35.803][logger] {tick=934, __inPort=in, check_timestamp=1779863195802, timestamp=1779863195802, status=UP}
2026-05-27 15:26:36.802 [pool-3-thread-1] INFO  c.f.engine.metrics.MetricsCollector - [MetricsCollector] 8건 메트릭 InfluxDB 적재 완료
2026-05-27 15:26:37.945 [pool-1-thread-8] INFO  com.fbp.engine.node.impl.LogNode - [15:26:37.944][logger] {tick=935, __inPort=in, check_timestamp=1779863197944, timestamp=1779863197944, status=UP}
2026-05-27 15:26:40.807 [pool-1-thread-8] INFO  com.fbp.engine.node.impl.LogNode - [15:26:40.807][logger] {tick=936, __inPort=in, check_timestamp=1779863200807, timestamp=1779863200807, status=UP}
2026-05-27 15:26:42.942 [pool-1-thread-8] INFO  com.fbp.engine.node.impl.LogNode - [15:26:42.942][logger] {tick=937, __inPort=in, check_timestamp=1779863202942, timestamp=1779863202942, status=UP}
2026-05-27 15:26:45.805 [pool-1-thread-8] INFO  com.fbp.engine.node.impl.LogNode - [15:26:45.805][logger] {tick=938, __inPort=in, check_timestamp=1779863205805, timestamp=1779863205805, status=UP}
2026-05-27 15:26:46.801 [pool-3-thread-1] INFO  c.f.engine.metrics.MetricsCollector - [MetricsCollector] 8건 메트릭 InfluxDB 적재 완료
2026-05-27 15:26:47.944 [pool-1-thread-8] INFO  com.fbp.engine.node.impl.LogNode - [15:26:47.944][logger] {tick=939, __inPort=in, check_timestamp=1779863207944, timestamp=1779863207944, status=UP}
2026-05-27 15:26:50.804 [pool-1-thread-8] INFO  com.fbp.engine.node.impl.LogNode - [15:26:50.804][logger] {tick=940, __inPort=in, check_timestamp=1779863210804, timestamp=1779863210804, status=UP}
2026-05-27 15:26:52.944 [pool-1-thread-8] INFO  com.fbp.engine.node.impl.LogNode - [15:26:52.944][logger] {tick=941, __inPort=in, check_timestamp=1779863212944, timestamp=1779863212944, status=UP}
2026-05-27 15:26:55.806 [pool-1-thread-8] INFO  com.fbp.engine.node.impl.LogNode - [15:26:55.806][logger] {tick=942, __inPort=in, check_timestamp=1779863215806, timestamp=1779863215806, status=UP}
2026-05-27 15:26:56.796 [pool-3-thread-1] INFO  c.f.engine.metrics.MetricsCollector - [MetricsCollector] 8건 메트릭 InfluxDB 적재 완료
2026-05-27 15:26:57.944 [pool-1-thread-8] INFO  com.fbp.engine.node.impl.LogNode - [15:26:57.944][logger] {tick=943, __inPort=in, check_timestamp=1779863217944, timestamp=1779863217944, status=UP}
2026-05-27 15:27:00.804 [pool-1-thread-8] INFO  com.fbp.engine.node.impl.LogNode - [15:27:00.804][logger] {tick=944, __inPort=in, check_timestamp=1779863220804, timestamp=1779863220804, status=UP}
2026-05-27 15:27:02.939 [pool-1-thread-8] INFO  com.fbp.engine.node.impl.LogNode - [15:27:02.939][logger] {tick=945, __inPort=in, check_timestamp=1779863222939, timestamp=1779863222939, status=UP}
2026-05-27 15:27:05.804 [pool-1-thread-8] INFO  com.fbp.engine.node.impl.LogNode - [15:27:05.804][logger] {tick=946, __inPort=in, check_timestamp=1779863225804, timestamp=1779863225804, status=UP}
2026-05-27 15:27:06.803 [pool-3-thread-1] INFO  c.f.engine.metrics.MetricsCollector - [MetricsCollector] 8건 메트릭 InfluxDB 적재 완료
2026-05-27 15:27:07.944 [pool-1-thread-8] INFO  com.fbp.engine.node.impl.LogNode - [15:27:07.944][logger] {tick=947, __inPort=in, check_timestamp=1779863227944, timestamp=1779863227944, status=UP}
2026-05-27 15:27:10.807 [pool-1-thread-8] INFO  com.fbp.engine.node.impl.LogNode - [15:27:10.807][logger] {tick=948, __inPort=in, check_timestamp=1779863230807, timestamp=1779863230807, status=UP}
2026-05-27 15:27:12.944 [pool-1-thread-8] INFO  com.fbp.engine.node.impl.LogNode - [15:27:12.944][logger] {tick=949, __inPort=in, check_timestamp=1779863232944, timestamp=1779863232944, status=UP}
2026-05-27 15:27:15.806 [pool-1-thread-8] INFO  com.fbp.engine.node.impl.LogNode - [15:27:15.805][logger] {tick=950, __inPort=in, check_timestamp=1779863235805, timestamp=1779863235805, status=UP}
2026-05-27 15:27:16.803 [pool-3-thread-1] INFO  c.f.engine.metrics.MetricsCollector - [MetricsCollector] 8건 메트릭 InfluxDB 적재 완료
2026-05-27 15:27:17.944 [pool-1-thread-8] INFO  com.fbp.engine.node.impl.LogNode - [15:27:17.944][logger] {tick=951, __inPort=in, check_timestamp=1779863237944, timestamp=1779863237944, status=UP}
2026-05-27 15:27:20.807 [pool-1-thread-8] INFO  com.fbp.engine.node.impl.LogNode - [15:27:20.807][logger] {tick=952, __inPort=in, check_timestamp=1779863240807, timestamp=1779863240807, status=UP}
2026-05-27 15:27:22.939 [pool-1-thread-8] INFO  com.fbp.engine.node.impl.LogNode - [15:27:22.939][logger] {tick=953, __inPort=in, check_timestamp=1779863242939, timestamp=1779863242939, status=UP}
2026-05-27 15:27:25.806 [pool-1-thread-8] INFO  com.fbp.engine.node.impl.LogNode - [15:27:25.806][logger] {tick=954, __inPort=in, check_timestamp=1779863245806, timestamp=1779863245806, status=UP}
2026-05-27 15:27:26.801 [pool-3-thread-1] INFO  c.f.engine.metrics.MetricsCollector - [MetricsCollector] 8건 메트릭 InfluxDB 적재 완료
2026-05-27 15:27:27.944 [pool-1-thread-8] INFO  com.fbp.engine.node.impl.LogNode - [15:27:27.944][logger] {tick=955, __inPort=in, check_timestamp=1779863247944, timestamp=1779863247944, status=UP}
2026-05-27 15:27:30.807 [pool-1-thread-8] INFO  com.fbp.engine.node.impl.LogNode - [15:27:30.807][logger] {tick=956, __inPort=in, check_timestamp=1779863250807, timestamp=1779863250807, status=UP}
2026-05-27 15:27:32.944 [pool-1-thread-8] INFO  com.fbp.engine.node.impl.LogNode - [15:27:32.944][logger] {tick=957, __inPort=in, check_timestamp=1779863252944, timestamp=1779863252944, status=UP}
2026-05-27 15:27:35.805 [pool-1-thread-8] INFO  com.fbp.engine.node.impl.LogNode - [15:27:35.805][logger] {tick=958, __inPort=in, check_timestamp=1779863255805, timestamp=1779863255805, status=UP}
2026-05-27 15:27:36.800 [pool-3-thread-1] INFO  c.f.engine.metrics.MetricsCollector - [MetricsCollector] 8건 메트릭 InfluxDB 적재 완료
2026-05-27 15:27:37.944 [pool-1-thread-8] INFO  com.fbp.engine.node.impl.LogNode - [15:27:37.944][logger] {tick=959, __inPort=in, check_timestamp=1779863257944, timestamp=1779863257944, status=UP}
2026-05-27 15:27:40.807 [pool-1-thread-8] INFO  com.fbp.engine.node.impl.LogNode - [15:27:40.807][logger] {tick=960, __inPort=in, check_timestamp=1779863260807, timestamp=1779863260807, status=UP}
2026-05-27 15:27:42.944 [pool-1-thread-8] INFO  com.fbp.engine.node.impl.LogNode - [15:27:42.944][logger] {tick=961, __inPort=in, check_timestamp=1779863262944, timestamp=1779863262943, status=UP}
2026-05-27 15:27:45.804 [pool-1-thread-8] INFO  com.fbp.engine.node.impl.LogNode - [15:27:45.804][logger] {tick=962, __inPort=in, check_timestamp=1779863265804, timestamp=1779863265803, status=UP}
2026-05-27 15:27:46.802 [pool-3-thread-1] INFO  c.f.engine.metrics.MetricsCollector - [MetricsCollector] 8건 메트릭 InfluxDB 적재 완료
2026-05-27 15:27:47.943 [pool-1-thread-8] INFO  com.fbp.engine.node.impl.LogNode - [15:27:47.943][logger] {tick=963, __inPort=in, check_timestamp=1779863267943, timestamp=1779863267943, status=UP}
2026-05-27 15:27:50.807 [pool-1-thread-8] INFO  com.fbp.engine.node.impl.LogNode - [15:27:50.807][logger] {tick=964, __inPort=in, check_timestamp=1779863270807, timestamp=1779863270807, status=UP}
2026-05-27 15:27:52.944 [pool-1-thread-8] INFO  com.fbp.engine.node.impl.LogNode - [15:27:52.944][logger] {tick=965, __inPort=in, check_timestamp=1779863272944, timestamp=1779863272943, status=UP}
2026-05-27 15:27:55.805 [pool-1-thread-8] INFO  com.fbp.engine.node.impl.LogNode - [15:27:55.805][logger] {tick=966, __inPort=in, check_timestamp=1779863275805, timestamp=1779863275805, status=UP}
2026-05-27 15:27:56.803 [pool-3-thread-1] INFO  c.f.engine.metrics.MetricsCollector - [MetricsCollector] 8건 메트릭 InfluxDB 적재 완료
2026-05-27 15:27:57.940 [pool-1-thread-8] INFO  com.fbp.engine.node.impl.LogNode - [15:27:57.940][logger] {tick=967, __inPort=in, check_timestamp=1779863277940, timestamp=1779863277940, status=UP}
2026-05-27 15:28:00.807 [pool-1-thread-8] INFO  com.fbp.engine.node.impl.LogNode - [15:28:00.807][logger] {tick=968, __inPort=in, check_timestamp=1779863280807, timestamp=1779863280807, status=UP}
2026-05-27 15:28:02.941 [pool-1-thread-8] INFO  com.fbp.engine.node.impl.LogNode - [15:28:02.941][logger] {tick=969, __inPort=in, check_timestamp=1779863282941, timestamp=1779863282941, status=UP}
2026-05-27 15:28:05.806 [pool-1-thread-8] INFO  com.fbp.engine.node.impl.LogNode - [15:28:05.806][logger] {tick=970, __inPort=in, check_timestamp=1779863285806, timestamp=1779863285805, status=UP}
2026-05-27 15:28:06.801 [pool-3-thread-1] INFO  c.f.engine.metrics.MetricsCollector - [MetricsCollector] 8건 메트릭 InfluxDB 적재 완료
2026-05-27 15:28:07.944 [pool-1-thread-8] INFO  com.fbp.engine.node.impl.LogNode - [15:28:07.944][logger] {tick=971, __inPort=in, check_timestamp=1779863287944, timestamp=1779863287943, status=UP}
2026-05-27 15:28:10.807 [pool-1-thread-8] INFO  com.fbp.engine.node.impl.LogNode - [15:28:10.807][logger] {tick=972, __inPort=in, check_timestamp=1779863290807, timestamp=1779863290807, status=UP}
2026-05-27 15:28:12.940 [pool-1-thread-8] INFO  com.fbp.engine.node.impl.LogNode - [15:28:12.939][logger] {tick=973, __inPort=in, check_timestamp=1779863292939, timestamp=1779863292939, status=UP}
2026-05-27 15:28:15.802 [pool-1-thread-8] INFO  com.fbp.engine.node.impl.LogNode - [15:28:15.802][logger] {tick=974, __inPort=in, check_timestamp=1779863295802, timestamp=1779863295802, status=UP}
2026-05-27 15:28:16.802 [pool-3-thread-1] INFO  c.f.engine.metrics.MetricsCollector - [MetricsCollector] 8건 메트릭 InfluxDB 적재 완료
2026-05-27 15:28:17.944 [pool-1-thread-8] INFO  com.fbp.engine.node.impl.LogNode - [15:28:17.944][logger] {tick=975, __inPort=in, check_timestamp=1779863297944, timestamp=1779863297943, status=UP}
2026-05-27 15:28:20.804 [pool-1-thread-8] INFO  com.fbp.engine.node.impl.LogNode - [15:28:20.804][logger] {tick=976, __inPort=in, check_timestamp=1779863300804, timestamp=1779863300804, status=UP}
2026-05-27 15:28:22.943 [pool-1-thread-8] INFO  com.fbp.engine.node.impl.LogNode - [15:28:22.943][logger] {tick=977, __inPort=in, check_timestamp=1779863302943, timestamp=1779863302942, status=UP}
2026-05-27 15:28:25.807 [pool-1-thread-8] INFO  com.fbp.engine.node.impl.LogNode - [15:28:25.807][logger] {tick=978, __inPort=in, check_timestamp=1779863305807, timestamp=1779863305807, status=UP}
2026-05-27 15:28:26.802 [pool-3-thread-1] INFO  c.f.engine.metrics.MetricsCollector - [MetricsCollector] 8건 메트릭 InfluxDB 적재 완료
2026-05-27 15:28:27.944 [pool-1-thread-8] INFO  com.fbp.engine.node.impl.LogNode - [15:28:27.944][logger] {tick=979, __inPort=in, check_timestamp=1779863307944, timestamp=1779863307943, status=UP}
2026-05-27 15:28:30.804 [pool-1-thread-8] INFO  com.fbp.engine.node.impl.LogNode - [15:28:30.804][logger] {tick=980, __inPort=in, check_timestamp=1779863310804, timestamp=1779863310803, status=UP}
2026-05-27 15:28:32.944 [pool-1-thread-8] INFO  com.fbp.engine.node.impl.LogNode - [15:28:32.944][logger] {tick=981, __inPort=in, check_timestamp=1779863312944, timestamp=1779863312943, status=UP}
2026-05-27 15:28:35.806 [pool-1-thread-8] INFO  com.fbp.engine.node.impl.LogNode - [15:28:35.806][logger] {tick=982, __inPort=in, check_timestamp=1779863315806, timestamp=1779863315805, status=UP}
2026-05-27 15:28:36.801 [pool-3-thread-1] INFO  c.f.engine.metrics.MetricsCollector - [MetricsCollector] 8건 메트릭 InfluxDB 적재 완료
2026-05-27 15:28:37.941 [pool-1-thread-8] INFO  com.fbp.engine.node.impl.LogNode - [15:28:37.941][logger] {tick=983, __inPort=in, check_timestamp=1779863317941, timestamp=1779863317941, status=UP}
2026-05-27 15:28:40.807 [pool-1-thread-8] INFO  com.fbp.engine.node.impl.LogNode - [15:28:40.807][logger] {tick=984, __inPort=in, check_timestamp=1779863320807, timestamp=1779863320807, status=UP}
2026-05-27 15:28:42.944 [pool-1-thread-8] INFO  com.fbp.engine.node.impl.LogNode - [15:28:42.944][logger] {tick=985, __inPort=in, check_timestamp=1779863322944, timestamp=1779863322943, status=UP}
2026-05-27 15:28:45.805 [pool-1-thread-8] INFO  com.fbp.engine.node.impl.LogNode - [15:28:45.805][logger] {tick=986, __inPort=in, check_timestamp=1779863325805, timestamp=1779863325805, status=UP}
2026-05-27 15:28:46.800 [pool-3-thread-1] INFO  c.f.engine.metrics.MetricsCollector - [MetricsCollector] 8건 메트릭 InfluxDB 적재 완료
2026-05-27 15:28:47.944 [pool-1-thread-8] INFO  com.fbp.engine.node.impl.LogNode - [15:28:47.944][logger] {tick=987, __inPort=in, check_timestamp=1779863327944, timestamp=1779863327943, status=UP}
2026-05-27 15:28:50.802 [pool-1-thread-8] INFO  com.fbp.engine.node.impl.LogNode - [15:28:50.802][logger] {tick=988, __inPort=in, check_timestamp=1779863330802, timestamp=1779863330802, status=UP}
2026-05-27 15:28:52.944 [pool-1-thread-8] INFO  com.fbp.engine.node.impl.LogNode - [15:28:52.944][logger] {tick=989, __inPort=in, check_timestamp=1779863332943, timestamp=1779863332943, status=UP}
2026-05-27 15:28:55.806 [pool-1-thread-8] INFO  com.fbp.engine.node.impl.LogNode - [15:28:55.806][logger] {tick=990, __inPort=in, check_timestamp=1779863335806, timestamp=1779863335806, status=UP}
2026-05-27 15:28:56.802 [pool-3-thread-1] INFO  c.f.engine.metrics.MetricsCollector - [MetricsCollector] 8건 메트릭 InfluxDB 적재 완료
2026-05-27 15:28:57.944 [pool-1-thread-8] INFO  com.fbp.engine.node.impl.LogNode - [15:28:57.944][logger] {tick=991, __inPort=in, check_timestamp=1779863337943, timestamp=1779863337943, status=UP}
2026-05-27 15:29:00.805 [pool-1-thread-8] INFO  com.fbp.engine.node.impl.LogNode - [15:29:00.805][logger] {tick=992, __inPort=in, check_timestamp=1779863340805, timestamp=1779863340805, status=UP}
2026-05-27 15:29:02.944 [pool-1-thread-8] INFO  com.fbp.engine.node.impl.LogNode - [15:29:02.944][logger] {tick=993, __inPort=in, check_timestamp=1779863342943, timestamp=1779863342943, status=UP}
2026-05-27 15:29:05.803 [pool-1-thread-8] INFO  com.fbp.engine.node.impl.LogNode - [15:29:05.802][logger] {tick=994, __inPort=in, check_timestamp=1779863345802, timestamp=1779863345802, status=UP}
2026-05-27 15:29:06.804 [pool-3-thread-1] INFO  c.f.engine.metrics.MetricsCollector - [MetricsCollector] 8건 메트릭 InfluxDB 적재 완료
2026-05-27 15:29:07.944 [pool-1-thread-8] INFO  com.fbp.engine.node.impl.LogNode - [15:29:07.944][logger] {tick=995, __inPort=in, check_timestamp=1779863347943, timestamp=1779863347943, status=UP}
2026-05-27 15:29:10.807 [pool-1-thread-8] INFO  com.fbp.engine.node.impl.LogNode - [15:29:10.807][logger] {tick=996, __inPort=in, check_timestamp=1779863350807, timestamp=1779863350806, status=UP}
2026-05-27 15:29:12.944 [pool-1-thread-8] INFO  com.fbp.engine.node.impl.LogNode - [15:29:12.944][logger] {tick=997, __inPort=in, check_timestamp=1779863352943, timestamp=1779863352943, status=UP}
2026-05-27 15:29:15.807 [pool-1-thread-8] INFO  com.fbp.engine.node.impl.LogNode - [15:29:15.807][logger] {tick=998, __inPort=in, check_timestamp=1779863355807, timestamp=1779863355806, status=UP}
2026-05-27 15:29:16.799 [pool-3-thread-1] INFO  c.f.engine.metrics.MetricsCollector - [MetricsCollector] 8건 메트릭 InfluxDB 적재 완료
2026-05-27 15:29:17.939 [pool-1-thread-8] INFO  com.fbp.engine.node.impl.LogNode - [15:29:17.939][logger] {tick=999, __inPort=in, check_timestamp=1779863357939, timestamp=1779863357939, status=UP}
2026-05-27 15:29:20.807 [pool-1-thread-8] INFO  com.fbp.engine.node.impl.LogNode - [15:29:20.807][logger] {tick=1000, __inPort=in, check_timestamp=1779863360807, timestamp=1779863360806, status=UP}
2026-05-27 15:29:22.940 [pool-1-thread-8] INFO  com.fbp.engine.node.impl.LogNode - [15:29:22.940][logger] {tick=1001, __inPort=in, check_timestamp=1779863362940, timestamp=1779863362939, status=UP}
2026-05-27 15:29:25.804 [pool-1-thread-8] INFO  com.fbp.engine.node.impl.LogNode - [15:29:25.804][logger] {tick=1002, __inPort=in, check_timestamp=1779863365803, timestamp=1779863365803, status=UP}
2026-05-27 15:29:26.804 [pool-3-thread-1] INFO  c.f.engine.metrics.MetricsCollector - [MetricsCollector] 8건 메트릭 InfluxDB 적재 완료
2026-05-27 15:29:27.944 [pool-1-thread-8] INFO  com.fbp.engine.node.impl.LogNode - [15:29:27.943][logger] {tick=1003, __inPort=in, check_timestamp=1779863367943, timestamp=1779863367943, status=UP}
2026-05-27 15:29:30.805 [pool-1-thread-8] INFO  com.fbp.engine.node.impl.LogNode - [15:29:30.805][logger] {tick=1004, __inPort=in, check_timestamp=1779863370805, timestamp=1779863370805, status=UP}
2026-05-27 15:29:32.944 [pool-1-thread-8] INFO  com.fbp.engine.node.impl.LogNode - [15:29:32.943][logger] {tick=1005, __inPort=in, check_timestamp=1779863372943, timestamp=1779863372943, status=UP}
2026-05-27 15:29:35.806 [pool-1-thread-8] INFO  com.fbp.engine.node.impl.LogNode - [15:29:35.806][logger] {tick=1006, __inPort=in, check_timestamp=1779863375806, timestamp=1779863375806, status=UP}
2026-05-27 15:29:36.800 [pool-3-thread-1] INFO  c.f.engine.metrics.MetricsCollector - [MetricsCollector] 8건 메트릭 InfluxDB 적재 완료
2026-05-27 15:29:37.944 [pool-1-thread-8] INFO  com.fbp.engine.node.impl.LogNode - [15:29:37.943][logger] {tick=1007, __inPort=in, check_timestamp=1779863377943, timestamp=1779863377943, status=UP}
2026-05-27 15:29:40.805 [pool-1-thread-8] INFO  com.fbp.engine.node.impl.LogNode - [15:29:40.805][logger] {tick=1008, __inPort=in, check_timestamp=1779863380804, timestamp=1779863380804, status=UP}
2026-05-27 15:29:42.944 [pool-1-thread-8] INFO  com.fbp.engine.node.impl.LogNode - [15:29:42.943][logger] {tick=1009, __inPort=in, check_timestamp=1779863382943, timestamp=1779863382943, status=UP}
2026-05-27 15:29:45.805 [pool-1-thread-8] INFO  com.fbp.engine.node.impl.LogNode - [15:29:45.804][logger] {tick=1010, __inPort=in, check_timestamp=1779863385804, timestamp=1779863385804, status=UP}
2026-05-27 15:29:46.809 [pool-3-thread-1] INFO  c.f.engine.metrics.MetricsCollector - [MetricsCollector] 8건 메트릭 InfluxDB 적재 완료
2026-05-27 15:29:47.943 [pool-1-thread-8] INFO  com.fbp.engine.node.impl.LogNode - [15:29:47.943][logger] {tick=1011, __inPort=in, check_timestamp=1779863387943, timestamp=1779863387943, status=UP}
2026-05-27 15:29:50.807 [pool-1-thread-8] INFO  com.fbp.engine.node.impl.LogNode - [15:29:50.807][logger] {tick=1012, __inPort=in, check_timestamp=1779863390807, timestamp=1779863390806, status=UP}
2026-05-27 15:29:52.943 [pool-1-thread-8] INFO  com.fbp.engine.node.impl.LogNode - [15:29:52.943][logger] {tick=1013, __inPort=in, check_timestamp=1779863392943, timestamp=1779863392943, status=UP}
2026-05-27 15:29:55.803 [pool-1-thread-8] INFO  com.fbp.engine.node.impl.LogNode - [15:29:55.803][logger] {tick=1014, __inPort=in, check_timestamp=1779863395803, timestamp=1779863395803, status=UP}
2026-05-27 15:29:56.799 [pool-3-thread-1] INFO  c.f.engine.metrics.MetricsCollector - [MetricsCollector] 8건 메트릭 InfluxDB 적재 완료
2026-05-27 15:29:57.941 [pool-1-thread-8] INFO  com.fbp.engine.node.impl.LogNode - [15:29:57.941][logger] {tick=1015, __inPort=in, check_timestamp=1779863397941, timestamp=1779863397941, status=UP}
2026-05-27 15:30:00.803 [pool-1-thread-8] INFO  com.fbp.engine.node.impl.LogNode - [15:30:00.803][logger] {tick=1016, __inPort=in, check_timestamp=1779863400803, timestamp=1779863400803, status=UP}
2026-05-27 15:30:02.939 [pool-1-thread-8] INFO  com.fbp.engine.node.impl.LogNode - [15:30:02.939][logger] {tick=1017, __inPort=in, check_timestamp=1779863402939, timestamp=1779863402938, status=UP}
2026-05-27 15:30:05.806 [pool-1-thread-8] INFO  com.fbp.engine.node.impl.LogNode - [15:30:05.806][logger] {tick=1018, __inPort=in, check_timestamp=1779863405806, timestamp=1779863405806, status=UP}
2026-05-27 15:30:06.800 [pool-3-thread-1] INFO  c.f.engine.metrics.MetricsCollector - [MetricsCollector] 8건 메트릭 InfluxDB 적재 완료
2026-05-27 15:30:07.943 [pool-1-thread-8] INFO  com.fbp.engine.node.impl.LogNode - [15:30:07.943][logger] {tick=1019, __inPort=in, check_timestamp=1779863407943, timestamp=1779863407943, status=UP}
2026-05-27 15:30:10.807 [pool-1-thread-8] INFO  com.fbp.engine.node.impl.LogNode - [15:30:10.807][logger] {tick=1020, __inPort=in, check_timestamp=1779863410807, timestamp=1779863410806, status=UP}
2026-05-27 15:30:12.943 [pool-1-thread-8] INFO  com.fbp.engine.node.impl.LogNode - [15:30:12.943][logger] {tick=1021, __inPort=in, check_timestamp=1779863412943, timestamp=1779863412943, status=UP}
2026-05-27 15:30:15.803 [pool-1-thread-8] INFO  com.fbp.engine.node.impl.LogNode - [15:30:15.803][logger] {tick=1022, __inPort=in, check_timestamp=1779863415803, timestamp=1779863415802, status=UP}
2026-05-27 15:30:16.798 [pool-3-thread-1] INFO  c.f.engine.metrics.MetricsCollector - [MetricsCollector] 8건 메트릭 InfluxDB 적재 완료
2026-05-27 15:30:17.940 [pool-1-thread-8] INFO  com.fbp.engine.node.impl.LogNode - [15:30:17.940][logger] {tick=1023, __inPort=in, check_timestamp=1779863417940, timestamp=1779863417939, status=UP}
2026-05-27 15:30:20.807 [pool-1-thread-8] INFO  com.fbp.engine.node.impl.LogNode - [15:30:20.807][logger] {tick=1024, __inPort=in, check_timestamp=1779863420807, timestamp=1779863420806, status=UP}
2026-05-27 15:30:22.943 [pool-1-thread-8] INFO  com.fbp.engine.node.impl.LogNode - [15:30:22.943][logger] {tick=1025, __inPort=in, check_timestamp=1779863422943, timestamp=1779863422943, status=UP}
2026-05-27 15:30:25.807 [pool-1-thread-8] INFO  com.fbp.engine.node.impl.LogNode - [15:30:25.807][logger] {tick=1026, __inPort=in, check_timestamp=1779863425806, timestamp=1779863425806, status=UP}
2026-05-27 15:30:26.801 [pool-3-thread-1] INFO  c.f.engine.metrics.MetricsCollector - [MetricsCollector] 8건 메트릭 InfluxDB 적재 완료
2026-05-27 15:30:27.943 [pool-1-thread-8] INFO  com.fbp.engine.node.impl.LogNode - [15:30:27.943][logger] {tick=1027, __inPort=in, check_timestamp=1779863427943, timestamp=1779863427943, status=UP}
2026-05-27 15:30:30.806 [pool-1-thread-8] INFO  com.fbp.engine.node.impl.LogNode - [15:30:30.806][logger] {tick=1028, __inPort=in, check_timestamp=1779863430806, timestamp=1779863430806, status=UP}
2026-05-27 15:30:32.940 [pool-1-thread-8] INFO  com.fbp.engine.node.impl.LogNode - [15:30:32.940][logger] {tick=1029, __inPort=in, check_timestamp=1779863432940, timestamp=1779863432940, status=UP}
2026-05-27 15:30:35.802 [pool-1-thread-8] INFO  com.fbp.engine.node.impl.LogNode - [15:30:35.802][logger] {tick=1030, __inPort=in, check_timestamp=1779863435802, timestamp=1779863435801, status=UP}
2026-05-27 15:30:36.796 [pool-3-thread-1] INFO  c.f.engine.metrics.MetricsCollector - [MetricsCollector] 8건 메트릭 InfluxDB 적재 완료
2026-05-27 15:30:37.943 [pool-1-thread-8] INFO  com.fbp.engine.node.impl.LogNode - [15:30:37.943][logger] {tick=1031, __inPort=in, check_timestamp=1779863437943, timestamp=1779863437943, status=UP}
2026-05-27 15:30:40.807 [pool-1-thread-8] INFO  com.fbp.engine.node.impl.LogNode - [15:30:40.806][logger] {tick=1032, __inPort=in, check_timestamp=1779863440806, timestamp=1779863440806, status=UP}
2026-05-27 15:30:42.941 [pool-1-thread-8] INFO  com.fbp.engine.node.impl.LogNode - [15:30:42.941][logger] {tick=1033, __inPort=in, check_timestamp=1779863442941, timestamp=1779863442941, status=UP}
2026-05-27 15:30:45.804 [pool-1-thread-8] INFO  com.fbp.engine.node.impl.LogNode - [15:30:45.804][logger] {tick=1034, __inPort=in, check_timestamp=1779863445804, timestamp=1779863445804, status=UP}
2026-05-27 15:30:46.801 [pool-3-thread-1] INFO  c.f.engine.metrics.MetricsCollector - [MetricsCollector] 8건 메트릭 InfluxDB 적재 완료
2026-05-27 15:30:47.943 [pool-1-thread-8] INFO  com.fbp.engine.node.impl.LogNode - [15:30:47.943][logger] {tick=1035, __inPort=in, check_timestamp=1779863447943, timestamp=1779863447943, status=UP}
2026-05-27 15:30:50.807 [pool-1-thread-8] INFO  com.fbp.engine.node.impl.LogNode - [15:30:50.807][logger] {tick=1036, __inPort=in, check_timestamp=1779863450806, timestamp=1779863450806, status=UP}
2026-05-27 15:30:52.943 [pool-1-thread-8] INFO  com.fbp.engine.node.impl.LogNode - [15:30:52.943][logger] {tick=1037, __inPort=in, check_timestamp=1779863452943, timestamp=1779863452943, status=UP}
2026-05-27 15:30:55.805 [pool-1-thread-8] INFO  com.fbp.engine.node.impl.LogNode - [15:30:55.805][logger] {tick=1038, __inPort=in, check_timestamp=1779863455805, timestamp=1779863455804, status=UP}
2026-05-27 15:30:56.802 [pool-3-thread-1] INFO  c.f.engine.metrics.MetricsCollector - [MetricsCollector] 8건 메트릭 InfluxDB 적재 완료
2026-05-27 15:30:57.943 [pool-1-thread-8] INFO  com.fbp.engine.node.impl.LogNode - [15:30:57.943][logger] {tick=1039, __inPort=in, check_timestamp=1779863457943, timestamp=1779863457943, status=UP}
2026-05-27 15:31:00.805 [pool-1-thread-8] INFO  com.fbp.engine.node.impl.LogNode - [15:31:00.805][logger] {tick=1040, __inPort=in, check_timestamp=1779863460805, timestamp=1779863460805, status=UP}
2026-05-27 15:31:02.943 [pool-1-thread-8] INFO  com.fbp.engine.node.impl.LogNode - [15:31:02.943][logger] {tick=1041, __inPort=in, check_timestamp=1779863462943, timestamp=1779863462943, status=UP}
2026-05-27 15:31:05.806 [pool-1-thread-8] INFO  com.fbp.engine.node.impl.LogNode - [15:31:05.806][logger] {tick=1042, __inPort=in, check_timestamp=1779863465806, timestamp=1779863465805, status=UP}
2026-05-27 15:31:06.801 [pool-3-thread-1] INFO  c.f.engine.metrics.MetricsCollector - [MetricsCollector] 8건 메트릭 InfluxDB 적재 완료
2026-05-27 15:31:07.943 [pool-1-thread-8] INFO  com.fbp.engine.node.impl.LogNode - [15:31:07.943][logger] {tick=1043, __inPort=in, check_timestamp=1779863467943, timestamp=1779863467943, status=UP}
2026-05-27 15:31:10.806 [pool-1-thread-8] INFO  com.fbp.engine.node.impl.LogNode - [15:31:10.806][logger] {tick=1044, __inPort=in, check_timestamp=1779863470806, timestamp=1779863470806, status=UP}
2026-05-27 15:31:12.943 [pool-1-thread-8] INFO  com.fbp.engine.node.impl.LogNode - [15:31:12.943][logger] {tick=1045, __inPort=in, check_timestamp=1779863472943, timestamp=1779863472942, status=UP}
2026-05-27 15:31:15.805 [pool-1-thread-8] INFO  com.fbp.engine.node.impl.LogNode - [15:31:15.805][logger] {tick=1046, __inPort=in, check_timestamp=1779863475805, timestamp=1779863475804, status=UP}
2026-05-27 15:31:16.798 [pool-3-thread-1] INFO  c.f.engine.metrics.MetricsCollector - [MetricsCollector] 8건 메트릭 InfluxDB 적재 완료
2026-05-27 15:31:17.943 [pool-1-thread-8] INFO  com.fbp.engine.node.impl.LogNode - [15:31:17.943][logger] {tick=1047, __inPort=in, check_timestamp=1779863477943, timestamp=1779863477943, status=UP}
2026-05-27 15:31:20.805 [pool-1-thread-8] INFO  com.fbp.engine.node.impl.LogNode - [15:31:20.805][logger] {tick=1048, __inPort=in, check_timestamp=1779863480805, timestamp=1779863480804, status=UP}
2026-05-27 15:31:22.943 [pool-1-thread-8] INFO  com.fbp.engine.node.impl.LogNode - [15:31:22.943][logger] {tick=1049, __inPort=in, check_timestamp=1779863482943, timestamp=1779863482943, status=UP}
2026-05-27 15:31:25.805 [pool-1-thread-8] INFO  com.fbp.engine.node.impl.LogNode - [15:31:25.805][logger] {tick=1050, __inPort=in, check_timestamp=1779863485805, timestamp=1779863485805, status=UP}
2026-05-27 15:31:26.802 [pool-3-thread-1] INFO  c.f.engine.metrics.MetricsCollector - [MetricsCollector] 8건 메트릭 InfluxDB 적재 완료
2026-05-27 15:31:27.940 [pool-1-thread-8] INFO  com.fbp.engine.node.impl.LogNode - [15:31:27.940][logger] {tick=1051, __inPort=in, check_timestamp=1779863487940, timestamp=1779863487939, status=UP}
2026-05-27 15:31:30.802 [pool-1-thread-8] INFO  com.fbp.engine.node.impl.LogNode - [15:31:30.802][logger] {tick=1052, __inPort=in, check_timestamp=1779863490802, timestamp=1779863490802, status=UP}
2026-05-27 15:31:32.941 [pool-1-thread-8] INFO  com.fbp.engine.node.impl.LogNode - [15:31:32.941][logger] {tick=1053, __inPort=in, check_timestamp=1779863492941, timestamp=1779863492941, status=UP}
2026-05-27 15:31:35.802 [pool-1-thread-8] INFO  com.fbp.engine.node.impl.LogNode - [15:31:35.801][logger] {tick=1054, __inPort=in, check_timestamp=1779863495801, timestamp=1779863495801, status=UP}
2026-05-27 15:31:36.800 [pool-3-thread-1] INFO  c.f.engine.metrics.MetricsCollector - [MetricsCollector] 8건 메트릭 InfluxDB 적재 완료
2026-05-27 15:31:37.940 [pool-1-thread-8] INFO  com.fbp.engine.node.impl.LogNode - [15:31:37.940][logger] {tick=1055, __inPort=in, check_timestamp=1779863497940, timestamp=1779863497940, status=UP}
2026-05-27 15:31:40.811 [pool-1-thread-8] INFO  com.fbp.engine.node.impl.LogNode - [15:31:40.811][logger] {tick=1056, __inPort=in, check_timestamp=1779863500811, timestamp=1779863500811, status=UP}
2026-05-27 15:31:42.942 [pool-1-thread-8] INFO  com.fbp.engine.node.impl.LogNode - [15:31:42.942][logger] {tick=1057, __inPort=in, check_timestamp=1779863502942, timestamp=1779863502941, status=UP}
2026-05-27 15:31:45.803 [pool-1-thread-8] INFO  com.fbp.engine.node.impl.LogNode - [15:31:45.803][logger] {tick=1058, __inPort=in, check_timestamp=1779863505803, timestamp=1779863505803, status=UP}
2026-05-27 15:31:46.803 [pool-3-thread-1] INFO  c.f.engine.metrics.MetricsCollector - [MetricsCollector] 8건 메트릭 InfluxDB 적재 완료
2026-05-27 15:31:47.948 [pool-1-thread-8] INFO  com.fbp.engine.node.impl.LogNode - [15:31:47.948][logger] {tick=1059, __inPort=in, check_timestamp=1779863507948, timestamp=1779863507948, status=UP}
2026-05-27 15:31:50.811 [pool-1-thread-8] INFO  com.fbp.engine.node.impl.LogNode - [15:31:50.811][logger] {tick=1060, __inPort=in, check_timestamp=1779863510811, timestamp=1779863510811, status=UP}
2026-05-27 15:31:52.946 [pool-1-thread-8] INFO  com.fbp.engine.node.impl.LogNode - [15:31:52.946][logger] {tick=1061, __inPort=in, check_timestamp=1779863512946, timestamp=1779863512946, status=UP}
2026-05-27 15:31:55.810 [pool-1-thread-8] INFO  com.fbp.engine.node.impl.LogNode - [15:31:55.810][logger] {tick=1062, __inPort=in, check_timestamp=1779863515810, timestamp=1779863515810, status=UP}
2026-05-27 15:31:56.806 [pool-3-thread-1] INFO  c.f.engine.metrics.MetricsCollector - [MetricsCollector] 8건 메트릭 InfluxDB 적재 완료
2026-05-27 15:31:57.941 [pool-1-thread-8] INFO  com.fbp.engine.node.impl.LogNode - [15:31:57.941][logger] {tick=1063, __inPort=in, check_timestamp=1779863517941, timestamp=1779863517941, status=UP}
2026-05-27 15:32:00.811 [pool-1-thread-8] INFO  com.fbp.engine.node.impl.LogNode - [15:32:00.811][logger] {tick=1064, __inPort=in, check_timestamp=1779863520811, timestamp=1779863520810, status=UP}
2026-05-27 15:32:02.942 [pool-1-thread-8] INFO  com.fbp.engine.node.impl.LogNode - [15:32:02.942][logger] {tick=1065, __inPort=in, check_timestamp=1779863522942, timestamp=1779863522942, status=UP}
2026-05-27 15:32:05.811 [pool-1-thread-8] INFO  com.fbp.engine.node.impl.LogNode - [15:32:05.811][logger] {tick=1066, __inPort=in, check_timestamp=1779863525811, timestamp=1779863525810, status=UP}
2026-05-27 15:32:06.803 [pool-3-thread-1] INFO  c.f.engine.metrics.MetricsCollector - [MetricsCollector] 8건 메트릭 InfluxDB 적재 완료
2026-05-27 15:32:07.948 [pool-1-thread-8] INFO  com.fbp.engine.node.impl.LogNode - [15:32:07.948][logger] {tick=1067, __inPort=in, check_timestamp=1779863527948, timestamp=1779863527948, status=UP}
2026-05-27 15:32:10.805 [pool-1-thread-8] INFO  com.fbp.engine.node.impl.LogNode - [15:32:10.805][logger] {tick=1068, __inPort=in, check_timestamp=1779863530805, timestamp=1779863530805, status=UP}
2026-05-27 15:32:12.941 [pool-1-thread-8] INFO  com.fbp.engine.node.impl.LogNode - [15:32:12.941][logger] {tick=1069, __inPort=in, check_timestamp=1779863532941, timestamp=1779863532940, status=UP}
2026-05-27 15:32:15.810 [pool-1-thread-8] INFO  com.fbp.engine.node.impl.LogNode - [15:32:15.810][logger] {tick=1070, __inPort=in, check_timestamp=1779863535810, timestamp=1779863535810, status=UP}
2026-05-27 15:32:16.797 [pool-3-thread-1] INFO  c.f.engine.metrics.MetricsCollector - [MetricsCollector] 8건 메트릭 InfluxDB 적재 완료
2026-05-27 15:32:17.945 [pool-1-thread-8] INFO  com.fbp.engine.node.impl.LogNode - [15:32:17.945][logger] {tick=1071, __inPort=in, check_timestamp=1779863537945, timestamp=1779863537944, status=UP}
2026-05-27 15:32:20.811 [pool-1-thread-8] INFO  com.fbp.engine.node.impl.LogNode - [15:32:20.811][logger] {tick=1072, __inPort=in, check_timestamp=1779863540811, timestamp=1779863540810, status=UP}
2026-05-27 15:32:22.948 [pool-1-thread-8] INFO  com.fbp.engine.node.impl.LogNode - [15:32:22.948][logger] {tick=1073, __inPort=in, check_timestamp=1779863542948, timestamp=1779863542948, status=UP}
2026-05-27 15:32:25.803 [pool-1-thread-8] INFO  com.fbp.engine.node.impl.LogNode - [15:32:25.803][logger] {tick=1074, __inPort=in, check_timestamp=1779863545803, timestamp=1779863545803, status=UP}
2026-05-27 15:32:26.806 [pool-3-thread-1] INFO  c.f.engine.metrics.MetricsCollector - [MetricsCollector] 8건 메트릭 InfluxDB 적재 완료
2026-05-27 15:32:27.942 [pool-1-thread-8] INFO  com.fbp.engine.node.impl.LogNode - [15:32:27.942][logger] {tick=1075, __inPort=in, check_timestamp=1779863547942, timestamp=1779863547942, status=UP}
2026-05-27 15:32:30.811 [pool-1-thread-8] INFO  com.fbp.engine.node.impl.LogNode - [15:32:30.811][logger] {tick=1076, __inPort=in, check_timestamp=1779863550811, timestamp=1779863550811, status=UP}
2026-05-27 15:32:32.946 [pool-1-thread-8] INFO  com.fbp.engine.node.impl.LogNode - [15:32:32.946][logger] {tick=1077, __inPort=in, check_timestamp=1779863552946, timestamp=1779863552945, status=UP}
2026-05-27 15:32:35.804 [pool-1-thread-8] INFO  com.fbp.engine.node.impl.LogNode - [15:32:35.804][logger] {tick=1078, __inPort=in, check_timestamp=1779863555804, timestamp=1779863555804, status=UP}
2026-05-27 15:32:36.802 [pool-3-thread-1] INFO  c.f.engine.metrics.MetricsCollector - [MetricsCollector] 8건 메트릭 InfluxDB 적재 완료
2026-05-27 15:32:37.938 [pool-1-thread-8] INFO  com.fbp.engine.node.impl.LogNode - [15:32:37.938][logger] {tick=1079, __inPort=in, check_timestamp=1779863557938, timestamp=1779863557938, status=UP}
2026-05-27 15:32:40.811 [pool-1-thread-8] INFO  com.fbp.engine.node.impl.LogNode - [15:32:40.811][logger] {tick=1080, __inPort=in, check_timestamp=1779863560811, timestamp=1779863560811, status=UP}
2026-05-27 15:32:42.948 [pool-1-thread-8] INFO  com.fbp.engine.node.impl.LogNode - [15:32:42.948][logger] {tick=1081, __inPort=in, check_timestamp=1779863562948, timestamp=1779863562948, status=UP}
2026-05-27 15:32:45.811 [pool-1-thread-8] INFO  com.fbp.engine.node.impl.LogNode - [15:32:45.810][logger] {tick=1082, __inPort=in, check_timestamp=1779863565810, timestamp=1779863565810, status=UP}
2026-05-27 15:32:46.802 [pool-3-thread-1] INFO  c.f.engine.metrics.MetricsCollector - [MetricsCollector] 8건 메트릭 InfluxDB 적재 완료
2026-05-27 15:32:47.946 [pool-1-thread-8] INFO  com.fbp.engine.node.impl.LogNode - [15:32:47.946][logger] {tick=1083, __inPort=in, check_timestamp=1779863567946, timestamp=1779863567946, status=UP}
2026-05-27 15:32:50.810 [pool-1-thread-8] INFO  com.fbp.engine.node.impl.LogNode - [15:32:50.810][logger] {tick=1084, __inPort=in, check_timestamp=1779863570810, timestamp=1779863570809, status=UP}
2026-05-27 15:32:52.948 [pool-1-thread-8] INFO  com.fbp.engine.node.impl.LogNode - [15:32:52.948][logger] {tick=1085, __inPort=in, check_timestamp=1779863572948, timestamp=1779863572948, status=UP}
2026-05-27 15:32:55.806 [pool-1-thread-8] INFO  com.fbp.engine.node.impl.LogNode - [15:32:55.806][logger] {tick=1086, __inPort=in, check_timestamp=1779863575806, timestamp=1779863575805, status=UP}
2026-05-27 15:32:56.802 [pool-3-thread-1] INFO  c.f.engine.metrics.MetricsCollector - [MetricsCollector] 8건 메트릭 InfluxDB 적재 완료
2026-05-27 15:32:57.940 [pool-1-thread-8] INFO  com.fbp.engine.node.impl.LogNode - [15:32:57.940][logger] {tick=1087, __inPort=in, check_timestamp=1779863577940, timestamp=1779863577940, status=UP}
2026-05-27 15:33:00.811 [pool-1-thread-8] INFO  com.fbp.engine.node.impl.LogNode - [15:33:00.810][logger] {tick=1088, __inPort=in, check_timestamp=1779863580810, timestamp=1779863580810, status=UP}
2026-05-27 15:33:02.948 [pool-1-thread-8] INFO  com.fbp.engine.node.impl.LogNode - [15:33:02.948][logger] {tick=1089, __inPort=in, check_timestamp=1779863582948, timestamp=1779863582947, status=UP}
2026-05-27 15:33:05.810 [pool-1-thread-8] INFO  com.fbp.engine.node.impl.LogNode - [15:33:05.810][logger] {tick=1090, __inPort=in, check_timestamp=1779863585810, timestamp=1779863585810, status=UP}
2026-05-27 15:33:06.800 [pool-3-thread-1] INFO  c.f.engine.metrics.MetricsCollector - [MetricsCollector] 8건 메트릭 InfluxDB 적재 완료
2026-05-27 15:33:07.948 [pool-1-thread-8] INFO  com.fbp.engine.node.impl.LogNode - [15:33:07.948][logger] {tick=1091, __inPort=in, check_timestamp=1779863587948, timestamp=1779863587947, status=UP}
2026-05-27 15:33:10.805 [pool-1-thread-8] INFO  com.fbp.engine.node.impl.LogNode - [15:33:10.805][logger] {tick=1092, __inPort=in, check_timestamp=1779863590805, timestamp=1779863590805, status=UP}
2026-05-27 15:33:12.943 [pool-1-thread-8] INFO  com.fbp.engine.node.impl.LogNode - [15:33:12.943][logger] {tick=1093, __inPort=in, check_timestamp=1779863592943, timestamp=1779863592943, status=UP}
2026-05-27 15:33:15.811 [pool-1-thread-8] INFO  com.fbp.engine.node.impl.LogNode - [15:33:15.811][logger] {tick=1094, __inPort=in, check_timestamp=1779863595811, timestamp=1779863595811, status=UP}
2026-05-27 15:33:16.796 [pool-3-thread-1] INFO  c.f.engine.metrics.MetricsCollector - [MetricsCollector] 8건 메트릭 InfluxDB 적재 완료
2026-05-27 15:33:17.941 [pool-1-thread-8] INFO  com.fbp.engine.node.impl.LogNode - [15:33:17.941][logger] {tick=1095, __inPort=in, check_timestamp=1779863597941, timestamp=1779863597941, status=UP}
2026-05-27 15:33:20.811 [pool-1-thread-8] INFO  com.fbp.engine.node.impl.LogNode - [15:33:20.811][logger] {tick=1096, __inPort=in, check_timestamp=1779863600810, timestamp=1779863600810, status=UP}
2026-05-27 15:33:22.942 [pool-1-thread-8] INFO  com.fbp.engine.node.impl.LogNode - [15:33:22.941][logger] {tick=1097, __inPort=in, check_timestamp=1779863602941, timestamp=1779863602941, status=UP}
2026-05-27 15:33:25.810 [pool-1-thread-8] INFO  com.fbp.engine.node.impl.LogNode - [15:33:25.810][logger] {tick=1098, __inPort=in, check_timestamp=1779863605810, timestamp=1779863605810, status=UP}
2026-05-27 15:33:26.805 [pool-3-thread-1] INFO  c.f.engine.metrics.MetricsCollector - [MetricsCollector] 8건 메트릭 InfluxDB 적재 완료
2026-05-27 15:33:27.948 [pool-1-thread-8] INFO  com.fbp.engine.node.impl.LogNode - [15:33:27.948][logger] {tick=1099, __inPort=in, check_timestamp=1779863607948, timestamp=1779863607947, status=UP}
2026-05-27 15:33:30.811 [pool-1-thread-8] INFO  com.fbp.engine.node.impl.LogNode - [15:33:30.811][logger] {tick=1100, __inPort=in, check_timestamp=1779863610811, timestamp=1779863610811, status=UP}
2026-05-27 15:33:32.938 [pool-1-thread-8] INFO  com.fbp.engine.node.impl.LogNode - [15:33:32.938][logger] {tick=1101, __inPort=in, check_timestamp=1779863612938, timestamp=1779863612938, status=UP}
2026-05-27 15:33:35.802 [pool-1-thread-8] INFO  com.fbp.engine.node.impl.LogNode - [15:33:35.802][logger] {tick=1102, __inPort=in, check_timestamp=1779863615802, timestamp=1779863615802, status=UP}
2026-05-27 15:33:36.802 [pool-3-thread-1] INFO  c.f.engine.metrics.MetricsCollector - [MetricsCollector] 8건 메트릭 InfluxDB 적재 완료
2026-05-27 15:33:37.948 [pool-1-thread-8] INFO  com.fbp.engine.node.impl.LogNode - [15:33:37.948][logger] {tick=1103, __inPort=in, check_timestamp=1779863617948, timestamp=1779863617947, status=UP}
2026-05-27 15:33:40.811 [pool-1-thread-8] INFO  com.fbp.engine.node.impl.LogNode - [15:33:40.811][logger] {tick=1104, __inPort=in, check_timestamp=1779863620811, timestamp=1779863620811, status=UP}
2026-05-27 15:33:42.948 [pool-1-thread-8] INFO  com.fbp.engine.node.impl.LogNode - [15:33:42.948][logger] {tick=1105, __inPort=in, check_timestamp=1779863622948, timestamp=1779863622947, status=UP}
2026-05-27 15:33:45.808 [pool-1-thread-8] INFO  com.fbp.engine.node.impl.LogNode - [15:33:45.807][logger] {tick=1106, __inPort=in, check_timestamp=1779863625807, timestamp=1779863625807, status=UP}
2026-05-27 15:33:46.794 [pool-3-thread-1] INFO  c.f.engine.metrics.MetricsCollector - [MetricsCollector] 8건 메트릭 InfluxDB 적재 완료
2026-05-27 15:33:47.943 [pool-1-thread-8] INFO  com.fbp.engine.node.impl.LogNode - [15:33:47.943][logger] {tick=1107, __inPort=in, check_timestamp=1779863627943, timestamp=1779863627943, status=UP}
2026-05-27 15:33:50.809 [pool-1-thread-8] INFO  com.fbp.engine.node.impl.LogNode - [15:33:50.809][logger] {tick=1108, __inPort=in, check_timestamp=1779863630809, timestamp=1779863630809, status=UP}
2026-05-27 15:33:52.941 [pool-1-thread-8] INFO  com.fbp.engine.node.impl.LogNode - [15:33:52.941][logger] {tick=1109, __inPort=in, check_timestamp=1779863632941, timestamp=1779863632941, status=UP}
2026-05-27 15:33:55.808 [pool-1-thread-8] INFO  com.fbp.engine.node.impl.LogNode - [15:33:55.808][logger] {tick=1110, __inPort=in, check_timestamp=1779863635808, timestamp=1779863635808, status=UP}
2026-05-27 15:33:56.811 [pool-3-thread-1] INFO  c.f.engine.metrics.MetricsCollector - [MetricsCollector] 8건 메트릭 InfluxDB 적재 완료
2026-05-27 15:33:57.937 [pool-1-thread-8] INFO  com.fbp.engine.node.impl.LogNode - [15:33:57.937][logger] {tick=1111, __inPort=in, check_timestamp=1779863637937, timestamp=1779863637937, status=UP}
2026-05-27 15:34:00.805 [pool-1-thread-8] INFO  com.fbp.engine.node.impl.LogNode - [15:34:00.805][logger] {tick=1112, __inPort=in, check_timestamp=1779863640805, timestamp=1779863640805, status=UP}
2026-05-27 15:34:02.941 [pool-1-thread-8] INFO  com.fbp.engine.node.impl.LogNode - [15:34:02.941][logger] {tick=1113, __inPort=in, check_timestamp=1779863642941, timestamp=1779863642941, status=UP}
2026-05-27 15:34:05.807 [pool-1-thread-8] INFO  com.fbp.engine.node.impl.LogNode - [15:34:05.807][logger] {tick=1114, __inPort=in, check_timestamp=1779863645806, timestamp=1779863645806, status=UP}
2026-05-27 15:34:06.803 [pool-3-thread-1] INFO  c.f.engine.metrics.MetricsCollector - [MetricsCollector] 8건 메트릭 InfluxDB 적재 완료
2026-05-27 15:34:07.942 [pool-1-thread-8] INFO  com.fbp.engine.node.impl.LogNode - [15:34:07.942][logger] {tick=1115, __inPort=in, check_timestamp=1779863647942, timestamp=1779863647942, status=UP}
2026-05-27 15:34:10.806 [pool-1-thread-8] INFO  com.fbp.engine.node.impl.LogNode - [15:34:10.806][logger] {tick=1116, __inPort=in, check_timestamp=1779863650806, timestamp=1779863650805, status=UP}
2026-05-27 15:34:12.943 [pool-1-thread-8] INFO  com.fbp.engine.node.impl.LogNode - [15:34:12.943][logger] {tick=1117, __inPort=in, check_timestamp=1779863652943, timestamp=1779863652942, status=UP}
2026-05-27 15:34:15.806 [pool-1-thread-8] INFO  com.fbp.engine.node.impl.LogNode - [15:34:15.806][logger] {tick=1118, __inPort=in, check_timestamp=1779863655806, timestamp=1779863655805, status=UP}
2026-05-27 15:34:16.799 [pool-3-thread-1] INFO  c.f.engine.metrics.MetricsCollector - [MetricsCollector] 8건 메트릭 InfluxDB 적재 완료
2026-05-27 15:34:17.942 [pool-1-thread-8] INFO  com.fbp.engine.node.impl.LogNode - [15:34:17.942][logger] {tick=1119, __inPort=in, check_timestamp=1779863657941, timestamp=1779863657941, status=UP}
2026-05-27 15:34:20.806 [pool-1-thread-8] INFO  com.fbp.engine.node.impl.LogNode - [15:34:20.806][logger] {tick=1120, __inPort=in, check_timestamp=1779863660806, timestamp=1779863660805, status=UP}
2026-05-27 15:34:22.938 [pool-1-thread-8] INFO  com.fbp.engine.node.impl.LogNode - [15:34:22.938][logger] {tick=1121, __inPort=in, check_timestamp=1779863662938, timestamp=1779863662938, status=UP}
2026-05-27 15:34:25.803 [pool-1-thread-8] INFO  com.fbp.engine.node.impl.LogNode - [15:34:25.803][logger] {tick=1122, __inPort=in, check_timestamp=1779863665803, timestamp=1779863665803, status=UP}
2026-05-27 15:34:26.801 [pool-3-thread-1] INFO  c.f.engine.metrics.MetricsCollector - [MetricsCollector] 8건 메트릭 InfluxDB 적재 완료
2026-05-27 15:34:27.940 [pool-1-thread-8] INFO  com.fbp.engine.node.impl.LogNode - [15:34:27.940][logger] {tick=1123, __inPort=in, check_timestamp=1779863667940, timestamp=1779863667939, status=UP}
2026-05-27 15:34:30.805 [pool-1-thread-8] INFO  com.fbp.engine.node.impl.LogNode - [15:34:30.805][logger] {tick=1124, __inPort=in, check_timestamp=1779863670805, timestamp=1779863670805, status=UP}
2026-05-27 15:34:32.939 [pool-1-thread-8] INFO  com.fbp.engine.node.impl.LogNode - [15:34:32.939][logger] {tick=1125, __inPort=in, check_timestamp=1779863672939, timestamp=1779863672939, status=UP}
2026-05-27 15:34:35.802 [pool-1-thread-8] INFO  com.fbp.engine.node.impl.LogNode - [15:34:35.802][logger] {tick=1126, __inPort=in, check_timestamp=1779863675802, timestamp=1779863675802, status=UP}
2026-05-27 15:34:36.795 [pool-3-thread-1] INFO  c.f.engine.metrics.MetricsCollector - [MetricsCollector] 8건 메트릭 InfluxDB 적재 완료
2026-05-27 15:34:37.940 [pool-1-thread-8] INFO  com.fbp.engine.node.impl.LogNode - [15:34:37.940][logger] {tick=1127, __inPort=in, check_timestamp=1779863677940, timestamp=1779863677940, status=UP}
2026-05-27 15:34:40.806 [pool-1-thread-8] INFO  com.fbp.engine.node.impl.LogNode - [15:34:40.806][logger] {tick=1128, __inPort=in, check_timestamp=1779863680806, timestamp=1779863680805, status=UP}
2026-05-27 15:34:42.942 [pool-1-thread-8] INFO  com.fbp.engine.node.impl.LogNode - [15:34:42.942][logger] {tick=1129, __inPort=in, check_timestamp=1779863682942, timestamp=1779863682942, status=UP}
2026-05-27 15:34:45.803 [pool-1-thread-8] INFO  com.fbp.engine.node.impl.LogNode - [15:34:45.803][logger] {tick=1130, __inPort=in, check_timestamp=1779863685802, timestamp=1779863685802, status=UP}
2026-05-27 15:34:46.802 [pool-3-thread-1] INFO  c.f.engine.metrics.MetricsCollector - [MetricsCollector] 8건 메트릭 InfluxDB 적재 완료
2026-05-27 15:34:47.940 [pool-1-thread-8] INFO  com.fbp.engine.node.impl.LogNode - [15:34:47.940][logger] {tick=1131, __inPort=in, check_timestamp=1779863687940, timestamp=1779863687940, status=UP}
2026-05-27 15:34:50.803 [pool-1-thread-8] INFO  com.fbp.engine.node.impl.LogNode - [15:34:50.803][logger] {tick=1132, __inPort=in, check_timestamp=1779863690803, timestamp=1779863690802, status=UP}
2026-05-27 15:34:52.939 [pool-1-thread-8] INFO  com.fbp.engine.node.impl.LogNode - [15:34:52.939][logger] {tick=1133, __inPort=in, check_timestamp=1779863692938, timestamp=1779863692938, status=UP}
2026-05-27 15:34:55.806 [pool-1-thread-8] INFO  com.fbp.engine.node.impl.LogNode - [15:34:55.806][logger] {tick=1134, __inPort=in, check_timestamp=1779863695806, timestamp=1779863695805, status=UP}
2026-05-27 15:34:56.794 [pool-3-thread-1] INFO  c.f.engine.metrics.MetricsCollector - [MetricsCollector] 8건 메트릭 InfluxDB 적재 완료
2026-05-27 15:34:57.938 [pool-1-thread-8] INFO  com.fbp.engine.node.impl.LogNode - [15:34:57.938][logger] {tick=1135, __inPort=in, check_timestamp=1779863697938, timestamp=1779863697938, status=UP}
2026-05-27 15:35:00.802 [pool-1-thread-8] INFO  com.fbp.engine.node.impl.LogNode - [15:35:00.802][logger] {tick=1136, __inPort=in, check_timestamp=1779863700802, timestamp=1779863700801, status=UP}
2026-05-27 15:35:02.942 [pool-1-thread-8] INFO  com.fbp.engine.node.impl.LogNode - [15:35:02.942][logger] {tick=1137, __inPort=in, check_timestamp=1779863702942, timestamp=1779863702941, status=UP}
2026-05-27 15:35:05.806 [pool-1-thread-8] INFO  com.fbp.engine.node.impl.LogNode - [15:35:05.805][logger] {tick=1138, __inPort=in, check_timestamp=1779863705805, timestamp=1779863705805, status=UP}
2026-05-27 15:35:06.803 [pool-3-thread-1] INFO  c.f.engine.metrics.MetricsCollector - [MetricsCollector] 8건 메트릭 InfluxDB 적재 완료
2026-05-27 15:35:07.943 [pool-1-thread-8] INFO  com.fbp.engine.node.impl.LogNode - [15:35:07.942][logger] {tick=1139, __inPort=in, check_timestamp=1779863707942, timestamp=1779863707942, status=UP}
2026-05-27 15:35:10.802 [pool-1-thread-8] INFO  com.fbp.engine.node.impl.LogNode - [15:35:10.802][logger] {tick=1140, __inPort=in, check_timestamp=1779863710802, timestamp=1779863710802, status=UP}
2026-05-27 15:35:12.941 [pool-1-thread-8] INFO  com.fbp.engine.node.impl.LogNode - [15:35:12.941][logger] {tick=1141, __inPort=in, check_timestamp=1779863712941, timestamp=1779863712940, status=UP}
2026-05-27 15:35:15.804 [pool-1-thread-8] INFO  com.fbp.engine.node.impl.LogNode - [15:35:15.804][logger] {tick=1142, __inPort=in, check_timestamp=1779863715804, timestamp=1779863715804, status=UP}
2026-05-27 15:35:16.804 [pool-3-thread-1] INFO  c.f.engine.metrics.MetricsCollector - [MetricsCollector] 8건 메트릭 InfluxDB 적재 완료
2026-05-27 15:35:17.941 [pool-1-thread-8] INFO  com.fbp.engine.node.impl.LogNode - [15:35:17.941][logger] {tick=1143, __inPort=in, check_timestamp=1779863717941, timestamp=1779863717940, status=UP}
2026-05-27 15:35:20.804 [pool-1-thread-8] INFO  com.fbp.engine.node.impl.LogNode - [15:35:20.804][logger] {tick=1144, __inPort=in, check_timestamp=1779863720804, timestamp=1779863720803, status=UP}
2026-05-27 15:35:22.942 [pool-1-thread-8] INFO  com.fbp.engine.node.impl.LogNode - [15:35:22.942][logger] {tick=1145, __inPort=in, check_timestamp=1779863722942, timestamp=1779863722942, status=UP}
2026-05-27 15:35:25.806 [pool-1-thread-8] INFO  com.fbp.engine.node.impl.LogNode - [15:35:25.806][logger] {tick=1146, __inPort=in, check_timestamp=1779863725805, timestamp=1779863725805, status=UP}
2026-05-27 15:35:26.796 [pool-3-thread-1] INFO  c.f.engine.metrics.MetricsCollector - [MetricsCollector] 8건 메트릭 InfluxDB 적재 완료
2026-05-27 15:35:27.940 [pool-1-thread-8] INFO  com.fbp.engine.node.impl.LogNode - [15:35:27.940][logger] {tick=1147, __inPort=in, check_timestamp=1779863727940, timestamp=1779863727940, status=UP}
2026-05-27 15:35:30.802 [pool-1-thread-8] INFO  com.fbp.engine.node.impl.LogNode - [15:35:30.802][logger] {tick=1148, __inPort=in, check_timestamp=1779863730802, timestamp=1779863730802, status=UP}
2026-05-27 15:35:32.942 [pool-1-thread-8] INFO  com.fbp.engine.node.impl.LogNode - [15:35:32.942][logger] {tick=1149, __inPort=in, check_timestamp=1779863732942, timestamp=1779863732941, status=UP}
2026-05-27 15:35:35.801 [pool-1-thread-8] INFO  com.fbp.engine.node.impl.LogNode - [15:35:35.801][logger] {tick=1150, __inPort=in, check_timestamp=1779863735801, timestamp=1779863735800, status=UP}
2026-05-27 15:35:36.803 [pool-3-thread-1] INFO  c.f.engine.metrics.MetricsCollector - [MetricsCollector] 8건 메트릭 InfluxDB 적재 완료
2026-05-27 15:35:37.938 [pool-1-thread-8] INFO  com.fbp.engine.node.impl.LogNode - [15:35:37.938][logger] {tick=1151, __inPort=in, check_timestamp=1779863737938, timestamp=1779863737937, status=UP}
2026-05-27 15:35:40.802 [pool-1-thread-8] INFO  com.fbp.engine.node.impl.LogNode - [15:35:40.802][logger] {tick=1152, __inPort=in, check_timestamp=1779863740802, timestamp=1779863740801, status=UP}
2026-05-27 15:35:42.942 [pool-1-thread-8] INFO  com.fbp.engine.node.impl.LogNode - [15:35:42.942][logger] {tick=1153, __inPort=in, check_timestamp=1779863742942, timestamp=1779863742942, status=UP}
2026-05-27 15:35:45.806 [pool-1-thread-8] INFO  com.fbp.engine.node.impl.LogNode - [15:35:45.805][logger] {tick=1154, __inPort=in, check_timestamp=1779863745805, timestamp=1779863745805, status=UP}
2026-05-27 15:35:46.802 [pool-3-thread-1] INFO  c.f.engine.metrics.MetricsCollector - [MetricsCollector] 8건 메트릭 InfluxDB 적재 완료
2026-05-27 15:35:47.942 [pool-1-thread-8] INFO  com.fbp.engine.node.impl.LogNode - [15:35:47.942][logger] {tick=1155, __inPort=in, check_timestamp=1779863747942, timestamp=1779863747942, status=UP}
2026-05-27 15:35:50.806 [pool-1-thread-8] INFO  com.fbp.engine.node.impl.LogNode - [15:35:50.806][logger] {tick=1156, __inPort=in, check_timestamp=1779863750806, timestamp=1779863750806, status=UP}
2026-05-27 15:35:52.939 [pool-1-thread-8] INFO  com.fbp.engine.node.impl.LogNode - [15:35:52.939][logger] {tick=1157, __inPort=in, check_timestamp=1779863752939, timestamp=1779863752939, status=UP}
2026-05-27 15:35:55.805 [pool-1-thread-8] INFO  com.fbp.engine.node.impl.LogNode - [15:35:55.805][logger] {tick=1158, __inPort=in, check_timestamp=1779863755805, timestamp=1779863755805, status=UP}
2026-05-27 15:35:56.798 [pool-3-thread-1] INFO  c.f.engine.metrics.MetricsCollector - [MetricsCollector] 8건 메트릭 InfluxDB 적재 완료
2026-05-27 15:35:57.942 [pool-1-thread-8] INFO  com.fbp.engine.node.impl.LogNode - [15:35:57.942][logger] {tick=1159, __inPort=in, check_timestamp=1779863757942, timestamp=1779863757942, status=UP}
2026-05-27 15:36:00.805 [pool-1-thread-8] INFO  com.fbp.engine.node.impl.LogNode - [15:36:00.805][logger] {tick=1160, __inPort=in, check_timestamp=1779863760805, timestamp=1779863760805, status=UP}
2026-05-27 15:36:02.942 [pool-1-thread-8] INFO  com.fbp.engine.node.impl.LogNode - [15:36:02.942][logger] {tick=1161, __inPort=in, check_timestamp=1779863762942, timestamp=1779863762942, status=UP}
2026-05-27 15:36:05.802 [pool-1-thread-8] INFO  com.fbp.engine.node.impl.LogNode - [15:36:05.802][logger] {tick=1162, __inPort=in, check_timestamp=1779863765802, timestamp=1779863765802, status=UP}
2026-05-27 15:36:06.796 [pool-3-thread-1] INFO  c.f.engine.metrics.MetricsCollector - [MetricsCollector] 8건 메트릭 InfluxDB 적재 완료
2026-05-27 15:36:07.937 [pool-1-thread-8] INFO  com.fbp.engine.node.impl.LogNode - [15:36:07.937][logger] {tick=1163, __inPort=in, check_timestamp=1779863767937, timestamp=1779863767937, status=UP}
2026-05-27 15:36:10.805 [pool-1-thread-8] INFO  com.fbp.engine.node.impl.LogNode - [15:36:10.805][logger] {tick=1164, __inPort=in, check_timestamp=1779863770805, timestamp=1779863770805, status=UP}
2026-05-27 15:36:12.940 [pool-1-thread-8] INFO  com.fbp.engine.node.impl.LogNode - [15:36:12.940][logger] {tick=1165, __inPort=in, check_timestamp=1779863772940, timestamp=1779863772940, status=UP}
2026-05-27 15:36:15.805 [pool-1-thread-8] INFO  com.fbp.engine.node.impl.LogNode - [15:36:15.805][logger] {tick=1166, __inPort=in, check_timestamp=1779863775805, timestamp=1779863775805, status=UP}
2026-05-27 15:36:16.797 [pool-3-thread-1] INFO  c.f.engine.metrics.MetricsCollector - [MetricsCollector] 8건 메트릭 InfluxDB 적재 완료
2026-05-27 15:36:17.941 [pool-1-thread-8] INFO  com.fbp.engine.node.impl.LogNode - [15:36:17.941][logger] {tick=1167, __inPort=in, check_timestamp=1779863777941, timestamp=1779863777941, status=UP}
2026-05-27 15:36:20.805 [pool-1-thread-8] INFO  com.fbp.engine.node.impl.LogNode - [15:36:20.805][logger] {tick=1168, __inPort=in, check_timestamp=1779863780805, timestamp=1779863780805, status=UP}
2026-05-27 15:36:22.942 [pool-1-thread-8] INFO  com.fbp.engine.node.impl.LogNode - [15:36:22.942][logger] {tick=1169, __inPort=in, check_timestamp=1779863782942, timestamp=1779863782942, status=UP}
2026-05-27 15:36:25.805 [pool-1-thread-8] INFO  com.fbp.engine.node.impl.LogNode - [15:36:25.805][logger] {tick=1170, __inPort=in, check_timestamp=1779863785805, timestamp=1779863785805, status=UP}
2026-05-27 15:36:26.802 [pool-3-thread-1] INFO  c.f.engine.metrics.MetricsCollector - [MetricsCollector] 8건 메트릭 InfluxDB 적재 완료
2026-05-27 15:36:27.942 [pool-1-thread-8] INFO  com.fbp.engine.node.impl.LogNode - [15:36:27.942][logger] {tick=1171, __inPort=in, check_timestamp=1779863787942, timestamp=1779863787942, status=UP}
2026-05-27 15:36:30.803 [pool-1-thread-8] INFO  com.fbp.engine.node.impl.LogNode - [15:36:30.803][logger] {tick=1172, __inPort=in, check_timestamp=1779863790803, timestamp=1779863790803, status=UP}
2026-05-27 15:36:32.941 [pool-1-thread-8] INFO  com.fbp.engine.node.impl.LogNode - [15:36:32.941][logger] {tick=1173, __inPort=in, check_timestamp=1779863792941, timestamp=1779863792941, status=UP}
2026-05-27 15:36:35.805 [pool-1-thread-8] INFO  com.fbp.engine.node.impl.LogNode - [15:36:35.805][logger] {tick=1174, __inPort=in, check_timestamp=1779863795805, timestamp=1779863795805, status=UP}
2026-05-27 15:36:36.795 [pool-3-thread-1] INFO  c.f.engine.metrics.MetricsCollector - [MetricsCollector] 8건 메트릭 InfluxDB 적재 완료
2026-05-27 15:36:37.942 [pool-1-thread-8] INFO  com.fbp.engine.node.impl.LogNode - [15:36:37.942][logger] {tick=1175, __inPort=in, check_timestamp=1779863797942, timestamp=1779863797942, status=UP}
2026-05-27 15:36:40.805 [pool-1-thread-8] INFO  com.fbp.engine.node.impl.LogNode - [15:36:40.805][logger] {tick=1176, __inPort=in, check_timestamp=1779863800805, timestamp=1779863800805, status=UP}
2026-05-27 15:36:42.941 [pool-1-thread-8] INFO  com.fbp.engine.node.impl.LogNode - [15:36:42.941][logger] {tick=1177, __inPort=in, check_timestamp=1779863802941, timestamp=1779863802941, status=UP}
2026-05-27 15:36:45.804 [pool-1-thread-8] INFO  com.fbp.engine.node.impl.LogNode - [15:36:45.804][logger] {tick=1178, __inPort=in, check_timestamp=1779863805804, timestamp=1779863805804, status=UP}
2026-05-27 15:36:46.801 [pool-3-thread-1] INFO  c.f.engine.metrics.MetricsCollector - [MetricsCollector] 8건 메트릭 InfluxDB 적재 완료
2026-05-27 15:36:47.942 [pool-1-thread-8] INFO  com.fbp.engine.node.impl.LogNode - [15:36:47.942][logger] {tick=1179, __inPort=in, check_timestamp=1779863807942, timestamp=1779863807942, status=UP}
2026-05-27 15:36:50.805 [pool-1-thread-8] INFO  com.fbp.engine.node.impl.LogNode - [15:36:50.805][logger] {tick=1180, __inPort=in, check_timestamp=1779863810805, timestamp=1779863810805, status=UP}
2026-05-27 15:36:52.939 [pool-1-thread-8] INFO  com.fbp.engine.node.impl.LogNode - [15:36:52.939][logger] {tick=1181, __inPort=in, check_timestamp=1779863812939, timestamp=1779863812939, status=UP}
2026-05-27 15:36:55.805 [pool-1-thread-8] INFO  com.fbp.engine.node.impl.LogNode - [15:36:55.805][logger] {tick=1182, __inPort=in, check_timestamp=1779863815805, timestamp=1779863815805, status=UP}
2026-05-27 15:36:56.798 [pool-3-thread-1] INFO  c.f.engine.metrics.MetricsCollector - [MetricsCollector] 8건 메트릭 InfluxDB 적재 완료
2026-05-27 15:36:57.940 [pool-1-thread-8] INFO  com.fbp.engine.node.impl.LogNode - [15:36:57.940][logger] {tick=1183, __inPort=in, check_timestamp=1779863817940, timestamp=1779863817940, status=UP}
2026-05-27 15:37:00.805 [pool-1-thread-8] INFO  com.fbp.engine.node.impl.LogNode - [15:37:00.805][logger] {tick=1184, __inPort=in, check_timestamp=1779863820805, timestamp=1779863820805, status=UP}
2026-05-27 15:37:02.942 [pool-1-thread-8] INFO  com.fbp.engine.node.impl.LogNode - [15:37:02.942][logger] {tick=1185, __inPort=in, check_timestamp=1779863822942, timestamp=1779863822942, status=UP}
2026-05-27 15:37:05.801 [pool-1-thread-8] INFO  com.fbp.engine.node.impl.LogNode - [15:37:05.801][logger] {tick=1186, __inPort=in, check_timestamp=1779863825801, timestamp=1779863825801, status=UP}
2026-05-27 15:37:06.801 [pool-3-thread-1] INFO  c.f.engine.metrics.MetricsCollector - [MetricsCollector] 8건 메트릭 InfluxDB 적재 완료
2026-05-27 15:37:07.942 [pool-1-thread-8] INFO  com.fbp.engine.node.impl.LogNode - [15:37:07.942][logger] {tick=1187, __inPort=in, check_timestamp=1779863827942, timestamp=1779863827942, status=UP}
2026-05-27 15:37:10.805 [pool-1-thread-8] INFO  com.fbp.engine.node.impl.LogNode - [15:37:10.805][logger] {tick=1188, __inPort=in, check_timestamp=1779863830805, timestamp=1779863830805, status=UP}
2026-05-27 15:37:12.942 [pool-1-thread-8] INFO  com.fbp.engine.node.impl.LogNode - [15:37:12.942][logger] {tick=1189, __inPort=in, check_timestamp=1779863832942, timestamp=1779863832942, status=UP}
2026-05-27 15:37:15.805 [pool-1-thread-8] INFO  com.fbp.engine.node.impl.LogNode - [15:37:15.805][logger] {tick=1190, __inPort=in, check_timestamp=1779863835805, timestamp=1779863835804, status=UP}
2026-05-27 15:37:16.799 [pool-3-thread-1] INFO  c.f.engine.metrics.MetricsCollector - [MetricsCollector] 8건 메트릭 InfluxDB 적재 완료
2026-05-27 15:37:17.938 [pool-1-thread-8] INFO  com.fbp.engine.node.impl.LogNode - [15:37:17.938][logger] {tick=1191, __inPort=in, check_timestamp=1779863837938, timestamp=1779863837937, status=UP}
2026-05-27 15:37:20.801 [pool-1-thread-8] INFO  com.fbp.engine.node.impl.LogNode - [15:37:20.801][logger] {tick=1192, __inPort=in, check_timestamp=1779863840801, timestamp=1779863840801, status=UP}
2026-05-27 15:37:22.942 [pool-1-thread-8] INFO  com.fbp.engine.node.impl.LogNode - [15:37:22.942][logger] {tick=1193, __inPort=in, check_timestamp=1779863842942, timestamp=1779863842942, status=UP}
2026-05-27 15:37:25.805 [pool-1-thread-8] INFO  com.fbp.engine.node.impl.LogNode - [15:37:25.805][logger] {tick=1194, __inPort=in, check_timestamp=1779863845805, timestamp=1779863845805, status=UP}
2026-05-27 15:37:26.796 [pool-3-thread-1] INFO  c.f.engine.metrics.MetricsCollector - [MetricsCollector] 8건 메트릭 InfluxDB 적재 완료
2026-05-27 15:37:27.942 [pool-1-thread-8] INFO  com.fbp.engine.node.impl.LogNode - [15:37:27.942][logger] {tick=1195, __inPort=in, check_timestamp=1779863847942, timestamp=1779863847942, status=UP}
2026-05-27 15:37:30.805 [pool-1-thread-8] INFO  com.fbp.engine.node.impl.LogNode - [15:37:30.805][logger] {tick=1196, __inPort=in, check_timestamp=1779863850805, timestamp=1779863850805, status=UP}
2026-05-27 15:37:32.938 [pool-1-thread-8] INFO  com.fbp.engine.node.impl.LogNode - [15:37:32.938][logger] {tick=1197, __inPort=in, check_timestamp=1779863852938, timestamp=1779863852938, status=UP}
2026-05-27 15:37:35.801 [pool-1-thread-8] INFO  com.fbp.engine.node.impl.LogNode - [15:37:35.801][logger] {tick=1198, __inPort=in, check_timestamp=1779863855801, timestamp=1779863855801, status=UP}
2026-05-27 15:37:36.796 [pool-3-thread-1] INFO  c.f.engine.metrics.MetricsCollector - [MetricsCollector] 8건 메트릭 InfluxDB 적재 완료
2026-05-27 15:37:37.941 [pool-1-thread-8] INFO  com.fbp.engine.node.impl.LogNode - [15:37:37.941][logger] {tick=1199, __inPort=in, check_timestamp=1779863857940, timestamp=1779863857940, status=UP}
2026-05-27 15:37:40.802 [pool-1-thread-8] INFO  com.fbp.engine.node.impl.LogNode - [15:37:40.802][logger] {tick=1200, __inPort=in, check_timestamp=1779863860802, timestamp=1779863860802, status=UP}
2026-05-27 15:37:42.937 [pool-1-thread-8] INFO  com.fbp.engine.node.impl.LogNode - [15:37:42.937][logger] {tick=1201, __inPort=in, check_timestamp=1779863862937, timestamp=1779863862937, status=UP}
2026-05-27 15:37:45.805 [pool-1-thread-8] INFO  com.fbp.engine.node.impl.LogNode - [15:37:45.805][logger] {tick=1202, __inPort=in, check_timestamp=1779863865805, timestamp=1779863865805, status=UP}
2026-05-27 15:37:46.800 [pool-3-thread-1] INFO  c.f.engine.metrics.MetricsCollector - [MetricsCollector] 8건 메트릭 InfluxDB 적재 완료
2026-05-27 15:37:47.942 [pool-1-thread-8] INFO  com.fbp.engine.node.impl.LogNode - [15:37:47.942][logger] {tick=1203, __inPort=in, check_timestamp=1779863867942, timestamp=1779863867942, status=UP}
2026-05-27 15:37:50.804 [pool-1-thread-8] INFO  com.fbp.engine.node.impl.LogNode - [15:37:50.804][logger] {tick=1204, __inPort=in, check_timestamp=1779863870804, timestamp=1779863870804, status=UP}
2026-05-27 15:37:52.942 [pool-1-thread-8] INFO  com.fbp.engine.node.impl.LogNode - [15:37:52.942][logger] {tick=1205, __inPort=in, check_timestamp=1779863872942, timestamp=1779863872942, status=UP}
2026-05-27 15:37:55.805 [pool-1-thread-8] INFO  com.fbp.engine.node.impl.LogNode - [15:37:55.805][logger] {tick=1206, __inPort=in, check_timestamp=1779863875805, timestamp=1779863875805, status=UP}
2026-05-27 15:37:56.794 [pool-3-thread-1] INFO  c.f.engine.metrics.MetricsCollector - [MetricsCollector] 8건 메트릭 InfluxDB 적재 완료
2026-05-27 15:37:57.938 [pool-1-thread-8] INFO  com.fbp.engine.node.impl.LogNode - [15:37:57.938][logger] {tick=1207, __inPort=in, check_timestamp=1779863877938, timestamp=1779863877937, status=UP}
2026-05-27 15:38:00.805 [pool-1-thread-8] INFO  com.fbp.engine.node.impl.LogNode - [15:38:00.805][logger] {tick=1208, __inPort=in, check_timestamp=1779863880805, timestamp=1779863880805, status=UP}
2026-05-27 15:38:02.942 [pool-1-thread-8] INFO  com.fbp.engine.node.impl.LogNode - [15:38:02.942][logger] {tick=1209, __inPort=in, check_timestamp=1779863882942, timestamp=1779863882941, status=UP}
2026-05-27 15:38:05.804 [pool-1-thread-8] INFO  com.fbp.engine.node.impl.LogNode - [15:38:05.804][logger] {tick=1210, __inPort=in, check_timestamp=1779863885804, timestamp=1779863885804, status=UP}
2026-05-27 15:38:06.809 [pool-3-thread-1] INFO  c.f.engine.metrics.MetricsCollector - [MetricsCollector] 8건 메트릭 InfluxDB 적재 완료
2026-05-27 15:38:07.940 [pool-1-thread-8] INFO  com.fbp.engine.node.impl.LogNode - [15:38:07.940][logger] {tick=1211, __inPort=in, check_timestamp=1779863887940, timestamp=1779863887940, status=UP}
2026-05-27 15:38:10.804 [pool-1-thread-8] INFO  com.fbp.engine.node.impl.LogNode - [15:38:10.804][logger] {tick=1212, __inPort=in, check_timestamp=1779863890803, timestamp=1779863890803, status=UP}
2026-05-27 15:38:12.941 [pool-1-thread-8] INFO  com.fbp.engine.node.impl.LogNode - [15:38:12.941][logger] {tick=1213, __inPort=in, check_timestamp=1779863892941, timestamp=1779863892940, status=UP}
2026-05-27 15:38:15.801 [pool-1-thread-8] INFO  com.fbp.engine.node.impl.LogNode - [15:38:15.801][logger] {tick=1214, __inPort=in, check_timestamp=1779863895801, timestamp=1779863895801, status=UP}
2026-05-27 15:38:16.798 [pool-3-thread-1] INFO  c.f.engine.metrics.MetricsCollector - [MetricsCollector] 8건 메트릭 InfluxDB 적재 완료
2026-05-27 15:38:17.938 [pool-1-thread-8] INFO  com.fbp.engine.node.impl.LogNode - [15:38:17.938][logger] {tick=1215, __inPort=in, check_timestamp=1779863897938, timestamp=1779863897938, status=UP}
2026-05-27 15:38:20.802 [pool-1-thread-8] INFO  com.fbp.engine.node.impl.LogNode - [15:38:20.802][logger] {tick=1216, __inPort=in, check_timestamp=1779863900802, timestamp=1779863900802, status=UP}
2026-05-27 15:38:22.941 [pool-1-thread-8] INFO  com.fbp.engine.node.impl.LogNode - [15:38:22.941][logger] {tick=1217, __inPort=in, check_timestamp=1779863902941, timestamp=1779863902940, status=UP}
2026-05-27 15:38:25.802 [pool-1-thread-8] INFO  com.fbp.engine.node.impl.LogNode - [15:38:25.802][logger] {tick=1218, __inPort=in, check_timestamp=1779863905802, timestamp=1779863905802, status=UP}
2026-05-27 15:38:26.799 [pool-3-thread-1] INFO  c.f.engine.metrics.MetricsCollector - [MetricsCollector] 8건 메트릭 InfluxDB 적재 완료
2026-05-27 15:38:27.942 [pool-1-thread-8] INFO  com.fbp.engine.node.impl.LogNode - [15:38:27.942][logger] {tick=1219, __inPort=in, check_timestamp=1779863907942, timestamp=1779863907941, status=UP}
2026-05-27 15:38:30.802 [pool-1-thread-8] INFO  com.fbp.engine.node.impl.LogNode - [15:38:30.801][logger] {tick=1220, __inPort=in, check_timestamp=1779863910801, timestamp=1779863910801, status=UP}
2026-05-27 15:38:32.942 [pool-1-thread-8] INFO  com.fbp.engine.node.impl.LogNode - [15:38:32.942][logger] {tick=1221, __inPort=in, check_timestamp=1779863912942, timestamp=1779863912942, status=UP}
2026-05-27 15:38:35.802 [pool-1-thread-8] INFO  com.fbp.engine.node.impl.LogNode - [15:38:35.802][logger] {tick=1222, __inPort=in, check_timestamp=1779863915802, timestamp=1779863915802, status=UP}
2026-05-27 15:38:36.801 [pool-3-thread-1] INFO  c.f.engine.metrics.MetricsCollector - [MetricsCollector] 8건 메트릭 InfluxDB 적재 완료
2026-05-27 15:38:37.942 [pool-1-thread-8] INFO  com.fbp.engine.node.impl.LogNode - [15:38:37.942][logger] {tick=1223, __inPort=in, check_timestamp=1779863917942, timestamp=1779863917941, status=UP}
2026-05-27 15:38:40.805 [pool-1-thread-8] INFO  com.fbp.engine.node.impl.LogNode - [15:38:40.805][logger] {tick=1224, __inPort=in, check_timestamp=1779863920805, timestamp=1779863920805, status=UP}
2026-05-27 15:38:42.942 [pool-1-thread-8] INFO  com.fbp.engine.node.impl.LogNode - [15:38:42.942][logger] {tick=1225, __inPort=in, check_timestamp=1779863922942, timestamp=1779863922941, status=UP}
2026-05-27 15:38:45.804 [pool-1-thread-8] INFO  com.fbp.engine.node.impl.LogNode - [15:38:45.804][logger] {tick=1226, __inPort=in, check_timestamp=1779863925804, timestamp=1779863925804, status=UP}
2026-05-27 15:38:46.794 [pool-3-thread-1] INFO  c.f.engine.metrics.MetricsCollector - [MetricsCollector] 8건 메트릭 InfluxDB 적재 완료
2026-05-27 15:38:47.942 [pool-1-thread-8] INFO  com.fbp.engine.node.impl.LogNode - [15:38:47.942][logger] {tick=1227, __inPort=in, check_timestamp=1779863927942, timestamp=1779863927941, status=UP}
2026-05-27 15:38:50.805 [pool-1-thread-8] INFO  com.fbp.engine.node.impl.LogNode - [15:38:50.805][logger] {tick=1228, __inPort=in, check_timestamp=1779863930805, timestamp=1779863930805, status=UP}
2026-05-27 15:38:52.942 [pool-1-thread-8] INFO  com.fbp.engine.node.impl.LogNode - [15:38:52.942][logger] {tick=1229, __inPort=in, check_timestamp=1779863932942, timestamp=1779863932941, status=UP}
2026-05-27 15:38:55.804 [pool-1-thread-8] INFO  com.fbp.engine.node.impl.LogNode - [15:38:55.804][logger] {tick=1230, __inPort=in, check_timestamp=1779863935804, timestamp=1779863935804, status=UP}
2026-05-27 15:38:56.800 [pool-3-thread-1] INFO  c.f.engine.metrics.MetricsCollector - [MetricsCollector] 8건 메트릭 InfluxDB 적재 완료
2026-05-27 15:38:57.937 [pool-1-thread-8] INFO  com.fbp.engine.node.impl.LogNode - [15:38:57.937][logger] {tick=1231, __inPort=in, check_timestamp=1779863937937, timestamp=1779863937937, status=UP}
2026-05-27 15:39:00.801 [pool-1-thread-8] INFO  com.fbp.engine.node.impl.LogNode - [15:39:00.801][logger] {tick=1232, __inPort=in, check_timestamp=1779863940801, timestamp=1779863940801, status=UP}
2026-05-27 15:39:02.937 [pool-1-thread-8] INFO  com.fbp.engine.node.impl.LogNode - [15:39:02.937][logger] {tick=1233, __inPort=in, check_timestamp=1779863942937, timestamp=1779863942937, status=UP}
2026-05-27 15:39:05.804 [pool-1-thread-8] INFO  com.fbp.engine.node.impl.LogNode - [15:39:05.804][logger] {tick=1234, __inPort=in, check_timestamp=1779863945803, timestamp=1779863945803, status=UP}
2026-05-27 15:39:06.803 [pool-3-thread-1] INFO  c.f.engine.metrics.MetricsCollector - [MetricsCollector] 8건 메트릭 InfluxDB 적재 완료
2026-05-27 15:39:07.942 [pool-1-thread-8] INFO  com.fbp.engine.node.impl.LogNode - [15:39:07.942][logger] {tick=1235, __inPort=in, check_timestamp=1779863947942, timestamp=1779863947941, status=UP}
2026-05-27 15:39:10.805 [pool-1-thread-8] INFO  com.fbp.engine.node.impl.LogNode - [15:39:10.805][logger] {tick=1236, __inPort=in, check_timestamp=1779863950805, timestamp=1779863950805, status=UP}
2026-05-27 15:39:12.939 [pool-1-thread-8] INFO  com.fbp.engine.node.impl.LogNode - [15:39:12.939][logger] {tick=1237, __inPort=in, check_timestamp=1779863952939, timestamp=1779863952938, status=UP}
2026-05-27 15:39:15.805 [pool-1-thread-8] INFO  com.fbp.engine.node.impl.LogNode - [15:39:15.805][logger] {tick=1238, __inPort=in, check_timestamp=1779863955804, timestamp=1779863955804, status=UP}
2026-05-27 15:39:16.794 [pool-3-thread-1] INFO  c.f.engine.metrics.MetricsCollector - [MetricsCollector] 8건 메트릭 InfluxDB 적재 완료
2026-05-27 15:39:17.942 [pool-1-thread-8] INFO  com.fbp.engine.node.impl.LogNode - [15:39:17.942][logger] {tick=1239, __inPort=in, check_timestamp=1779863957942, timestamp=1779863957941, status=UP}
2026-05-27 15:39:20.803 [pool-1-thread-8] INFO  com.fbp.engine.node.impl.LogNode - [15:39:20.803][logger] {tick=1240, __inPort=in, check_timestamp=1779863960803, timestamp=1779863960803, status=UP}
2026-05-27 15:39:22.940 [pool-1-thread-8] INFO  com.fbp.engine.node.impl.LogNode - [15:39:22.940][logger] {tick=1241, __inPort=in, check_timestamp=1779863962939, timestamp=1779863962939, status=UP}
2026-05-27 15:39:25.805 [pool-1-thread-8] INFO  com.fbp.engine.node.impl.LogNode - [15:39:25.805][logger] {tick=1242, __inPort=in, check_timestamp=1779863965805, timestamp=1779863965804, status=UP}
2026-05-27 15:39:26.800 [pool-3-thread-1] INFO  c.f.engine.metrics.MetricsCollector - [MetricsCollector] 8건 메트릭 InfluxDB 적재 완료
2026-05-27 15:39:27.942 [pool-1-thread-8] INFO  com.fbp.engine.node.impl.LogNode - [15:39:27.942][logger] {tick=1243, __inPort=in, check_timestamp=1779863967941, timestamp=1779863967941, status=UP}
2026-05-27 15:39:30.805 [pool-1-thread-8] INFO  com.fbp.engine.node.impl.LogNode - [15:39:30.805][logger] {tick=1244, __inPort=in, check_timestamp=1779863970805, timestamp=1779863970804, status=UP}
2026-05-27 15:39:32.937 [pool-1-thread-8] INFO  com.fbp.engine.node.impl.LogNode - [15:39:32.937][logger] {tick=1245, __inPort=in, check_timestamp=1779863972937, timestamp=1779863972936, status=UP}
2026-05-27 15:39:35.804 [pool-1-thread-8] INFO  com.fbp.engine.node.impl.LogNode - [15:39:35.804][logger] {tick=1246, __inPort=in, check_timestamp=1779863975804, timestamp=1779863975804, status=UP}
2026-05-27 15:39:36.794 [pool-3-thread-1] INFO  c.f.engine.metrics.MetricsCollector - [MetricsCollector] 8건 메트릭 InfluxDB 적재 완료
2026-05-27 15:39:37.939 [pool-1-thread-8] INFO  com.fbp.engine.node.impl.LogNode - [15:39:37.939][logger] {tick=1247, __inPort=in, check_timestamp=1779863977939, timestamp=1779863977938, status=UP}
2026-05-27 15:39:40.805 [pool-1-thread-8] INFO  com.fbp.engine.node.impl.LogNode - [15:39:40.805][logger] {tick=1248, __inPort=in, check_timestamp=1779863980805, timestamp=1779863980804, status=UP}
2026-05-27 15:39:42.939 [pool-1-thread-8] INFO  com.fbp.engine.node.impl.LogNode - [15:39:42.939][logger] {tick=1249, __inPort=in, check_timestamp=1779863982939, timestamp=1779863982939, status=UP}
2026-05-27 15:39:45.803 [pool-1-thread-8] INFO  com.fbp.engine.node.impl.LogNode - [15:39:45.803][logger] {tick=1250, __inPort=in, check_timestamp=1779863985803, timestamp=1779863985803, status=UP}
2026-05-27 15:39:46.801 [pool-3-thread-1] INFO  c.f.engine.metrics.MetricsCollector - [MetricsCollector] 8건 메트릭 InfluxDB 적재 완료
2026-05-27 15:39:47.940 [pool-1-thread-8] INFO  com.fbp.engine.node.impl.LogNode - [15:39:47.940][logger] {tick=1251, __inPort=in, check_timestamp=1779863987940, timestamp=1779863987940, status=UP}
2026-05-27 15:39:50.805 [pool-1-thread-8] INFO  com.fbp.engine.node.impl.LogNode - [15:39:50.805][logger] {tick=1252, __inPort=in, check_timestamp=1779863990805, timestamp=1779863990804, status=UP}
2026-05-27 15:39:52.942 [pool-1-thread-8] INFO  com.fbp.engine.node.impl.LogNode - [15:39:52.941][logger] {tick=1253, __inPort=in, check_timestamp=1779863992941, timestamp=1779863992941, status=UP}
2026-05-27 15:39:55.801 [pool-1-thread-8] INFO  com.fbp.engine.node.impl.LogNode - [15:39:55.801][logger] {tick=1254, __inPort=in, check_timestamp=1779863995800, timestamp=1779863995800, status=UP}
2026-05-27 15:39:56.796 [pool-3-thread-1] INFO  c.f.engine.metrics.MetricsCollector - [MetricsCollector] 8건 메트릭 InfluxDB 적재 완료
2026-05-27 15:39:57.940 [pool-1-thread-8] INFO  com.fbp.engine.node.impl.LogNode - [15:39:57.939][logger] {tick=1255, __inPort=in, check_timestamp=1779863997939, timestamp=1779863997939, status=UP}
2026-05-27 15:40:00.803 [pool-1-thread-8] INFO  com.fbp.engine.node.impl.LogNode - [15:40:00.803][logger] {tick=1256, __inPort=in, check_timestamp=1779864000803, timestamp=1779864000803, status=UP}
2026-05-27 15:40:02.939 [pool-1-thread-8] INFO  com.fbp.engine.node.impl.LogNode - [15:40:02.939][logger] {tick=1257, __inPort=in, check_timestamp=1779864002939, timestamp=1779864002939, status=UP}
2026-05-27 15:40:05.805 [pool-1-thread-8] INFO  com.fbp.engine.node.impl.LogNode - [15:40:05.805][logger] {tick=1258, __inPort=in, check_timestamp=1779864005805, timestamp=1779864005804, status=UP}
2026-05-27 15:40:06.796 [pool-3-thread-1] INFO  c.f.engine.metrics.MetricsCollector - [MetricsCollector] 8건 메트릭 InfluxDB 적재 완료
2026-05-27 15:40:07.939 [pool-1-thread-8] INFO  com.fbp.engine.node.impl.LogNode - [15:40:07.939][logger] {tick=1259, __inPort=in, check_timestamp=1779864007939, timestamp=1779864007939, status=UP}
2026-05-27 15:40:10.805 [pool-1-thread-8] INFO  com.fbp.engine.node.impl.LogNode - [15:40:10.805][logger] {tick=1260, __inPort=in, check_timestamp=1779864010805, timestamp=1779864010804, status=UP}
2026-05-27 15:40:12.941 [pool-1-thread-8] INFO  com.fbp.engine.node.impl.LogNode - [15:40:12.941][logger] {tick=1261, __inPort=in, check_timestamp=1779864012941, timestamp=1779864012941, status=UP}
2026-05-27 15:40:15.801 [pool-1-thread-8] INFO  com.fbp.engine.node.impl.LogNode - [15:40:15.801][logger] {tick=1262, __inPort=in, check_timestamp=1779864015801, timestamp=1779864015801, status=UP}
2026-05-27 15:40:16.795 [pool-3-thread-1] INFO  c.f.engine.metrics.MetricsCollector - [MetricsCollector] 8건 메트릭 InfluxDB 적재 완료
2026-05-27 15:40:17.938 [pool-1-thread-8] INFO  com.fbp.engine.node.impl.LogNode - [15:40:17.938][logger] {tick=1263, __inPort=in, check_timestamp=1779864017938, timestamp=1779864017938, status=UP}
2026-05-27 15:40:20.805 [pool-1-thread-8] INFO  com.fbp.engine.node.impl.LogNode - [15:40:20.805][logger] {tick=1264, __inPort=in, check_timestamp=1779864020805, timestamp=1779864020804, status=UP}
2026-05-27 15:40:22.941 [pool-1-thread-8] INFO  com.fbp.engine.node.impl.LogNode - [15:40:22.941][logger] {tick=1265, __inPort=in, check_timestamp=1779864022941, timestamp=1779864022941, status=UP}
2026-05-27 15:40:25.804 [pool-1-thread-8] INFO  com.fbp.engine.node.impl.LogNode - [15:40:25.804][logger] {tick=1266, __inPort=in, check_timestamp=1779864025804, timestamp=1779864025804, status=UP}
2026-05-27 15:40:26.800 [pool-3-thread-1] INFO  c.f.engine.metrics.MetricsCollector - [MetricsCollector] 8건 메트릭 InfluxDB 적재 완료
2026-05-27 15:40:27.941 [pool-1-thread-8] INFO  com.fbp.engine.node.impl.LogNode - [15:40:27.941][logger] {tick=1267, __inPort=in, check_timestamp=1779864027941, timestamp=1779864027941, status=UP}
2026-05-27 15:40:30.802 [pool-1-thread-8] INFO  com.fbp.engine.node.impl.LogNode - [15:40:30.802][logger] {tick=1268, __inPort=in, check_timestamp=1779864030802, timestamp=1779864030802, status=UP}
2026-05-27 15:40:32.938 [pool-1-thread-8] INFO  com.fbp.engine.node.impl.LogNode - [15:40:32.938][logger] {tick=1269, __inPort=in, check_timestamp=1779864032938, timestamp=1779864032938, status=UP}
2026-05-27 15:40:35.805 [pool-1-thread-8] INFO  com.fbp.engine.node.impl.LogNode - [15:40:35.805][logger] {tick=1270, __inPort=in, check_timestamp=1779864035804, timestamp=1779864035804, status=UP}
2026-05-27 15:40:36.799 [pool-3-thread-1] INFO  c.f.engine.metrics.MetricsCollector - [MetricsCollector] 8건 메트릭 InfluxDB 적재 완료
2026-05-27 15:40:37.941 [pool-1-thread-8] INFO  com.fbp.engine.node.impl.LogNode - [15:40:37.941][logger] {tick=1271, __inPort=in, check_timestamp=1779864037941, timestamp=1779864037941, status=UP}
2026-05-27 15:40:40.805 [pool-1-thread-8] INFO  com.fbp.engine.node.impl.LogNode - [15:40:40.805][logger] {tick=1272, __inPort=in, check_timestamp=1779864040804, timestamp=1779864040804, status=UP}
2026-05-27 15:40:42.938 [pool-1-thread-8] INFO  com.fbp.engine.node.impl.LogNode - [15:40:42.938][logger] {tick=1273, __inPort=in, check_timestamp=1779864042938, timestamp=1779864042937, status=UP}
2026-05-27 15:40:45.801 [pool-1-thread-8] INFO  com.fbp.engine.node.impl.LogNode - [15:40:45.801][logger] {tick=1274, __inPort=in, check_timestamp=1779864045801, timestamp=1779864045801, status=UP}
2026-05-27 15:40:46.795 [pool-3-thread-1] INFO  c.f.engine.metrics.MetricsCollector - [MetricsCollector] 8건 메트릭 InfluxDB 적재 완료
2026-05-27 15:40:47.938 [pool-1-thread-8] INFO  com.fbp.engine.node.impl.LogNode - [15:40:47.938][logger] {tick=1275, __inPort=in, check_timestamp=1779864047938, timestamp=1779864047938, status=UP}
2026-05-27 15:40:50.805 [pool-1-thread-8] INFO  com.fbp.engine.node.impl.LogNode - [15:40:50.804][logger] {tick=1276, __inPort=in, check_timestamp=1779864050804, timestamp=1779864050804, status=UP}
2026-05-27 15:40:52.941 [pool-1-thread-8] INFO  com.fbp.engine.node.impl.LogNode - [15:40:52.941][logger] {tick=1277, __inPort=in, check_timestamp=1779864052941, timestamp=1779864052941, status=UP}
2026-05-27 15:40:55.803 [pool-1-thread-8] INFO  com.fbp.engine.node.impl.LogNode - [15:40:55.803][logger] {tick=1278, __inPort=in, check_timestamp=1779864055803, timestamp=1779864055803, status=UP}
2026-05-27 15:40:56.795 [pool-3-thread-1] INFO  c.f.engine.metrics.MetricsCollector - [MetricsCollector] 8건 메트릭 InfluxDB 적재 완료
2026-05-27 15:40:57.941 [pool-1-thread-8] INFO  com.fbp.engine.node.impl.LogNode - [15:40:57.941][logger] {tick=1279, __inPort=in, check_timestamp=1779864057941, timestamp=1779864057941, status=UP}
2026-05-27 15:41:00.805 [pool-1-thread-8] INFO  com.fbp.engine.node.impl.LogNode - [15:41:00.804][logger] {tick=1280, __inPort=in, check_timestamp=1779864060804, timestamp=1779864060804, status=UP}
2026-05-27 15:41:02.941 [pool-1-thread-8] INFO  com.fbp.engine.node.impl.LogNode - [15:41:02.941][logger] {tick=1281, __inPort=in, check_timestamp=1779864062941, timestamp=1779864062940, status=UP}
2026-05-27 15:41:05.805 [pool-1-thread-8] INFO  com.fbp.engine.node.impl.LogNode - [15:41:05.804][logger] {tick=1282, __inPort=in, check_timestamp=1779864065804, timestamp=1779864065804, status=UP}
2026-05-27 15:41:06.800 [pool-3-thread-1] INFO  c.f.engine.metrics.MetricsCollector - [MetricsCollector] 8건 메트릭 InfluxDB 적재 완료
2026-05-27 15:41:07.938 [pool-1-thread-8] INFO  com.fbp.engine.node.impl.LogNode - [15:41:07.938][logger] {tick=1283, __inPort=in, check_timestamp=1779864067937, timestamp=1779864067937, status=UP}
2026-05-27 15:41:10.805 [pool-1-thread-8] INFO  com.fbp.engine.node.impl.LogNode - [15:41:10.804][logger] {tick=1284, __inPort=in, check_timestamp=1779864070804, timestamp=1779864070804, status=UP}
2026-05-27 15:41:12.937 [pool-1-thread-8] INFO  com.fbp.engine.node.impl.LogNode - [15:41:12.937][logger] {tick=1285, __inPort=in, check_timestamp=1779864072937, timestamp=1779864072937, status=UP}
2026-05-27 15:41:15.802 [pool-1-thread-8] INFO  com.fbp.engine.node.impl.LogNode - [15:41:15.802][logger] {tick=1286, __inPort=in, check_timestamp=1779864075802, timestamp=1779864075802, status=UP}
2026-05-27 15:41:16.800 [pool-3-thread-1] INFO  c.f.engine.metrics.MetricsCollector - [MetricsCollector] 8건 메트릭 InfluxDB 적재 완료
2026-05-27 15:41:17.941 [pool-1-thread-8] INFO  com.fbp.engine.node.impl.LogNode - [15:41:17.941][logger] {tick=1287, __inPort=in, check_timestamp=1779864077941, timestamp=1779864077941, status=UP}
2026-05-27 15:41:20.801 [pool-1-thread-8] INFO  com.fbp.engine.node.impl.LogNode - [15:41:20.801][logger] {tick=1288, __inPort=in, check_timestamp=1779864080801, timestamp=1779864080801, status=UP}
2026-05-27 15:41:22.940 [pool-1-thread-8] INFO  com.fbp.engine.node.impl.LogNode - [15:41:22.940][logger] {tick=1289, __inPort=in, check_timestamp=1779864082940, timestamp=1779864082940, status=UP}
2026-05-27 15:41:25.803 [pool-1-thread-8] INFO  com.fbp.engine.node.impl.LogNode - [15:41:25.803][logger] {tick=1290, __inPort=in, check_timestamp=1779864085803, timestamp=1779864085803, status=UP}
2026-05-27 15:41:26.799 [pool-3-thread-1] INFO  c.f.engine.metrics.MetricsCollector - [MetricsCollector] 8건 메트릭 InfluxDB 적재 완료
2026-05-27 15:41:27.941 [pool-1-thread-8] INFO  com.fbp.engine.node.impl.LogNode - [15:41:27.941][logger] {tick=1291, __inPort=in, check_timestamp=1779864087941, timestamp=1779864087941, status=UP}
2026-05-27 15:41:30.804 [pool-1-thread-8] INFO  com.fbp.engine.node.impl.LogNode - [15:41:30.804][logger] {tick=1292, __inPort=in, check_timestamp=1779864090804, timestamp=1779864090804, status=UP}
2026-05-27 15:41:32.941 [pool-1-thread-8] INFO  com.fbp.engine.node.impl.LogNode - [15:41:32.941][logger] {tick=1293, __inPort=in, check_timestamp=1779864092941, timestamp=1779864092941, status=UP}
2026-05-27 15:41:35.804 [pool-1-thread-8] INFO  com.fbp.engine.node.impl.LogNode - [15:41:35.804][logger] {tick=1294, __inPort=in, check_timestamp=1779864095804, timestamp=1779864095804, status=UP}
2026-05-27 15:41:36.798 [pool-3-thread-1] INFO  c.f.engine.metrics.MetricsCollector - [MetricsCollector] 8건 메트릭 InfluxDB 적재 완료
2026-05-27 15:41:37.941 [pool-1-thread-8] INFO  com.fbp.engine.node.impl.LogNode - [15:41:37.941][logger] {tick=1295, __inPort=in, check_timestamp=1779864097941, timestamp=1779864097941, status=UP}
2026-05-27 15:41:40.804 [pool-1-thread-8] INFO  com.fbp.engine.node.impl.LogNode - [15:41:40.804][logger] {tick=1296, __inPort=in, check_timestamp=1779864100804, timestamp=1779864100804, status=UP}
2026-05-27 15:41:42.938 [pool-1-thread-8] INFO  com.fbp.engine.node.impl.LogNode - [15:41:42.938][logger] {tick=1297, __inPort=in, check_timestamp=1779864102938, timestamp=1779864102938, status=UP}
2026-05-27 15:41:45.800 [pool-1-thread-8] INFO  com.fbp.engine.node.impl.LogNode - [15:41:45.800][logger] {tick=1298, __inPort=in, check_timestamp=1779864105799, timestamp=1779864105799, status=UP}
2026-05-27 15:41:46.798 [pool-3-thread-1] INFO  c.f.engine.metrics.MetricsCollector - [MetricsCollector] 8건 메트릭 InfluxDB 적재 완료
2026-05-27 15:41:47.941 [pool-1-thread-8] INFO  com.fbp.engine.node.impl.LogNode - [15:41:47.941][logger] {tick=1299, __inPort=in, check_timestamp=1779864107941, timestamp=1779864107941, status=UP}
2026-05-27 15:41:50.803 [pool-1-thread-8] INFO  com.fbp.engine.node.impl.LogNode - [15:41:50.803][logger] {tick=1300, __inPort=in, check_timestamp=1779864110803, timestamp=1779864110802, status=UP}
2026-05-27 15:41:52.939 [pool-1-thread-8] INFO  com.fbp.engine.node.impl.LogNode - [15:41:52.939][logger] {tick=1301, __inPort=in, check_timestamp=1779864112939, timestamp=1779864112938, status=UP}
2026-05-27 15:41:55.800 [pool-1-thread-8] INFO  com.fbp.engine.node.impl.LogNode - [15:41:55.800][logger] {tick=1302, __inPort=in, check_timestamp=1779864115800, timestamp=1779864115800, status=UP}
2026-05-27 15:41:56.797 [pool-3-thread-1] INFO  c.f.engine.metrics.MetricsCollector - [MetricsCollector] 8건 메트릭 InfluxDB 적재 완료
2026-05-27 15:41:57.940 [pool-1-thread-8] INFO  com.fbp.engine.node.impl.LogNode - [15:41:57.940][logger] {tick=1303, __inPort=in, check_timestamp=1779864117940, timestamp=1779864117940, status=UP}
2026-05-27 15:42:00.805 [pool-1-thread-8] INFO  com.fbp.engine.node.impl.LogNode - [15:42:00.805][logger] {tick=1304, __inPort=in, check_timestamp=1779864120804, timestamp=1779864120804, status=UP}
2026-05-27 15:42:02.941 [pool-1-thread-8] INFO  com.fbp.engine.node.impl.LogNode - [15:42:02.941][logger] {tick=1305, __inPort=in, check_timestamp=1779864122941, timestamp=1779864122941, status=UP}
2026-05-27 15:42:05.809 [pool-1-thread-8] INFO  com.fbp.engine.node.impl.LogNode - [15:42:05.809][logger] {tick=1306, __inPort=in, check_timestamp=1779864125809, timestamp=1779864125808, status=UP}
2026-05-27 15:42:06.799 [pool-3-thread-1] INFO  c.f.engine.metrics.MetricsCollector - [MetricsCollector] 8건 메트릭 InfluxDB 적재 완료
2026-05-27 15:42:07.946 [pool-1-thread-8] INFO  com.fbp.engine.node.impl.LogNode - [15:42:07.946][logger] {tick=1307, __inPort=in, check_timestamp=1779864127946, timestamp=1779864127946, status=UP}
2026-05-27 15:42:10.805 [pool-1-thread-8] INFO  com.fbp.engine.node.impl.LogNode - [15:42:10.805][logger] {tick=1308, __inPort=in, check_timestamp=1779864130805, timestamp=1779864130804, status=UP}
2026-05-27 15:42:12.942 [pool-1-thread-8] INFO  com.fbp.engine.node.impl.LogNode - [15:42:12.942][logger] {tick=1309, __inPort=in, check_timestamp=1779864132942, timestamp=1779864132942, status=UP}
2026-05-27 15:42:15.804 [pool-1-thread-8] INFO  com.fbp.engine.node.impl.LogNode - [15:42:15.804][logger] {tick=1310, __inPort=in, check_timestamp=1779864135804, timestamp=1779864135804, status=UP}
2026-05-27 15:42:16.797 [pool-3-thread-1] INFO  c.f.engine.metrics.MetricsCollector - [MetricsCollector] 8건 메트릭 InfluxDB 적재 완료
2026-05-27 15:42:17.938 [pool-1-thread-8] INFO  com.fbp.engine.node.impl.LogNode - [15:42:17.938][logger] {tick=1311, __inPort=in, check_timestamp=1779864137938, timestamp=1779864137937, status=UP}
2026-05-27 15:42:20.809 [pool-1-thread-8] INFO  com.fbp.engine.node.impl.LogNode - [15:42:20.809][logger] {tick=1312, __inPort=in, check_timestamp=1779864140809, timestamp=1779864140808, status=UP}
2026-05-27 15:42:22.936 [pool-1-thread-8] INFO  com.fbp.engine.node.impl.LogNode - [15:42:22.936][logger] {tick=1313, __inPort=in, check_timestamp=1779864142936, timestamp=1779864142936, status=UP}
2026-05-27 15:42:25.805 [pool-1-thread-8] INFO  com.fbp.engine.node.impl.LogNode - [15:42:25.805][logger] {tick=1314, __inPort=in, check_timestamp=1779864145805, timestamp=1779864145804, status=UP}
2026-05-27 15:42:26.802 [pool-3-thread-1] INFO  c.f.engine.metrics.MetricsCollector - [MetricsCollector] 8건 메트릭 InfluxDB 적재 완료
2026-05-27 15:42:27.940 [pool-1-thread-8] INFO  com.fbp.engine.node.impl.LogNode - [15:42:27.940][logger] {tick=1315, __inPort=in, check_timestamp=1779864147940, timestamp=1779864147940, status=UP}
2026-05-27 15:42:30.806 [pool-1-thread-8] INFO  com.fbp.engine.node.impl.LogNode - [15:42:30.806][logger] {tick=1316, __inPort=in, check_timestamp=1779864150806, timestamp=1779864150806, status=UP}
2026-05-27 15:42:32.941 [pool-1-thread-8] INFO  com.fbp.engine.node.impl.LogNode - [15:42:32.941][logger] {tick=1317, __inPort=in, check_timestamp=1779864152941, timestamp=1779864152941, status=UP}
2026-05-27 15:42:35.808 [pool-1-thread-8] INFO  com.fbp.engine.node.impl.LogNode - [15:42:35.808][logger] {tick=1318, __inPort=in, check_timestamp=1779864155807, timestamp=1779864155807, status=UP}
2026-05-27 15:42:36.795 [pool-3-thread-1] INFO  c.f.engine.metrics.MetricsCollector - [MetricsCollector] 8건 메트릭 InfluxDB 적재 완료
2026-05-27 15:42:37.945 [pool-1-thread-8] INFO  com.fbp.engine.node.impl.LogNode - [15:42:37.945][logger] {tick=1319, __inPort=in, check_timestamp=1779864157945, timestamp=1779864157945, status=UP}
2026-05-27 15:42:40.803 [pool-1-thread-8] INFO  com.fbp.engine.node.impl.LogNode - [15:42:40.803][logger] {tick=1320, __inPort=in, check_timestamp=1779864160803, timestamp=1779864160803, status=UP}
2026-05-27 15:42:42.939 [pool-1-thread-8] INFO  com.fbp.engine.node.impl.LogNode - [15:42:42.939][logger] {tick=1321, __inPort=in, check_timestamp=1779864162939, timestamp=1779864162939, status=UP}
2026-05-27 15:42:45.809 [pool-1-thread-8] INFO  com.fbp.engine.node.impl.LogNode - [15:42:45.809][logger] {tick=1322, __inPort=in, check_timestamp=1779864165808, timestamp=1779864165808, status=UP}
2026-05-27 15:42:46.799 [pool-3-thread-1] INFO  c.f.engine.metrics.MetricsCollector - [MetricsCollector] 8건 메트릭 InfluxDB 적재 완료
2026-05-27 15:42:47.946 [pool-1-thread-8] INFO  com.fbp.engine.node.impl.LogNode - [15:42:47.946][logger] {tick=1323, __inPort=in, check_timestamp=1779864167946, timestamp=1779864167946, status=UP}
2026-05-27 15:42:50.804 [pool-1-thread-8] INFO  com.fbp.engine.node.impl.LogNode - [15:42:50.804][logger] {tick=1324, __inPort=in, check_timestamp=1779864170804, timestamp=1779864170804, status=UP}
2026-05-27 15:42:52.936 [pool-1-thread-8] INFO  com.fbp.engine.node.impl.LogNode - [15:42:52.936][logger] {tick=1325, __inPort=in, check_timestamp=1779864172936, timestamp=1779864172936, status=UP}
2026-05-27 15:42:55.805 [pool-1-thread-8] INFO  com.fbp.engine.node.impl.LogNode - [15:42:55.805][logger] {tick=1326, __inPort=in, check_timestamp=1779864175805, timestamp=1779864175805, status=UP}
2026-05-27 15:42:56.805 [pool-3-thread-1] INFO  c.f.engine.metrics.MetricsCollector - [MetricsCollector] 8건 메트릭 InfluxDB 적재 완료
2026-05-27 15:42:57.937 [pool-1-thread-8] INFO  com.fbp.engine.node.impl.LogNode - [15:42:57.937][logger] {tick=1327, __inPort=in, check_timestamp=1779864177937, timestamp=1779864177937, status=UP}
2026-05-27 15:43:00.809 [pool-1-thread-8] INFO  com.fbp.engine.node.impl.LogNode - [15:43:00.808][logger] {tick=1328, __inPort=in, check_timestamp=1779864180808, timestamp=1779864180808, status=UP}
2026-05-27 15:43:02.944 [pool-1-thread-8] INFO  com.fbp.engine.node.impl.LogNode - [15:43:02.943][logger] {tick=1329, __inPort=in, check_timestamp=1779864182943, timestamp=1779864182943, status=UP}
2026-05-27 15:43:05.807 [pool-1-thread-8] INFO  com.fbp.engine.node.impl.LogNode - [15:43:05.807][logger] {tick=1330, __inPort=in, check_timestamp=1779864185807, timestamp=1779864185806, status=UP}
2026-05-27 15:43:06.795 [pool-3-thread-1] INFO  c.f.engine.metrics.MetricsCollector - [MetricsCollector] 8건 메트릭 InfluxDB 적재 완료
2026-05-27 15:43:07.940 [pool-1-thread-8] INFO  com.fbp.engine.node.impl.LogNode - [15:43:07.940][logger] {tick=1331, __inPort=in, check_timestamp=1779864187940, timestamp=1779864187940, status=UP}
2026-05-27 15:43:10.803 [pool-1-thread-8] INFO  com.fbp.engine.node.impl.LogNode - [15:43:10.803][logger] {tick=1332, __inPort=in, check_timestamp=1779864190803, timestamp=1779864190802, status=UP}
2026-05-27 15:43:12.946 [pool-1-thread-8] INFO  com.fbp.engine.node.impl.LogNode - [15:43:12.946][logger] {tick=1333, __inPort=in, check_timestamp=1779864192946, timestamp=1779864192945, status=UP}
2026-05-27 15:43:15.802 [pool-1-thread-8] INFO  com.fbp.engine.node.impl.LogNode - [15:43:15.801][logger] {tick=1334, __inPort=in, check_timestamp=1779864195801, timestamp=1779864195801, status=UP}
2026-05-27 15:43:16.794 [pool-3-thread-1] INFO  c.f.engine.metrics.MetricsCollector - [MetricsCollector] 8건 메트릭 InfluxDB 적재 완료
2026-05-27 15:43:17.945 [pool-1-thread-8] INFO  com.fbp.engine.node.impl.LogNode - [15:43:17.945][logger] {tick=1335, __inPort=in, check_timestamp=1779864197945, timestamp=1779864197945, status=UP}
2026-05-27 15:43:20.807 [pool-1-thread-8] INFO  com.fbp.engine.node.impl.LogNode - [15:43:20.807][logger] {tick=1336, __inPort=in, check_timestamp=1779864200807, timestamp=1779864200807, status=UP}
2026-05-27 15:43:22.943 [pool-1-thread-8] INFO  com.fbp.engine.node.impl.LogNode - [15:43:22.943][logger] {tick=1337, __inPort=in, check_timestamp=1779864202943, timestamp=1779864202942, status=UP}
2026-05-27 15:43:25.807 [pool-1-thread-8] INFO  com.fbp.engine.node.impl.LogNode - [15:43:25.807][logger] {tick=1338, __inPort=in, check_timestamp=1779864205807, timestamp=1779864205807, status=UP}
2026-05-27 15:43:26.799 [pool-3-thread-1] INFO  c.f.engine.metrics.MetricsCollector - [MetricsCollector] 8건 메트릭 InfluxDB 적재 완료
2026-05-27 15:43:27.942 [pool-1-thread-8] INFO  com.fbp.engine.node.impl.LogNode - [15:43:27.942][logger] {tick=1339, __inPort=in, check_timestamp=1779864207942, timestamp=1779864207942, status=UP}
2026-05-27 15:43:30.806 [pool-1-thread-8] INFO  com.fbp.engine.node.impl.LogNode - [15:43:30.806][logger] {tick=1340, __inPort=in, check_timestamp=1779864210806, timestamp=1779864210806, status=UP}
2026-05-27 15:43:32.945 [pool-1-thread-8] INFO  com.fbp.engine.node.impl.LogNode - [15:43:32.944][logger] {tick=1341, __inPort=in, check_timestamp=1779864212944, timestamp=1779864212944, status=UP}
2026-05-27 15:43:35.805 [pool-1-thread-8] INFO  com.fbp.engine.node.impl.LogNode - [15:43:35.805][logger] {tick=1342, __inPort=in, check_timestamp=1779864215805, timestamp=1779864215805, status=UP}
2026-05-27 15:43:36.801 [pool-3-thread-1] INFO  c.f.engine.metrics.MetricsCollector - [MetricsCollector] 8건 메트릭 InfluxDB 적재 완료
2026-05-27 15:43:37.939 [pool-1-thread-8] INFO  com.fbp.engine.node.impl.LogNode - [15:43:37.939][logger] {tick=1343, __inPort=in, check_timestamp=1779864217939, timestamp=1779864217939, status=UP}
2026-05-27 15:43:40.809 [pool-1-thread-8] INFO  com.fbp.engine.node.impl.LogNode - [15:43:40.809][logger] {tick=1344, __inPort=in, check_timestamp=1779864220809, timestamp=1779864220808, status=UP}
2026-05-27 15:43:42.936 [pool-1-thread-8] INFO  com.fbp.engine.node.impl.LogNode - [15:43:42.936][logger] {tick=1345, __inPort=in, check_timestamp=1779864222936, timestamp=1779864222936, status=UP}
2026-05-27 15:43:45.804 [pool-1-thread-8] INFO  com.fbp.engine.node.impl.LogNode - [15:43:45.804][logger] {tick=1346, __inPort=in, check_timestamp=1779864225804, timestamp=1779864225804, status=UP}
2026-05-27 15:43:46.806 [pool-3-thread-1] INFO  c.f.engine.metrics.MetricsCollector - [MetricsCollector] 8건 메트릭 InfluxDB 적재 완료
2026-05-27 15:43:47.946 [pool-1-thread-8] INFO  com.fbp.engine.node.impl.LogNode - [15:43:47.946][logger] {tick=1347, __inPort=in, check_timestamp=1779864227946, timestamp=1779864227945, status=UP}
2026-05-27 15:43:50.801 [pool-1-thread-8] INFO  com.fbp.engine.node.impl.LogNode - [15:43:50.801][logger] {tick=1348, __inPort=in, check_timestamp=1779864230801, timestamp=1779864230801, status=UP}
2026-05-27 15:43:52.936 [pool-1-thread-8] INFO  com.fbp.engine.node.impl.LogNode - [15:43:52.936][logger] {tick=1349, __inPort=in, check_timestamp=1779864232936, timestamp=1779864232936, status=UP}
2026-05-27 15:43:55.808 [pool-1-thread-8] INFO  com.fbp.engine.node.impl.LogNode - [15:43:55.808][logger] {tick=1350, __inPort=in, check_timestamp=1779864235808, timestamp=1779864235807, status=UP}
2026-05-27 15:43:56.803 [pool-3-thread-1] INFO  c.f.engine.metrics.MetricsCollector - [MetricsCollector] 8건 메트릭 InfluxDB 적재 완료
2026-05-27 15:43:57.946 [pool-1-thread-8] INFO  com.fbp.engine.node.impl.LogNode - [15:43:57.946][logger] {tick=1351, __inPort=in, check_timestamp=1779864237946, timestamp=1779864237945, status=UP}
2026-05-27 15:44:00.807 [pool-1-thread-8] INFO  com.fbp.engine.node.impl.LogNode - [15:44:00.807][logger] {tick=1352, __inPort=in, check_timestamp=1779864240807, timestamp=1779864240806, status=UP}
2026-05-27 15:44:02.943 [pool-1-thread-8] INFO  com.fbp.engine.node.impl.LogNode - [15:44:02.943][logger] {tick=1353, __inPort=in, check_timestamp=1779864242943, timestamp=1779864242943, status=UP}
2026-05-27 15:44:05.807 [pool-1-thread-8] INFO  com.fbp.engine.node.impl.LogNode - [15:44:05.807][logger] {tick=1354, __inPort=in, check_timestamp=1779864245807, timestamp=1779864245806, status=UP}
2026-05-27 15:44:06.802 [pool-3-thread-1] INFO  c.f.engine.metrics.MetricsCollector - [MetricsCollector] 8건 메트릭 InfluxDB 적재 완료
2026-05-27 15:44:07.946 [pool-1-thread-8] INFO  com.fbp.engine.node.impl.LogNode - [15:44:07.946][logger] {tick=1355, __inPort=in, check_timestamp=1779864247946, timestamp=1779864247945, status=UP}
2026-05-27 15:44:10.802 [pool-1-thread-8] INFO  com.fbp.engine.node.impl.LogNode - [15:44:10.802][logger] {tick=1356, __inPort=in, check_timestamp=1779864250802, timestamp=1779864250801, status=UP}
2026-05-27 15:44:12.937 [pool-1-thread-8] INFO  com.fbp.engine.node.impl.LogNode - [15:44:12.937][logger] {tick=1357, __inPort=in, check_timestamp=1779864252937, timestamp=1779864252936, status=UP}
2026-05-27 15:44:15.808 [pool-1-thread-8] INFO  com.fbp.engine.node.impl.LogNode - [15:44:15.808][logger] {tick=1358, __inPort=in, check_timestamp=1779864255808, timestamp=1779864255808, status=UP}
2026-05-27 15:44:16.804 [pool-3-thread-1] INFO  c.f.engine.metrics.MetricsCollector - [MetricsCollector] 8건 메트릭 InfluxDB 적재 완료
2026-05-27 15:44:17.939 [pool-1-thread-8] INFO  com.fbp.engine.node.impl.LogNode - [15:44:17.939][logger] {tick=1359, __inPort=in, check_timestamp=1779864257939, timestamp=1779864257938, status=UP}
2026-05-27 15:44:20.808 [pool-1-thread-8] INFO  com.fbp.engine.node.impl.LogNode - [15:44:20.808][logger] {tick=1360, __inPort=in, check_timestamp=1779864260808, timestamp=1779864260808, status=UP}
2026-05-27 15:44:22.937 [pool-1-thread-8] INFO  com.fbp.engine.node.impl.LogNode - [15:44:22.937][logger] {tick=1361, __inPort=in, check_timestamp=1779864262937, timestamp=1779864262937, status=UP}
2026-05-27 15:44:25.809 [pool-1-thread-8] INFO  com.fbp.engine.node.impl.LogNode - [15:44:25.809][logger] {tick=1362, __inPort=in, check_timestamp=1779864265809, timestamp=1779864265809, status=UP}
2026-05-27 15:44:26.803 [pool-3-thread-1] INFO  c.f.engine.metrics.MetricsCollector - [MetricsCollector] 8건 메트릭 InfluxDB 적재 완료
2026-05-27 15:44:27.944 [pool-1-thread-8] INFO  com.fbp.engine.node.impl.LogNode - [15:44:27.944][logger] {tick=1363, __inPort=in, check_timestamp=1779864267944, timestamp=1779864267944, status=UP}
2026-05-27 15:44:30.808 [pool-1-thread-8] INFO  com.fbp.engine.node.impl.LogNode - [15:44:30.808][logger] {tick=1364, __inPort=in, check_timestamp=1779864270808, timestamp=1779864270808, status=UP}
2026-05-27 15:44:32.940 [pool-1-thread-8] INFO  com.fbp.engine.node.impl.LogNode - [15:44:32.940][logger] {tick=1365, __inPort=in, check_timestamp=1779864272940, timestamp=1779864272940, status=UP}
2026-05-27 15:44:35.808 [pool-1-thread-8] INFO  com.fbp.engine.node.impl.LogNode - [15:44:35.808][logger] {tick=1366, __inPort=in, check_timestamp=1779864275808, timestamp=1779864275807, status=UP}
2026-05-27 15:44:36.795 [pool-3-thread-1] INFO  c.f.engine.metrics.MetricsCollector - [MetricsCollector] 8건 메트릭 InfluxDB 적재 완료
2026-05-27 15:44:37.938 [pool-1-thread-8] INFO  com.fbp.engine.node.impl.LogNode - [15:44:37.938][logger] {tick=1367, __inPort=in, check_timestamp=1779864277938, timestamp=1779864277938, status=UP}
2026-05-27 15:44:40.803 [pool-1-thread-8] INFO  com.fbp.engine.node.impl.LogNode - [15:44:40.803][logger] {tick=1368, __inPort=in, check_timestamp=1779864280803, timestamp=1779864280803, status=UP}
2026-05-27 15:44:42.940 [pool-1-thread-8] INFO  com.fbp.engine.node.impl.LogNode - [15:44:42.940][logger] {tick=1369, __inPort=in, check_timestamp=1779864282940, timestamp=1779864282940, status=UP}
2026-05-27 15:44:45.808 [pool-1-thread-8] INFO  com.fbp.engine.node.impl.LogNode - [15:44:45.808][logger] {tick=1370, __inPort=in, check_timestamp=1779864285808, timestamp=1779864285808, status=UP}
2026-05-27 15:44:46.803 [pool-3-thread-1] INFO  c.f.engine.metrics.MetricsCollector - [MetricsCollector] 8건 메트릭 InfluxDB 적재 완료
2026-05-27 15:44:47.946 [pool-1-thread-8] INFO  com.fbp.engine.node.impl.LogNode - [15:44:47.946][logger] {tick=1371, __inPort=in, check_timestamp=1779864287945, timestamp=1779864287945, status=UP}
2026-05-27 15:44:50.809 [pool-1-thread-8] INFO  com.fbp.engine.node.impl.LogNode - [15:44:50.809][logger] {tick=1372, __inPort=in, check_timestamp=1779864290809, timestamp=1779864290808, status=UP}
2026-05-27 15:44:52.942 [pool-1-thread-8] INFO  com.fbp.engine.node.impl.LogNode - [15:44:52.942][logger] {tick=1373, __inPort=in, check_timestamp=1779864292942, timestamp=1779864292942, status=UP}
2026-05-27 15:44:55.809 [pool-1-thread-8] INFO  com.fbp.engine.node.impl.LogNode - [15:44:55.809][logger] {tick=1374, __inPort=in, check_timestamp=1779864295809, timestamp=1779864295808, status=UP}
2026-05-27 15:44:56.797 [pool-3-thread-1] INFO  c.f.engine.metrics.MetricsCollector - [MetricsCollector] 8건 메트릭 InfluxDB 적재 완료
2026-05-27 15:44:57.939 [pool-1-thread-8] INFO  com.fbp.engine.node.impl.LogNode - [15:44:57.939][logger] {tick=1375, __inPort=in, check_timestamp=1779864297939, timestamp=1779864297939, status=UP}
2026-05-27 15:45:00.805 [pool-1-thread-8] INFO  com.fbp.engine.node.impl.LogNode - [15:45:00.805][logger] {tick=1376, __inPort=in, check_timestamp=1779864300805, timestamp=1779864300804, status=UP}
2026-05-27 15:45:02.936 [pool-1-thread-8] INFO  com.fbp.engine.node.impl.LogNode - [15:45:02.936][logger] {tick=1377, __inPort=in, check_timestamp=1779864302936, timestamp=1779864302936, status=UP}
2026-05-27 15:45:05.808 [pool-1-thread-8] INFO  com.fbp.engine.node.impl.LogNode - [15:45:05.808][logger] {tick=1378, __inPort=in, check_timestamp=1779864305808, timestamp=1779864305807, status=UP}
2026-05-27 15:45:06.805 [pool-3-thread-1] INFO  c.f.engine.metrics.MetricsCollector - [MetricsCollector] 8건 메트릭 InfluxDB 적재 완료
2026-05-27 15:45:07.945 [pool-1-thread-8] INFO  com.fbp.engine.node.impl.LogNode - [15:45:07.945][logger] {tick=1379, __inPort=in, check_timestamp=1779864307945, timestamp=1779864307945, status=UP}
2026-05-27 15:45:10.804 [pool-1-thread-8] INFO  com.fbp.engine.node.impl.LogNode - [15:45:10.804][logger] {tick=1380, __inPort=in, check_timestamp=1779864310804, timestamp=1779864310804, status=UP}
2026-05-27 15:45:12.938 [pool-1-thread-8] INFO  com.fbp.engine.node.impl.LogNode - [15:45:12.938][logger] {tick=1381, __inPort=in, check_timestamp=1779864312938, timestamp=1779864312938, status=UP}
2026-05-27 15:45:15.808 [pool-1-thread-8] INFO  com.fbp.engine.node.impl.LogNode - [15:45:15.808][logger] {tick=1382, __inPort=in, check_timestamp=1779864315807, timestamp=1779864315807, status=UP}
2026-05-27 15:45:16.802 [pool-3-thread-1] INFO  c.f.engine.metrics.MetricsCollector - [MetricsCollector] 8건 메트릭 InfluxDB 적재 완료
2026-05-27 15:45:17.945 [pool-1-thread-8] INFO  com.fbp.engine.node.impl.LogNode - [15:45:17.945][logger] {tick=1383, __inPort=in, check_timestamp=1779864317945, timestamp=1779864317945, status=UP}
2026-05-27 15:45:20.809 [pool-1-thread-8] INFO  com.fbp.engine.node.impl.LogNode - [15:45:20.809][logger] {tick=1384, __inPort=in, check_timestamp=1779864320809, timestamp=1779864320808, status=UP}
2026-05-27 15:45:22.945 [pool-1-thread-8] INFO  com.fbp.engine.node.impl.LogNode - [15:45:22.945][logger] {tick=1385, __inPort=in, check_timestamp=1779864322945, timestamp=1779864322945, status=UP}
2026-05-27 15:45:25.808 [pool-1-thread-8] INFO  com.fbp.engine.node.impl.LogNode - [15:45:25.808][logger] {tick=1386, __inPort=in, check_timestamp=1779864325808, timestamp=1779864325808, status=UP}
2026-05-27 15:45:26.803 [pool-3-thread-1] INFO  c.f.engine.metrics.MetricsCollector - [MetricsCollector] 8건 메트릭 InfluxDB 적재 완료
2026-05-27 15:45:27.938 [pool-1-thread-8] INFO  com.fbp.engine.node.impl.LogNode - [15:45:27.938][logger] {tick=1387, __inPort=in, check_timestamp=1779864327938, timestamp=1779864327938, status=UP}
2026-05-27 15:45:30.808 [pool-1-thread-8] INFO  com.fbp.engine.node.impl.LogNode - [15:45:30.808][logger] {tick=1388, __inPort=in, check_timestamp=1779864330808, timestamp=1779864330808, status=UP}
2026-05-27 15:45:32.941 [pool-1-thread-8] INFO  com.fbp.engine.node.impl.LogNode - [15:45:32.941][logger] {tick=1389, __inPort=in, check_timestamp=1779864332941, timestamp=1779864332940, status=UP}
2026-05-27 15:45:35.803 [pool-1-thread-8] INFO  com.fbp.engine.node.impl.LogNode - [15:45:35.802][logger] {tick=1390, __inPort=in, check_timestamp=1779864335802, timestamp=1779864335802, status=UP}
2026-05-27 15:45:36.797 [pool-3-thread-1] INFO  c.f.engine.metrics.MetricsCollector - [MetricsCollector] 8건 메트릭 InfluxDB 적재 완료
2026-05-27 15:45:37.937 [pool-1-thread-8] INFO  com.fbp.engine.node.impl.LogNode - [15:45:37.937][logger] {tick=1391, __inPort=in, check_timestamp=1779864337937, timestamp=1779864337937, status=UP}
2026-05-27 15:45:40.804 [pool-1-thread-8] INFO  com.fbp.engine.node.impl.LogNode - [15:45:40.804][logger] {tick=1392, __inPort=in, check_timestamp=1779864340804, timestamp=1779864340804, status=UP}
2026-05-27 15:45:42.943 [pool-1-thread-8] INFO  com.fbp.engine.node.impl.LogNode - [15:45:42.943][logger] {tick=1393, __inPort=in, check_timestamp=1779864342943, timestamp=1779864342943, status=UP}
2026-05-27 15:45:45.803 [pool-1-thread-8] INFO  com.fbp.engine.node.impl.LogNode - [15:45:45.803][logger] {tick=1394, __inPort=in, check_timestamp=1779864345803, timestamp=1779864345803, status=UP}
2026-05-27 15:45:46.795 [pool-3-thread-1] INFO  c.f.engine.metrics.MetricsCollector - [MetricsCollector] 8건 메트릭 InfluxDB 적재 완료
2026-05-27 15:45:47.942 [pool-1-thread-8] INFO  com.fbp.engine.node.impl.LogNode - [15:45:47.942][logger] {tick=1395, __inPort=in, check_timestamp=1779864347942, timestamp=1779864347942, status=UP}
2026-05-27 15:45:50.808 [pool-1-thread-8] INFO  com.fbp.engine.node.impl.LogNode - [15:45:50.808][logger] {tick=1396, __inPort=in, check_timestamp=1779864350808, timestamp=1779864350808, status=UP}
2026-05-27 15:45:52.945 [pool-1-thread-8] INFO  com.fbp.engine.node.impl.LogNode - [15:45:52.945][logger] {tick=1397, __inPort=in, check_timestamp=1779864352945, timestamp=1779864352945, status=UP}
2026-05-27 15:45:55.808 [pool-1-thread-8] INFO  com.fbp.engine.node.impl.LogNode - [15:45:55.808][logger] {tick=1398, __inPort=in, check_timestamp=1779864355808, timestamp=1779864355808, status=UP}
2026-05-27 15:45:56.795 [pool-3-thread-1] INFO  c.f.engine.metrics.MetricsCollector - [MetricsCollector] 8건 메트릭 InfluxDB 적재 완료
2026-05-27 15:45:57.945 [pool-1-thread-8] INFO  com.fbp.engine.node.impl.LogNode - [15:45:57.945][logger] {tick=1399, __inPort=in, check_timestamp=1779864357945, timestamp=1779864357945, status=UP}
2026-05-27 15:46:00.807 [pool-1-thread-8] INFO  com.fbp.engine.node.impl.LogNode - [15:46:00.807][logger] {tick=1400, __inPort=in, check_timestamp=1779864360807, timestamp=1779864360807, status=UP}
2026-05-27 15:46:02.944 [pool-1-thread-8] INFO  com.fbp.engine.node.impl.LogNode - [15:46:02.944][logger] {tick=1401, __inPort=in, check_timestamp=1779864362944, timestamp=1779864362944, status=UP}
2026-05-27 15:46:05.806 [pool-1-thread-8] INFO  com.fbp.engine.node.impl.LogNode - [15:46:05.806][logger] {tick=1402, __inPort=in, check_timestamp=1779864365806, timestamp=1779864365806, status=UP}
2026-05-27 15:46:06.802 [pool-3-thread-1] INFO  c.f.engine.metrics.MetricsCollector - [MetricsCollector] 8건 메트릭 InfluxDB 적재 완료
2026-05-27 15:46:07.937 [pool-1-thread-8] INFO  com.fbp.engine.node.impl.LogNode - [15:46:07.937][logger] {tick=1403, __inPort=in, check_timestamp=1779864367937, timestamp=1779864367936, status=UP}
2026-05-27 15:46:10.802 [pool-1-thread-8] INFO  com.fbp.engine.node.impl.LogNode - [15:46:10.802][logger] {tick=1404, __inPort=in, check_timestamp=1779864370802, timestamp=1779864370802, status=UP}
2026-05-27 15:46:12.938 [pool-1-thread-8] INFO  com.fbp.engine.node.impl.LogNode - [15:46:12.938][logger] {tick=1405, __inPort=in, check_timestamp=1779864372938, timestamp=1779864372938, status=UP}
2026-05-27 15:46:15.808 [pool-1-thread-8] INFO  com.fbp.engine.node.impl.LogNode - [15:46:15.808][logger] {tick=1406, __inPort=in, check_timestamp=1779864375808, timestamp=1779864375808, status=UP}
2026-05-27 15:46:16.799 [pool-3-thread-1] INFO  c.f.engine.metrics.MetricsCollector - [MetricsCollector] 8건 메트릭 InfluxDB 적재 완료
2026-05-27 15:46:17.941 [pool-1-thread-8] INFO  com.fbp.engine.node.impl.LogNode - [15:46:17.941][logger] {tick=1407, __inPort=in, check_timestamp=1779864377941, timestamp=1779864377941, status=UP}
2026-05-27 15:46:20.808 [pool-1-thread-8] INFO  com.fbp.engine.node.impl.LogNode - [15:46:20.808][logger] {tick=1408, __inPort=in, check_timestamp=1779864380808, timestamp=1779864380808, status=UP}
2026-05-27 15:46:22.943 [pool-1-thread-8] INFO  com.fbp.engine.node.impl.LogNode - [15:46:22.943][logger] {tick=1409, __inPort=in, check_timestamp=1779864382943, timestamp=1779864382943, status=UP}
2026-05-27 15:46:25.800 [pool-1-thread-8] INFO  com.fbp.engine.node.impl.LogNode - [15:46:25.800][logger] {tick=1410, __inPort=in, check_timestamp=1779864385800, timestamp=1779864385799, status=UP}
2026-05-27 15:46:26.796 [pool-3-thread-1] INFO  c.f.engine.metrics.MetricsCollector - [MetricsCollector] 8건 메트릭 InfluxDB 적재 완료
2026-05-27 15:46:27.939 [pool-1-thread-8] INFO  com.fbp.engine.node.impl.LogNode - [15:46:27.939][logger] {tick=1411, __inPort=in, check_timestamp=1779864387939, timestamp=1779864387939, status=UP}
2026-05-27 15:46:30.808 [pool-1-thread-8] INFO  com.fbp.engine.node.impl.LogNode - [15:46:30.808][logger] {tick=1412, __inPort=in, check_timestamp=1779864390808, timestamp=1779864390808, status=UP}
2026-05-27 15:46:32.945 [pool-1-thread-8] INFO  com.fbp.engine.node.impl.LogNode - [15:46:32.945][logger] {tick=1413, __inPort=in, check_timestamp=1779864392945, timestamp=1779864392945, status=UP}
2026-05-27 15:46:35.808 [pool-1-thread-8] INFO  com.fbp.engine.node.impl.LogNode - [15:46:35.808][logger] {tick=1414, __inPort=in, check_timestamp=1779864395808, timestamp=1779864395808, status=UP}
2026-05-27 15:46:36.795 [pool-3-thread-1] INFO  c.f.engine.metrics.MetricsCollector - [MetricsCollector] 8건 메트릭 InfluxDB 적재 완료
2026-05-27 15:46:37.944 [pool-1-thread-8] INFO  com.fbp.engine.node.impl.LogNode - [15:46:37.944][logger] {tick=1415, __inPort=in, check_timestamp=1779864397944, timestamp=1779864397944, status=UP}
2026-05-27 15:46:40.802 [pool-1-thread-8] INFO  com.fbp.engine.node.impl.LogNode - [15:46:40.802][logger] {tick=1416, __inPort=in, check_timestamp=1779864400802, timestamp=1779864400802, status=UP}
2026-05-27 15:46:42.935 [pool-1-thread-8] INFO  com.fbp.engine.node.impl.LogNode - [15:46:42.935][logger] {tick=1417, __inPort=in, check_timestamp=1779864402935, timestamp=1779864402935, status=UP}
2026-05-27 15:46:45.802 [pool-1-thread-8] INFO  com.fbp.engine.node.impl.LogNode - [15:46:45.802][logger] {tick=1418, __inPort=in, check_timestamp=1779864405802, timestamp=1779864405802, status=UP}
2026-05-27 15:46:46.800 [pool-3-thread-1] INFO  c.f.engine.metrics.MetricsCollector - [MetricsCollector] 8건 메트릭 InfluxDB 적재 완료
2026-05-27 15:46:47.938 [pool-1-thread-8] INFO  com.fbp.engine.node.impl.LogNode - [15:46:47.938][logger] {tick=1419, __inPort=in, check_timestamp=1779864407938, timestamp=1779864407937, status=UP}
2026-05-27 15:46:50.808 [pool-1-thread-8] INFO  com.fbp.engine.node.impl.LogNode - [15:46:50.808][logger] {tick=1420, __inPort=in, check_timestamp=1779864410807, timestamp=1779864410807, status=UP}
2026-05-27 15:46:52.941 [pool-1-thread-8] INFO  com.fbp.engine.node.impl.LogNode - [15:46:52.941][logger] {tick=1421, __inPort=in, check_timestamp=1779864412941, timestamp=1779864412941, status=UP}
2026-05-27 15:46:55.807 [pool-1-thread-8] INFO  com.fbp.engine.node.impl.LogNode - [15:46:55.807][logger] {tick=1422, __inPort=in, check_timestamp=1779864415807, timestamp=1779864415807, status=UP}
2026-05-27 15:46:56.791 [pool-3-thread-1] INFO  c.f.engine.metrics.MetricsCollector - [MetricsCollector] 8건 메트릭 InfluxDB 적재 완료
2026-05-27 15:46:57.942 [pool-1-thread-8] INFO  com.fbp.engine.node.impl.LogNode - [15:46:57.942][logger] {tick=1423, __inPort=in, check_timestamp=1779864417942, timestamp=1779864417942, status=UP}
2026-05-27 15:47:00.807 [pool-1-thread-8] INFO  com.fbp.engine.node.impl.LogNode - [15:47:00.807][logger] {tick=1424, __inPort=in, check_timestamp=1779864420807, timestamp=1779864420807, status=UP}
2026-05-27 15:47:02.943 [pool-1-thread-8] INFO  com.fbp.engine.node.impl.LogNode - [15:47:02.943][logger] {tick=1425, __inPort=in, check_timestamp=1779864422943, timestamp=1779864422943, status=UP}
2026-05-27 15:47:05.805 [pool-1-thread-8] INFO  com.fbp.engine.node.impl.LogNode - [15:47:05.805][logger] {tick=1426, __inPort=in, check_timestamp=1779864425805, timestamp=1779864425804, status=UP}
2026-05-27 15:47:06.792 [pool-3-thread-1] INFO  c.f.engine.metrics.MetricsCollector - [MetricsCollector] 8건 메트릭 InfluxDB 적재 완료
2026-05-27 15:47:07.945 [pool-1-thread-8] INFO  com.fbp.engine.node.impl.LogNode - [15:47:07.945][logger] {tick=1427, __inPort=in, check_timestamp=1779864427945, timestamp=1779864427945, status=UP}
2026-05-27 15:47:10.808 [pool-1-thread-8] INFO  com.fbp.engine.node.impl.LogNode - [15:47:10.808][logger] {tick=1428, __inPort=in, check_timestamp=1779864430808, timestamp=1779864430808, status=UP}
2026-05-27 15:47:12.942 [pool-1-thread-8] INFO  com.fbp.engine.node.impl.LogNode - [15:47:12.942][logger] {tick=1429, __inPort=in, check_timestamp=1779864432942, timestamp=1779864432942, status=UP}
2026-05-27 15:47:15.808 [pool-1-thread-8] INFO  com.fbp.engine.node.impl.LogNode - [15:47:15.808][logger] {tick=1430, __inPort=in, check_timestamp=1779864435808, timestamp=1779864435808, status=UP}
2026-05-27 15:47:16.802 [pool-3-thread-1] INFO  c.f.engine.metrics.MetricsCollector - [MetricsCollector] 8건 메트릭 InfluxDB 적재 완료
2026-05-27 15:47:17.941 [pool-1-thread-8] INFO  com.fbp.engine.node.impl.LogNode - [15:47:17.941][logger] {tick=1431, __inPort=in, check_timestamp=1779864437940, timestamp=1779864437940, status=UP}
2026-05-27 15:47:20.807 [pool-1-thread-8] INFO  com.fbp.engine.node.impl.LogNode - [15:47:20.807][logger] {tick=1432, __inPort=in, check_timestamp=1779864440807, timestamp=1779864440807, status=UP}
2026-05-27 15:47:22.939 [pool-1-thread-8] INFO  com.fbp.engine.node.impl.LogNode - [15:47:22.939][logger] {tick=1433, __inPort=in, check_timestamp=1779864442939, timestamp=1779864442939, status=UP}
2026-05-27 15:47:25.807 [pool-1-thread-8] INFO  com.fbp.engine.node.impl.LogNode - [15:47:25.807][logger] {tick=1434, __inPort=in, check_timestamp=1779864445807, timestamp=1779864445806, status=UP}
2026-05-27 15:47:26.802 [pool-3-thread-1] INFO  c.f.engine.metrics.MetricsCollector - [MetricsCollector] 8건 메트릭 InfluxDB 적재 완료
2026-05-27 15:47:27.945 [pool-1-thread-8] INFO  com.fbp.engine.node.impl.LogNode - [15:47:27.945][logger] {tick=1435, __inPort=in, check_timestamp=1779864447945, timestamp=1779864447945, status=UP}
2026-05-27 15:47:30.804 [pool-1-thread-8] INFO  com.fbp.engine.node.impl.LogNode - [15:47:30.804][logger] {tick=1436, __inPort=in, check_timestamp=1779864450804, timestamp=1779864450803, status=UP}
2026-05-27 15:47:32.945 [pool-1-thread-8] INFO  com.fbp.engine.node.impl.LogNode - [15:47:32.945][logger] {tick=1437, __inPort=in, check_timestamp=1779864452945, timestamp=1779864452945, status=UP}
2026-05-27 15:47:35.808 [pool-1-thread-8] INFO  com.fbp.engine.node.impl.LogNode - [15:47:35.808][logger] {tick=1438, __inPort=in, check_timestamp=1779864455808, timestamp=1779864455807, status=UP}
2026-05-27 15:47:36.798 [pool-3-thread-1] INFO  c.f.engine.metrics.MetricsCollector - [MetricsCollector] 8건 메트릭 InfluxDB 적재 완료
2026-05-27 15:47:37.939 [pool-1-thread-8] INFO  com.fbp.engine.node.impl.LogNode - [15:47:37.939][logger] {tick=1439, __inPort=in, check_timestamp=1779864457939, timestamp=1779864457939, status=UP}
2026-05-27 15:47:40.802 [pool-1-thread-8] INFO  com.fbp.engine.node.impl.LogNode - [15:47:40.802][logger] {tick=1440, __inPort=in, check_timestamp=1779864460802, timestamp=1779864460802, status=UP}
2026-05-27 15:47:42.942 [pool-1-thread-8] INFO  com.fbp.engine.node.impl.LogNode - [15:47:42.942][logger] {tick=1441, __inPort=in, check_timestamp=1779864462942, timestamp=1779864462942, status=UP}
2026-05-27 15:47:45.803 [pool-1-thread-8] INFO  com.fbp.engine.node.impl.LogNode - [15:47:45.802][logger] {tick=1442, __inPort=in, check_timestamp=1779864465802, timestamp=1779864465802, status=UP}
2026-05-27 15:47:46.793 [pool-3-thread-1] INFO  c.f.engine.metrics.MetricsCollector - [MetricsCollector] 8건 메트릭 InfluxDB 적재 완료
2026-05-27 15:47:47.941 [pool-1-thread-8] INFO  com.fbp.engine.node.impl.LogNode - [15:47:47.941][logger] {tick=1443, __inPort=in, check_timestamp=1779864467941, timestamp=1779864467941, status=UP}
2026-05-27 15:47:50.801 [pool-1-thread-8] INFO  com.fbp.engine.node.impl.LogNode - [15:47:50.801][logger] {tick=1444, __inPort=in, check_timestamp=1779864470801, timestamp=1779864470801, status=UP}
2026-05-27 15:47:52.939 [pool-1-thread-8] INFO  com.fbp.engine.node.impl.LogNode - [15:47:52.939][logger] {tick=1445, __inPort=in, check_timestamp=1779864472939, timestamp=1779864472939, status=UP}
2026-05-27 15:47:55.803 [pool-1-thread-8] INFO  com.fbp.engine.node.impl.LogNode - [15:47:55.803][logger] {tick=1446, __inPort=in, check_timestamp=1779864475803, timestamp=1779864475803, status=UP}
2026-05-27 15:47:56.793 [pool-3-thread-1] INFO  c.f.engine.metrics.MetricsCollector - [MetricsCollector] 8건 메트릭 InfluxDB 적재 완료
2026-05-27 15:47:57.940 [pool-1-thread-8] INFO  com.fbp.engine.node.impl.LogNode - [15:47:57.940][logger] {tick=1447, __inPort=in, check_timestamp=1779864477940, timestamp=1779864477940, status=UP}
2026-05-27 15:48:00.802 [pool-1-thread-8] INFO  com.fbp.engine.node.impl.LogNode - [15:48:00.802][logger] {tick=1448, __inPort=in, check_timestamp=1779864480801, timestamp=1779864480801, status=UP}
2026-05-27 15:48:02.937 [pool-1-thread-8] INFO  com.fbp.engine.node.impl.LogNode - [15:48:02.937][logger] {tick=1449, __inPort=in, check_timestamp=1779864482937, timestamp=1779864482937, status=UP}
2026-05-27 15:48:05.798 [pool-1-thread-8] INFO  com.fbp.engine.node.impl.LogNode - [15:48:05.798][logger] {tick=1450, __inPort=in, check_timestamp=1779864485798, timestamp=1779864485798, status=UP}
2026-05-27 15:48:06.833 [pool-3-thread-1] INFO  c.f.engine.metrics.MetricsCollector - [MetricsCollector] 8건 메트릭 InfluxDB 적재 완료
2026-05-27 15:48:07.938 [pool-1-thread-8] INFO  com.fbp.engine.node.impl.LogNode - [15:48:07.938][logger] {tick=1451, __inPort=in, check_timestamp=1779864487938, timestamp=1779864487938, status=UP}
2026-05-27 15:48:10.799 [pool-1-thread-8] INFO  com.fbp.engine.node.impl.LogNode - [15:48:10.799][logger] {tick=1452, __inPort=in, check_timestamp=1779864490799, timestamp=1779864490799, status=UP}
2026-05-27 15:48:12.938 [pool-1-thread-8] INFO  com.fbp.engine.node.impl.LogNode - [15:48:12.938][logger] {tick=1453, __inPort=in, check_timestamp=1779864492938, timestamp=1779864492937, status=UP}
2026-05-27 15:48:15.799 [pool-1-thread-8] INFO  com.fbp.engine.node.impl.LogNode - [15:48:15.799][logger] {tick=1454, __inPort=in, check_timestamp=1779864495799, timestamp=1779864495799, status=UP}
2026-05-27 15:48:16.798 [pool-3-thread-1] INFO  c.f.engine.metrics.MetricsCollector - [MetricsCollector] 8건 메트릭 InfluxDB 적재 완료
2026-05-27 15:48:17.938 [pool-1-thread-8] INFO  com.fbp.engine.node.impl.LogNode - [15:48:17.938][logger] {tick=1455, __inPort=in, check_timestamp=1779864497938, timestamp=1779864497938, status=UP}
2026-05-27 15:48:20.799 [pool-1-thread-8] INFO  com.fbp.engine.node.impl.LogNode - [15:48:20.799][logger] {tick=1456, __inPort=in, check_timestamp=1779864500799, timestamp=1779864500799, status=UP}
2026-05-27 15:48:22.940 [pool-1-thread-8] INFO  com.fbp.engine.node.impl.LogNode - [15:48:22.940][logger] {tick=1457, __inPort=in, check_timestamp=1779864502940, timestamp=1779864502939, status=UP}
2026-05-27 15:48:25.803 [pool-1-thread-8] INFO  com.fbp.engine.node.impl.LogNode - [15:48:25.803][logger] {tick=1458, __inPort=in, check_timestamp=1779864505803, timestamp=1779864505803, status=UP}
2026-05-27 15:48:26.797 [pool-3-thread-1] INFO  c.f.engine.metrics.MetricsCollector - [MetricsCollector] 8건 메트릭 InfluxDB 적재 완료
2026-05-27 15:48:27.940 [pool-1-thread-8] INFO  com.fbp.engine.node.impl.LogNode - [15:48:27.940][logger] {tick=1459, __inPort=in, check_timestamp=1779864507940, timestamp=1779864507939, status=UP}
2026-05-27 15:48:30.803 [pool-1-thread-8] INFO  com.fbp.engine.node.impl.LogNode - [15:48:30.803][logger] {tick=1460, __inPort=in, check_timestamp=1779864510803, timestamp=1779864510802, status=UP}
2026-05-27 15:48:32.951 [pool-1-thread-8] INFO  com.fbp.engine.node.impl.LogNode - [15:48:32.951][logger] {tick=1461, __inPort=in, check_timestamp=1779864512950, timestamp=1779864512944, status=UP}
2026-05-27 15:48:35.803 [pool-1-thread-8] INFO  com.fbp.engine.node.impl.LogNode - [15:48:35.803][logger] {tick=1462, __inPort=in, check_timestamp=1779864515803, timestamp=1779864515803, status=UP}
2026-05-27 15:48:36.798 [pool-3-thread-1] INFO  c.f.engine.metrics.MetricsCollector - [MetricsCollector] 8건 메트릭 InfluxDB 적재 완료
2026-05-27 15:48:37.937 [pool-1-thread-8] INFO  com.fbp.engine.node.impl.LogNode - [15:48:37.937][logger] {tick=1463, __inPort=in, check_timestamp=1779864517937, timestamp=1779864517937, status=UP}
2026-05-27 15:48:40.803 [pool-1-thread-8] INFO  com.fbp.engine.node.impl.LogNode - [15:48:40.803][logger] {tick=1464, __inPort=in, check_timestamp=1779864520803, timestamp=1779864520803, status=UP}
2026-05-27 15:48:42.937 [pool-1-thread-8] INFO  com.fbp.engine.node.impl.LogNode - [15:48:42.937][logger] {tick=1465, __inPort=in, check_timestamp=1779864522937, timestamp=1779864522937, status=UP}
2026-05-27 15:48:45.803 [pool-1-thread-8] INFO  com.fbp.engine.node.impl.LogNode - [15:48:45.803][logger] {tick=1466, __inPort=in, check_timestamp=1779864525803, timestamp=1779864525802, status=UP}
2026-05-27 15:48:46.803 [pool-3-thread-1] INFO  c.f.engine.metrics.MetricsCollector - [MetricsCollector] 8건 메트릭 InfluxDB 적재 완료
2026-05-27 15:48:47.937 [pool-1-thread-8] INFO  com.fbp.engine.node.impl.LogNode - [15:48:47.937][logger] {tick=1467, __inPort=in, check_timestamp=1779864527937, timestamp=1779864527937, status=UP}
2026-05-27 15:48:50.803 [pool-1-thread-8] INFO  com.fbp.engine.node.impl.LogNode - [15:48:50.803][logger] {tick=1468, __inPort=in, check_timestamp=1779864530803, timestamp=1779864530802, status=UP}
2026-05-27 15:48:52.937 [pool-1-thread-8] INFO  com.fbp.engine.node.impl.LogNode - [15:48:52.937][logger] {tick=1469, __inPort=in, check_timestamp=1779864532937, timestamp=1779864532937, status=UP}
2026-05-27 15:48:55.800 [pool-1-thread-8] INFO  com.fbp.engine.node.impl.LogNode - [15:48:55.800][logger] {tick=1470, __inPort=in, check_timestamp=1779864535800, timestamp=1779864535800, status=UP}
2026-05-27 15:48:56.796 [pool-3-thread-1] INFO  c.f.engine.metrics.MetricsCollector - [MetricsCollector] 8건 메트릭 InfluxDB 적재 완료
2026-05-27 15:48:57.940 [pool-1-thread-8] INFO  com.fbp.engine.node.impl.LogNode - [15:48:57.940][logger] {tick=1471, __inPort=in, check_timestamp=1779864537940, timestamp=1779864537939, status=UP}
2026-05-27 15:49:00.800 [pool-1-thread-8] INFO  com.fbp.engine.node.impl.LogNode - [15:49:00.800][logger] {tick=1472, __inPort=in, check_timestamp=1779864540800, timestamp=1779864540800, status=UP}
2026-05-27 15:49:02.940 [pool-1-thread-8] INFO  com.fbp.engine.node.impl.LogNode - [15:49:02.940][logger] {tick=1473, __inPort=in, check_timestamp=1779864542940, timestamp=1779864542939, status=UP}
2026-05-27 15:49:05.803 [pool-1-thread-8] INFO  com.fbp.engine.node.impl.LogNode - [15:49:05.802][logger] {tick=1474, __inPort=in, check_timestamp=1779864545802, timestamp=1779864545802, status=UP}
2026-05-27 15:49:06.799 [pool-3-thread-1] INFO  c.f.engine.metrics.MetricsCollector - [MetricsCollector] 8건 메트릭 InfluxDB 적재 완료
2026-05-27 15:49:07.940 [pool-1-thread-8] INFO  com.fbp.engine.node.impl.LogNode - [15:49:07.940][logger] {tick=1475, __inPort=in, check_timestamp=1779864547940, timestamp=1779864547939, status=UP}
2026-05-27 15:49:10.803 [pool-1-thread-8] INFO  com.fbp.engine.node.impl.LogNode - [15:49:10.803][logger] {tick=1476, __inPort=in, check_timestamp=1779864550803, timestamp=1779864550803, status=UP}
2026-05-27 15:49:12.936 [pool-1-thread-8] INFO  com.fbp.engine.node.impl.LogNode - [15:49:12.936][logger] {tick=1477, __inPort=in, check_timestamp=1779864552936, timestamp=1779864552936, status=UP}
2026-05-27 15:49:15.799 [pool-1-thread-8] INFO  com.fbp.engine.node.impl.LogNode - [15:49:15.798][logger] {tick=1478, __inPort=in, check_timestamp=1779864555798, timestamp=1779864555798, status=UP}
2026-05-27 15:49:16.796 [pool-3-thread-1] INFO  c.f.engine.metrics.MetricsCollector - [MetricsCollector] 8건 메트릭 InfluxDB 적재 완료
2026-05-27 15:49:17.936 [pool-1-thread-8] INFO  com.fbp.engine.node.impl.LogNode - [15:49:17.936][logger] {tick=1479, __inPort=in, check_timestamp=1779864557936, timestamp=1779864557936, status=UP}
2026-05-27 15:49:20.808 [pool-1-thread-8] INFO  com.fbp.engine.node.impl.LogNode - [15:49:20.808][logger] {tick=1480, __inPort=in, check_timestamp=1779864560808, timestamp=1779864560807, status=UP}
2026-05-27 15:49:22.944 [pool-1-thread-8] INFO  com.fbp.engine.node.impl.LogNode - [15:49:22.944][logger] {tick=1481, __inPort=in, check_timestamp=1779864562944, timestamp=1779864562944, status=UP}
2026-05-27 15:49:25.809 [pool-1-thread-8] INFO  com.fbp.engine.node.impl.LogNode - [15:49:25.809][logger] {tick=1482, __inPort=in, check_timestamp=1779864565809, timestamp=1779864565809, status=UP}
2026-05-27 15:49:26.806 [pool-3-thread-1] INFO  c.f.engine.metrics.MetricsCollector - [MetricsCollector] 8건 메트릭 InfluxDB 적재 완료
2026-05-27 15:49:27.947 [pool-1-thread-8] INFO  com.fbp.engine.node.impl.LogNode - [15:49:27.946][logger] {tick=1483, __inPort=in, check_timestamp=1779864567946, timestamp=1779864567946, status=UP}
2026-05-27 15:49:30.811 [pool-1-thread-8] INFO  com.fbp.engine.node.impl.LogNode - [15:49:30.811][logger] {tick=1484, __inPort=in, check_timestamp=1779864570811, timestamp=1779864570811, status=UP}
2026-05-27 15:49:32.950 [pool-1-thread-8] INFO  com.fbp.engine.node.impl.LogNode - [15:49:32.950][logger] {tick=1485, __inPort=in, check_timestamp=1779864572950, timestamp=1779864572950, status=UP}
2026-05-27 15:49:35.815 [pool-1-thread-8] INFO  com.fbp.engine.node.impl.LogNode - [15:49:35.815][logger] {tick=1486, __inPort=in, check_timestamp=1779864575815, timestamp=1779864575815, status=UP}
2026-05-27 15:49:36.814 [pool-3-thread-1] INFO  c.f.engine.metrics.MetricsCollector - [MetricsCollector] 8건 메트릭 InfluxDB 적재 완료
2026-05-27 15:49:37.954 [pool-1-thread-8] INFO  com.fbp.engine.node.impl.LogNode - [15:49:37.954][logger] {tick=1487, __inPort=in, check_timestamp=1779864577954, timestamp=1779864577954, status=UP}
2026-05-27 15:49:40.820 [pool-1-thread-8] INFO  com.fbp.engine.node.impl.LogNode - [15:49:40.819][logger] {tick=1488, __inPort=in, check_timestamp=1779864580819, timestamp=1779864580819, status=UP}
2026-05-27 15:49:42.957 [pool-1-thread-8] INFO  com.fbp.engine.node.impl.LogNode - [15:49:42.957][logger] {tick=1489, __inPort=in, check_timestamp=1779864582957, timestamp=1779864582957, status=UP}
2026-05-27 15:49:45.816 [pool-1-thread-8] INFO  com.fbp.engine.node.impl.LogNode - [15:49:45.816][logger] {tick=1490, __inPort=in, check_timestamp=1779864585816, timestamp=1779864585816, status=UP}
2026-05-27 15:49:46.817 [pool-3-thread-1] INFO  c.f.engine.metrics.MetricsCollector - [MetricsCollector] 8건 메트릭 InfluxDB 적재 완료
2026-05-27 15:49:47.957 [pool-1-thread-8] INFO  com.fbp.engine.node.impl.LogNode - [15:49:47.957][logger] {tick=1491, __inPort=in, check_timestamp=1779864587957, timestamp=1779864587956, status=UP}
2026-05-27 15:49:50.822 [pool-1-thread-8] INFO  com.fbp.engine.node.impl.LogNode - [15:49:50.822][logger] {tick=1492, __inPort=in, check_timestamp=1779864590822, timestamp=1779864590822, status=UP}
2026-05-27 15:49:52.959 [pool-1-thread-8] INFO  com.fbp.engine.node.impl.LogNode - [15:49:52.959][logger] {tick=1493, __inPort=in, check_timestamp=1779864592959, timestamp=1779864592959, status=UP}
2026-05-27 15:49:55.823 [pool-1-thread-8] INFO  com.fbp.engine.node.impl.LogNode - [15:49:55.823][logger] {tick=1494, __inPort=in, check_timestamp=1779864595823, timestamp=1779864595823, status=UP}
2026-05-27 15:49:56.818 [pool-3-thread-1] INFO  c.f.engine.metrics.MetricsCollector - [MetricsCollector] 8건 메트릭 InfluxDB 적재 완료
2026-05-27 15:49:57.960 [pool-1-thread-8] INFO  com.fbp.engine.node.impl.LogNode - [15:49:57.960][logger] {tick=1495, __inPort=in, check_timestamp=1779864597960, timestamp=1779864597960, status=UP}
2026-05-27 15:50:00.823 [pool-1-thread-8] INFO  com.fbp.engine.node.impl.LogNode - [15:50:00.823][logger] {tick=1496, __inPort=in, check_timestamp=1779864600823, timestamp=1779864600823, status=UP}
2026-05-27 15:50:02.960 [pool-1-thread-8] INFO  com.fbp.engine.node.impl.LogNode - [15:50:02.960][logger] {tick=1497, __inPort=in, check_timestamp=1779864602960, timestamp=1779864602960, status=UP}
2026-05-27 15:50:05.822 [pool-1-thread-8] INFO  com.fbp.engine.node.impl.LogNode - [15:50:05.822][logger] {tick=1498, __inPort=in, check_timestamp=1779864605822, timestamp=1779864605821, status=UP}
2026-05-27 15:50:06.820 [pool-3-thread-1] INFO  c.f.engine.metrics.MetricsCollector - [MetricsCollector] 8건 메트릭 InfluxDB 적재 완료
2026-05-27 15:50:07.958 [pool-1-thread-8] INFO  com.fbp.engine.node.impl.LogNode - [15:50:07.958][logger] {tick=1499, __inPort=in, check_timestamp=1779864607958, timestamp=1779864607957, status=UP}
2026-05-27 15:50:10.823 [pool-1-thread-8] INFO  com.fbp.engine.node.impl.LogNode - [15:50:10.823][logger] {tick=1500, __inPort=in, check_timestamp=1779864610823, timestamp=1779864610823, status=UP}
2026-05-27 15:50:12.960 [pool-1-thread-8] INFO  com.fbp.engine.node.impl.LogNode - [15:50:12.960][logger] {tick=1501, __inPort=in, check_timestamp=1779864612960, timestamp=1779864612960, status=UP}
2026-05-27 15:50:15.828 [pool-1-thread-8] INFO  com.fbp.engine.node.impl.LogNode - [15:50:15.828][logger] {tick=1502, __inPort=in, check_timestamp=1779864615828, timestamp=1779864615828, status=UP}
2026-05-27 15:50:16.819 [pool-3-thread-1] INFO  c.f.engine.metrics.MetricsCollector - [MetricsCollector] 8건 메트릭 InfluxDB 적재 완료
2026-05-27 15:50:17.958 [pool-1-thread-8] INFO  com.fbp.engine.node.impl.LogNode - [15:50:17.958][logger] {tick=1503, __inPort=in, check_timestamp=1779864617958, timestamp=1779864617958, status=UP}
2026-05-27 15:50:20.823 [pool-1-thread-8] INFO  com.fbp.engine.node.impl.LogNode - [15:50:20.823][logger] {tick=1504, __inPort=in, check_timestamp=1779864620823, timestamp=1779864620823, status=UP}
2026-05-27 15:50:22.961 [pool-1-thread-8] INFO  com.fbp.engine.node.impl.LogNode - [15:50:22.961][logger] {tick=1505, __inPort=in, check_timestamp=1779864622961, timestamp=1779864622961, status=UP}
2026-05-27 15:50:25.823 [pool-1-thread-8] INFO  com.fbp.engine.node.impl.LogNode - [15:50:25.823][logger] {tick=1506, __inPort=in, check_timestamp=1779864625822, timestamp=1779864625822, status=UP}
2026-05-27 15:50:26.818 [pool-3-thread-1] INFO  c.f.engine.metrics.MetricsCollector - [MetricsCollector] 8건 메트릭 InfluxDB 적재 완료
2026-05-27 15:50:27.961 [pool-1-thread-8] INFO  com.fbp.engine.node.impl.LogNode - [15:50:27.961][logger] {tick=1507, __inPort=in, check_timestamp=1779864627961, timestamp=1779864627961, status=UP}
2026-05-27 15:50:30.823 [pool-1-thread-8] INFO  com.fbp.engine.node.impl.LogNode - [15:50:30.823][logger] {tick=1508, __inPort=in, check_timestamp=1779864630823, timestamp=1779864630822, status=UP}
2026-05-27 15:50:32.962 [pool-1-thread-8] INFO  com.fbp.engine.node.impl.LogNode - [15:50:32.961][logger] {tick=1509, __inPort=in, check_timestamp=1779864632961, timestamp=1779864632961, status=UP}
2026-05-27 15:50:35.821 [pool-1-thread-8] INFO  com.fbp.engine.node.impl.LogNode - [15:50:35.820][logger] {tick=1510, __inPort=in, check_timestamp=1779864635820, timestamp=1779864635820, status=UP}
2026-05-27 15:50:36.819 [pool-3-thread-1] INFO  c.f.engine.metrics.MetricsCollector - [MetricsCollector] 8건 메트릭 InfluxDB 적재 완료
2026-05-27 15:50:37.959 [pool-1-thread-8] INFO  com.fbp.engine.node.impl.LogNode - [15:50:37.959][logger] {tick=1511, __inPort=in, check_timestamp=1779864637959, timestamp=1779864637959, status=UP}
2026-05-27 15:50:40.825 [pool-1-thread-8] INFO  com.fbp.engine.node.impl.LogNode - [15:50:40.825][logger] {tick=1512, __inPort=in, check_timestamp=1779864640825, timestamp=1779864640825, status=UP}
2026-05-27 15:50:42.959 [pool-1-thread-8] INFO  com.fbp.engine.node.impl.LogNode - [15:50:42.959][logger] {tick=1513, __inPort=in, check_timestamp=1779864642959, timestamp=1779864642959, status=UP}
2026-05-27 15:50:45.822 [pool-1-thread-8] INFO  com.fbp.engine.node.impl.LogNode - [15:50:45.822][logger] {tick=1514, __inPort=in, check_timestamp=1779864645822, timestamp=1779864645822, status=UP}
2026-05-27 15:50:46.821 [pool-3-thread-1] INFO  c.f.engine.metrics.MetricsCollector - [MetricsCollector] 8건 메트릭 InfluxDB 적재 완료
2026-05-27 15:50:47.961 [pool-1-thread-8] INFO  com.fbp.engine.node.impl.LogNode - [15:50:47.961][logger] {tick=1515, __inPort=in, check_timestamp=1779864647960, timestamp=1779864647960, status=UP}
2026-05-27 15:50:50.823 [pool-1-thread-8] INFO  com.fbp.engine.node.impl.LogNode - [15:50:50.823][logger] {tick=1516, __inPort=in, check_timestamp=1779864650823, timestamp=1779864650823, status=UP}
2026-05-27 15:50:52.960 [pool-1-thread-8] INFO  com.fbp.engine.node.impl.LogNode - [15:50:52.960][logger] {tick=1517, __inPort=in, check_timestamp=1779864652960, timestamp=1779864652960, status=UP}
2026-05-27 15:50:55.825 [pool-1-thread-8] INFO  com.fbp.engine.node.impl.LogNode - [15:50:55.825][logger] {tick=1518, __inPort=in, check_timestamp=1779864655825, timestamp=1779864655825, status=UP}
2026-05-27 15:50:56.820 [pool-3-thread-1] INFO  c.f.engine.metrics.MetricsCollector - [MetricsCollector] 8건 메트릭 InfluxDB 적재 완료
2026-05-27 15:50:57.957 [pool-1-thread-8] INFO  com.fbp.engine.node.impl.LogNode - [15:50:57.957][logger] {tick=1519, __inPort=in, check_timestamp=1779864657957, timestamp=1779864657957, status=UP}
2026-05-27 15:51:00.825 [pool-1-thread-8] INFO  com.fbp.engine.node.impl.LogNode - [15:51:00.825][logger] {tick=1520, __inPort=in, check_timestamp=1779864660825, timestamp=1779864660825, status=UP}
2026-05-27 15:51:02.960 [pool-1-thread-8] INFO  com.fbp.engine.node.impl.LogNode - [15:51:02.960][logger] {tick=1521, __inPort=in, check_timestamp=1779864662960, timestamp=1779864662959, status=UP}
2026-05-27 15:51:05.825 [pool-1-thread-8] INFO  com.fbp.engine.node.impl.LogNode - [15:51:05.825][logger] {tick=1522, __inPort=in, check_timestamp=1779864665825, timestamp=1779864665824, status=UP}
2026-05-27 15:51:06.817 [pool-3-thread-1] INFO  c.f.engine.metrics.MetricsCollector - [MetricsCollector] 8건 메트릭 InfluxDB 적재 완료
2026-05-27 15:51:07.962 [pool-1-thread-8] INFO  com.fbp.engine.node.impl.LogNode - [15:51:07.962][logger] {tick=1523, __inPort=in, check_timestamp=1779864667962, timestamp=1779864667961, status=UP}
2026-05-27 15:51:10.825 [pool-1-thread-8] INFO  com.fbp.engine.node.impl.LogNode - [15:51:10.825][logger] {tick=1524, __inPort=in, check_timestamp=1779864670825, timestamp=1779864670825, status=UP}
2026-05-27 15:51:12.962 [pool-1-thread-8] INFO  com.fbp.engine.node.impl.LogNode - [15:51:12.962][logger] {tick=1525, __inPort=in, check_timestamp=1779864672962, timestamp=1779864672961, status=UP}
2026-05-27 15:51:15.824 [pool-1-thread-8] INFO  com.fbp.engine.node.impl.LogNode - [15:51:15.824][logger] {tick=1526, __inPort=in, check_timestamp=1779864675824, timestamp=1779864675824, status=UP}
2026-05-27 15:51:16.817 [pool-3-thread-1] INFO  c.f.engine.metrics.MetricsCollector - [MetricsCollector] 8건 메트릭 InfluxDB 적재 완료
2026-05-27 15:51:17.961 [pool-1-thread-8] INFO  com.fbp.engine.node.impl.LogNode - [15:51:17.961][logger] {tick=1527, __inPort=in, check_timestamp=1779864677961, timestamp=1779864677961, status=UP}
2026-05-27 15:51:20.822 [pool-1-thread-8] INFO  com.fbp.engine.node.impl.LogNode - [15:51:20.822][logger] {tick=1528, __inPort=in, check_timestamp=1779864680822, timestamp=1779864680822, status=UP}
2026-05-27 15:51:22.972 [pool-1-thread-8] INFO  com.fbp.engine.node.impl.LogNode - [15:51:22.962][logger] {tick=1529, __inPort=in, check_timestamp=1779864682962, timestamp=1779864682962, status=UP}
2026-05-27 15:51:25.821 [pool-1-thread-8] INFO  com.fbp.engine.node.impl.LogNode - [15:51:25.821][logger] {tick=1530, __inPort=in, check_timestamp=1779864685821, timestamp=1779864685821, status=UP}
2026-05-27 15:51:26.818 [pool-3-thread-1] INFO  c.f.engine.metrics.MetricsCollector - [MetricsCollector] 8건 메트릭 InfluxDB 적재 완료
2026-05-27 15:51:27.967 [pool-1-thread-8] INFO  com.fbp.engine.node.impl.LogNode - [15:51:27.967][logger] {tick=1531, __inPort=in, check_timestamp=1779864687967, timestamp=1779864687967, status=UP}
2026-05-27 15:51:30.824 [pool-1-thread-8] INFO  com.fbp.engine.node.impl.LogNode - [15:51:30.824][logger] {tick=1532, __inPort=in, check_timestamp=1779864690824, timestamp=1779864690824, status=UP}
2026-05-27 15:51:32.962 [pool-1-thread-8] INFO  com.fbp.engine.node.impl.LogNode - [15:51:32.962][logger] {tick=1533, __inPort=in, check_timestamp=1779864692962, timestamp=1779864692962, status=UP}
2026-05-27 15:51:35.825 [pool-1-thread-8] INFO  com.fbp.engine.node.impl.LogNode - [15:51:35.825][logger] {tick=1534, __inPort=in, check_timestamp=1779864695825, timestamp=1779864695825, status=UP}
2026-05-27 15:51:36.821 [pool-3-thread-1] INFO  c.f.engine.metrics.MetricsCollector - [MetricsCollector] 8건 메트릭 InfluxDB 적재 완료
2026-05-27 15:51:37.962 [pool-1-thread-8] INFO  com.fbp.engine.node.impl.LogNode - [15:51:37.962][logger] {tick=1535, __inPort=in, check_timestamp=1779864697962, timestamp=1779864697962, status=UP}
2026-05-27 15:51:40.825 [pool-1-thread-8] INFO  com.fbp.engine.node.impl.LogNode - [15:51:40.825][logger] {tick=1536, __inPort=in, check_timestamp=1779864700825, timestamp=1779864700825, status=UP}
2026-05-27 15:51:42.959 [pool-1-thread-8] INFO  com.fbp.engine.node.impl.LogNode - [15:51:42.959][logger] {tick=1537, __inPort=in, check_timestamp=1779864702959, timestamp=1779864702958, status=UP}
2026-05-27 15:51:45.823 [pool-1-thread-8] INFO  com.fbp.engine.node.impl.LogNode - [15:51:45.823][logger] {tick=1538, __inPort=in, check_timestamp=1779864705823, timestamp=1779864705823, status=UP}
2026-05-27 15:51:46.820 [pool-3-thread-1] INFO  c.f.engine.metrics.MetricsCollector - [MetricsCollector] 8건 메트릭 InfluxDB 적재 완료
2026-05-27 15:51:47.961 [pool-1-thread-8] INFO  com.fbp.engine.node.impl.LogNode - [15:51:47.961][logger] {tick=1539, __inPort=in, check_timestamp=1779864707961, timestamp=1779864707960, status=UP}
2026-05-27 15:51:50.823 [pool-1-thread-8] INFO  com.fbp.engine.node.impl.LogNode - [15:51:50.823][logger] {tick=1540, __inPort=in, check_timestamp=1779864710823, timestamp=1779864710822, status=UP}
2026-05-27 15:51:52.958 [pool-1-thread-8] INFO  com.fbp.engine.node.impl.LogNode - [15:51:52.958][logger] {tick=1541, __inPort=in, check_timestamp=1779864712958, timestamp=1779864712957, status=UP}
2026-05-27 15:51:55.824 [pool-1-thread-8] INFO  com.fbp.engine.node.impl.LogNode - [15:51:55.824][logger] {tick=1542, __inPort=in, check_timestamp=1779864715824, timestamp=1779864715824, status=UP}
2026-05-27 15:51:56.820 [pool-3-thread-1] INFO  c.f.engine.metrics.MetricsCollector - [MetricsCollector] 8건 메트릭 InfluxDB 적재 완료
2026-05-27 15:51:57.961 [pool-1-thread-8] INFO  com.fbp.engine.node.impl.LogNode - [15:51:57.961][logger] {tick=1543, __inPort=in, check_timestamp=1779864717961, timestamp=1779864717961, status=UP}
2026-05-27 15:52:00.824 [pool-1-thread-8] INFO  com.fbp.engine.node.impl.LogNode - [15:52:00.824][logger] {tick=1544, __inPort=in, check_timestamp=1779864720824, timestamp=1779864720824, status=UP}
2026-05-27 15:52:02.961 [pool-1-thread-8] INFO  com.fbp.engine.node.impl.LogNode - [15:52:02.961][logger] {tick=1545, __inPort=in, check_timestamp=1779864722961, timestamp=1779864722960, status=UP}
2026-05-27 15:52:05.825 [pool-1-thread-8] INFO  com.fbp.engine.node.impl.LogNode - [15:52:05.825][logger] {tick=1546, __inPort=in, check_timestamp=1779864725825, timestamp=1779864725825, status=UP}
2026-05-27 15:52:06.818 [pool-3-thread-1] INFO  c.f.engine.metrics.MetricsCollector - [MetricsCollector] 8건 메트릭 InfluxDB 적재 완료
2026-05-27 15:52:07.962 [pool-1-thread-8] INFO  com.fbp.engine.node.impl.LogNode - [15:52:07.962][logger] {tick=1547, __inPort=in, check_timestamp=1779864727962, timestamp=1779864727962, status=UP}
2026-05-27 15:52:10.822 [pool-1-thread-8] INFO  com.fbp.engine.node.impl.LogNode - [15:52:10.822][logger] {tick=1548, __inPort=in, check_timestamp=1779864730821, timestamp=1779864730821, status=UP}
2026-05-27 15:52:12.962 [pool-1-thread-8] INFO  com.fbp.engine.node.impl.LogNode - [15:52:12.962][logger] {tick=1549, __inPort=in, check_timestamp=1779864732962, timestamp=1779864732962, status=UP}
2026-05-27 15:52:15.825 [pool-1-thread-8] INFO  com.fbp.engine.node.impl.LogNode - [15:52:15.825][logger] {tick=1550, __inPort=in, check_timestamp=1779864735825, timestamp=1779864735825, status=UP}
2026-05-27 15:52:16.818 [pool-3-thread-1] INFO  c.f.engine.metrics.MetricsCollector - [MetricsCollector] 8건 메트릭 InfluxDB 적재 완료
2026-05-27 15:52:17.962 [pool-1-thread-8] INFO  com.fbp.engine.node.impl.LogNode - [15:52:17.962][logger] {tick=1551, __inPort=in, check_timestamp=1779864737962, timestamp=1779864737962, status=UP}
2026-05-27 15:52:20.825 [pool-1-thread-8] INFO  com.fbp.engine.node.impl.LogNode - [15:52:20.825][logger] {tick=1552, __inPort=in, check_timestamp=1779864740825, timestamp=1779864740825, status=UP}
2026-05-27 15:52:22.961 [pool-1-thread-8] INFO  com.fbp.engine.node.impl.LogNode - [15:52:22.961][logger] {tick=1553, __inPort=in, check_timestamp=1779864742961, timestamp=1779864742961, status=UP}
2026-05-27 15:52:25.822 [pool-1-thread-8] INFO  com.fbp.engine.node.impl.LogNode - [15:52:25.822][logger] {tick=1554, __inPort=in, check_timestamp=1779864745822, timestamp=1779864745822, status=UP}
2026-05-27 15:52:26.820 [pool-3-thread-1] INFO  c.f.engine.metrics.MetricsCollector - [MetricsCollector] 8건 메트릭 InfluxDB 적재 완료
2026-05-27 15:52:27.959 [pool-1-thread-8] INFO  com.fbp.engine.node.impl.LogNode - [15:52:27.959][logger] {tick=1555, __inPort=in, check_timestamp=1779864747959, timestamp=1779864747959, status=UP}
2026-05-27 15:52:30.825 [pool-1-thread-8] INFO  com.fbp.engine.node.impl.LogNode - [15:52:30.825][logger] {tick=1556, __inPort=in, check_timestamp=1779864750825, timestamp=1779864750825, status=UP}
2026-05-27 15:52:32.960 [pool-1-thread-8] INFO  com.fbp.engine.node.impl.LogNode - [15:52:32.960][logger] {tick=1557, __inPort=in, check_timestamp=1779864752959, timestamp=1779864752959, status=UP}
2026-05-27 15:52:35.825 [pool-1-thread-8] INFO  com.fbp.engine.node.impl.LogNode - [15:52:35.825][logger] {tick=1558, __inPort=in, check_timestamp=1779864755825, timestamp=1779864755825, status=UP}
2026-05-27 15:52:36.822 [pool-3-thread-1] INFO  c.f.engine.metrics.MetricsCollector - [MetricsCollector] 8건 메트릭 InfluxDB 적재 완료
2026-05-27 15:52:37.957 [pool-1-thread-8] INFO  com.fbp.engine.node.impl.LogNode - [15:52:37.957][logger] {tick=1559, __inPort=in, check_timestamp=1779864757957, timestamp=1779864757957, status=UP}
2026-05-27 15:52:40.825 [pool-1-thread-8] INFO  com.fbp.engine.node.impl.LogNode - [15:52:40.825][logger] {tick=1560, __inPort=in, check_timestamp=1779864760825, timestamp=1779864760824, status=UP}
2026-05-27 15:52:42.960 [pool-1-thread-8] INFO  com.fbp.engine.node.impl.LogNode - [15:52:42.960][logger] {tick=1561, __inPort=in, check_timestamp=1779864762960, timestamp=1779864762960, status=UP}
2026-05-27 15:52:45.825 [pool-1-thread-8] INFO  com.fbp.engine.node.impl.LogNode - [15:52:45.825][logger] {tick=1562, __inPort=in, check_timestamp=1779864765825, timestamp=1779864765825, status=UP}
2026-05-27 15:52:46.819 [pool-3-thread-1] INFO  c.f.engine.metrics.MetricsCollector - [MetricsCollector] 8건 메트릭 InfluxDB 적재 완료
2026-05-27 15:52:47.958 [pool-1-thread-8] INFO  com.fbp.engine.node.impl.LogNode - [15:52:47.958][logger] {tick=1563, __inPort=in, check_timestamp=1779864767958, timestamp=1779864767958, status=UP}
2026-05-27 15:52:50.825 [pool-1-thread-8] INFO  com.fbp.engine.node.impl.LogNode - [15:52:50.825][logger] {tick=1564, __inPort=in, check_timestamp=1779864770825, timestamp=1779864770825, status=UP}
2026-05-27 15:52:52.962 [pool-1-thread-8] INFO  com.fbp.engine.node.impl.LogNode - [15:52:52.962][logger] {tick=1565, __inPort=in, check_timestamp=1779864772962, timestamp=1779864772962, status=UP}
2026-05-27 15:52:55.825 [pool-1-thread-8] INFO  com.fbp.engine.node.impl.LogNode - [15:52:55.825][logger] {tick=1566, __inPort=in, check_timestamp=1779864775825, timestamp=1779864775825, status=UP}
2026-05-27 15:52:56.819 [pool-3-thread-1] INFO  c.f.engine.metrics.MetricsCollector - [MetricsCollector] 8건 메트릭 InfluxDB 적재 완료
2026-05-27 15:52:57.961 [pool-1-thread-8] INFO  com.fbp.engine.node.impl.LogNode - [15:52:57.961][logger] {tick=1567, __inPort=in, check_timestamp=1779864777961, timestamp=1779864777961, status=UP}
2026-05-27 15:53:00.825 [pool-1-thread-8] INFO  com.fbp.engine.node.impl.LogNode - [15:53:00.825][logger] {tick=1568, __inPort=in, check_timestamp=1779864780825, timestamp=1779864780825, status=UP}
2026-05-27 15:53:02.962 [pool-1-thread-8] INFO  com.fbp.engine.node.impl.LogNode - [15:53:02.962][logger] {tick=1569, __inPort=in, check_timestamp=1779864782962, timestamp=1779864782962, status=UP}
2026-05-27 15:53:05.825 [pool-1-thread-8] INFO  com.fbp.engine.node.impl.LogNode - [15:53:05.825][logger] {tick=1570, __inPort=in, check_timestamp=1779864785825, timestamp=1779864785825, status=UP}
2026-05-27 15:53:06.823 [pool-3-thread-1] INFO  c.f.engine.metrics.MetricsCollector - [MetricsCollector] 8건 메트릭 InfluxDB 적재 완료
2026-05-27 15:53:07.962 [pool-1-thread-8] INFO  com.fbp.engine.node.impl.LogNode - [15:53:07.962][logger] {tick=1571, __inPort=in, check_timestamp=1779864787962, timestamp=1779864787962, status=UP}
2026-05-27 15:53:10.825 [pool-1-thread-8] INFO  com.fbp.engine.node.impl.LogNode - [15:53:10.825][logger] {tick=1572, __inPort=in, check_timestamp=1779864790825, timestamp=1779864790825, status=UP}
2026-05-27 15:53:12.962 [pool-1-thread-8] INFO  com.fbp.engine.node.impl.LogNode - [15:53:12.962][logger] {tick=1573, __inPort=in, check_timestamp=1779864792962, timestamp=1779864792962, status=UP}
2026-05-27 15:53:15.821 [pool-1-thread-8] INFO  com.fbp.engine.node.impl.LogNode - [15:53:15.821][logger] {tick=1574, __inPort=in, check_timestamp=1779864795821, timestamp=1779864795820, status=UP}
2026-05-27 15:53:16.821 [pool-3-thread-1] INFO  c.f.engine.metrics.MetricsCollector - [MetricsCollector] 8건 메트릭 InfluxDB 적재 완료
2026-05-27 15:53:17.962 [pool-1-thread-8] INFO  com.fbp.engine.node.impl.LogNode - [15:53:17.962][logger] {tick=1575, __inPort=in, check_timestamp=1779864797962, timestamp=1779864797962, status=UP}
2026-05-27 15:53:20.825 [pool-1-thread-8] INFO  com.fbp.engine.node.impl.LogNode - [15:53:20.825][logger] {tick=1576, __inPort=in, check_timestamp=1779864800825, timestamp=1779864800825, status=UP}
2026-05-27 15:53:22.962 [pool-1-thread-8] INFO  com.fbp.engine.node.impl.LogNode - [15:53:22.962][logger] {tick=1577, __inPort=in, check_timestamp=1779864802962, timestamp=1779864802962, status=UP}
2026-05-27 15:53:25.824 [pool-1-thread-8] INFO  com.fbp.engine.node.impl.LogNode - [15:53:25.824][logger] {tick=1578, __inPort=in, check_timestamp=1779864805824, timestamp=1779864805823, status=UP}
2026-05-27 15:53:26.820 [pool-3-thread-1] INFO  c.f.engine.metrics.MetricsCollector - [MetricsCollector] 8건 메트릭 InfluxDB 적재 완료
2026-05-27 15:53:27.962 [pool-1-thread-8] INFO  com.fbp.engine.node.impl.LogNode - [15:53:27.962][logger] {tick=1579, __inPort=in, check_timestamp=1779864807962, timestamp=1779864807962, status=UP}
2026-05-27 15:53:30.825 [pool-1-thread-8] INFO  com.fbp.engine.node.impl.LogNode - [15:53:30.825][logger] {tick=1580, __inPort=in, check_timestamp=1779864810825, timestamp=1779864810825, status=UP}
2026-05-27 15:53:32.958 [pool-1-thread-8] INFO  com.fbp.engine.node.impl.LogNode - [15:53:32.958][logger] {tick=1581, __inPort=in, check_timestamp=1779864812958, timestamp=1779864812958, status=UP}
2026-05-27 15:53:35.826 [pool-1-thread-8] INFO  com.fbp.engine.node.impl.LogNode - [15:53:35.826][logger] {tick=1582, __inPort=in, check_timestamp=1779864815825, timestamp=1779864815825, status=UP}
2026-05-27 15:53:36.821 [pool-3-thread-1] INFO  c.f.engine.metrics.MetricsCollector - [MetricsCollector] 8건 메트릭 InfluxDB 적재 완료
2026-05-27 15:53:37.962 [pool-1-thread-8] INFO  com.fbp.engine.node.impl.LogNode - [15:53:37.962][logger] {tick=1583, __inPort=in, check_timestamp=1779864817962, timestamp=1779864817962, status=UP}
2026-05-27 15:53:40.826 [pool-1-thread-8] INFO  com.fbp.engine.node.impl.LogNode - [15:53:40.825][logger] {tick=1584, __inPort=in, check_timestamp=1779864820825, timestamp=1779864820825, status=UP}
2026-05-27 15:53:42.959 [pool-1-thread-8] INFO  com.fbp.engine.node.impl.LogNode - [15:53:42.959][logger] {tick=1585, __inPort=in, check_timestamp=1779864822959, timestamp=1779864822959, status=UP}
2026-05-27 15:53:45.826 [pool-1-thread-8] INFO  com.fbp.engine.node.impl.LogNode - [15:53:45.826][logger] {tick=1586, __inPort=in, check_timestamp=1779864825825, timestamp=1779864825825, status=UP}
2026-05-27 15:53:46.819 [pool-3-thread-1] INFO  c.f.engine.metrics.MetricsCollector - [MetricsCollector] 8건 메트릭 InfluxDB 적재 완료
2026-05-27 15:53:47.962 [pool-1-thread-8] INFO  com.fbp.engine.node.impl.LogNode - [15:53:47.962][logger] {tick=1587, __inPort=in, check_timestamp=1779864827962, timestamp=1779864827962, status=UP}
2026-05-27 15:53:50.826 [pool-1-thread-8] INFO  com.fbp.engine.node.impl.LogNode - [15:53:50.826][logger] {tick=1588, __inPort=in, check_timestamp=1779864830825, timestamp=1779864830825, status=UP}
2026-05-27 15:53:52.962 [pool-1-thread-8] INFO  com.fbp.engine.node.impl.LogNode - [15:53:52.962][logger] {tick=1589, __inPort=in, check_timestamp=1779864832962, timestamp=1779864832962, status=UP}
2026-05-27 15:53:55.826 [pool-1-thread-8] INFO  com.fbp.engine.node.impl.LogNode - [15:53:55.826][logger] {tick=1590, __inPort=in, check_timestamp=1779864835825, timestamp=1779864835825, status=UP}
2026-05-27 15:53:56.819 [pool-3-thread-1] INFO  c.f.engine.metrics.MetricsCollector - [MetricsCollector] 8건 메트릭 InfluxDB 적재 완료
2026-05-27 15:53:57.962 [pool-1-thread-8] INFO  com.fbp.engine.node.impl.LogNode - [15:53:57.962][logger] {tick=1591, __inPort=in, check_timestamp=1779864837962, timestamp=1779864837962, status=UP}
2026-05-27 15:54:00.823 [pool-1-thread-8] INFO  com.fbp.engine.node.impl.LogNode - [15:54:00.823][logger] {tick=1592, __inPort=in, check_timestamp=1779864840823, timestamp=1779864840822, status=UP}
2026-05-27 15:54:02.960 [pool-1-thread-8] INFO  com.fbp.engine.node.impl.LogNode - [15:54:02.959][logger] {tick=1593, __inPort=in, check_timestamp=1779864842959, timestamp=1779864842959, status=UP}
2026-05-27 15:54:05.825 [pool-1-thread-8] INFO  com.fbp.engine.node.impl.LogNode - [15:54:05.825][logger] {tick=1594, __inPort=in, check_timestamp=1779864845825, timestamp=1779864845825, status=UP}
2026-05-27 15:54:06.817 [pool-3-thread-1] INFO  c.f.engine.metrics.MetricsCollector - [MetricsCollector] 8건 메트릭 InfluxDB 적재 완료
2026-05-27 15:54:07.962 [pool-1-thread-8] INFO  com.fbp.engine.node.impl.LogNode - [15:54:07.962][logger] {tick=1595, __inPort=in, check_timestamp=1779864847962, timestamp=1779864847962, status=UP}
2026-05-27 15:54:10.821 [pool-1-thread-8] INFO  com.fbp.engine.node.impl.LogNode - [15:54:10.821][logger] {tick=1596, __inPort=in, check_timestamp=1779864850821, timestamp=1779864850821, status=UP}
2026-05-27 15:54:12.958 [pool-1-thread-8] INFO  com.fbp.engine.node.impl.LogNode - [15:54:12.958][logger] {tick=1597, __inPort=in, check_timestamp=1779864852958, timestamp=1779864852957, status=UP}
2026-05-27 15:54:15.822 [pool-1-thread-8] INFO  com.fbp.engine.node.impl.LogNode - [15:54:15.821][logger] {tick=1598, __inPort=in, check_timestamp=1779864855821, timestamp=1779864855821, status=UP}
2026-05-27 15:54:16.818 [pool-3-thread-1] INFO  c.f.engine.metrics.MetricsCollector - [MetricsCollector] 8건 메트릭 InfluxDB 적재 완료
2026-05-27 15:54:17.958 [pool-1-thread-8] INFO  com.fbp.engine.node.impl.LogNode - [15:54:17.958][logger] {tick=1599, __inPort=in, check_timestamp=1779864857958, timestamp=1779864857958, status=UP}
2026-05-27 15:54:20.826 [pool-1-thread-8] INFO  com.fbp.engine.node.impl.LogNode - [15:54:20.826][logger] {tick=1600, __inPort=in, check_timestamp=1779864860826, timestamp=1779864860825, status=UP}
2026-05-27 15:54:22.958 [pool-1-thread-8] INFO  com.fbp.engine.node.impl.LogNode - [15:54:22.958][logger] {tick=1601, __inPort=in, check_timestamp=1779864862958, timestamp=1779864862958, status=UP}
2026-05-27 15:54:25.821 [pool-1-thread-8] INFO  com.fbp.engine.node.impl.LogNode - [15:54:25.821][logger] {tick=1602, __inPort=in, check_timestamp=1779864865821, timestamp=1779864865821, status=UP}
2026-05-27 15:54:26.821 [pool-3-thread-1] INFO  c.f.engine.metrics.MetricsCollector - [MetricsCollector] 8건 메트릭 InfluxDB 적재 완료
2026-05-27 15:54:27.963 [pool-1-thread-8] INFO  com.fbp.engine.node.impl.LogNode - [15:54:27.962][logger] {tick=1603, __inPort=in, check_timestamp=1779864867962, timestamp=1779864867962, status=UP}
2026-05-27 15:54:30.825 [pool-1-thread-8] INFO  com.fbp.engine.node.impl.LogNode - [15:54:30.825][logger] {tick=1604, __inPort=in, check_timestamp=1779864870825, timestamp=1779864870825, status=UP}
2026-05-27 15:54:32.962 [pool-1-thread-8] INFO  com.fbp.engine.node.impl.LogNode - [15:54:32.962][logger] {tick=1605, __inPort=in, check_timestamp=1779864872962, timestamp=1779864872962, status=UP}
2026-05-27 15:54:35.825 [pool-1-thread-8] INFO  com.fbp.engine.node.impl.LogNode - [15:54:35.825][logger] {tick=1606, __inPort=in, check_timestamp=1779864875825, timestamp=1779864875825, status=UP}
2026-05-27 15:54:36.821 [pool-3-thread-1] INFO  c.f.engine.metrics.MetricsCollector - [MetricsCollector] 8건 메트릭 InfluxDB 적재 완료
2026-05-27 15:54:37.960 [pool-1-thread-8] INFO  com.fbp.engine.node.impl.LogNode - [15:54:37.960][logger] {tick=1607, __inPort=in, check_timestamp=1779864877960, timestamp=1779864877960, status=UP}
2026-05-27 15:54:40.826 [pool-1-thread-8] INFO  com.fbp.engine.node.impl.LogNode - [15:54:40.826][logger] {tick=1608, __inPort=in, check_timestamp=1779864880826, timestamp=1779864880825, status=UP}
2026-05-27 15:54:42.963 [pool-1-thread-8] INFO  com.fbp.engine.node.impl.LogNode - [15:54:42.963][logger] {tick=1609, __inPort=in, check_timestamp=1779864882962, timestamp=1779864882962, status=UP}
2026-05-27 15:54:45.821 [pool-1-thread-8] INFO  com.fbp.engine.node.impl.LogNode - [15:54:45.821][logger] {tick=1610, __inPort=in, check_timestamp=1779864885821, timestamp=1779864885821, status=UP}
2026-05-27 15:54:46.816 [pool-3-thread-1] INFO  c.f.engine.metrics.MetricsCollector - [MetricsCollector] 8건 메트릭 InfluxDB 적재 완료
2026-05-27 15:54:47.963 [pool-1-thread-8] INFO  com.fbp.engine.node.impl.LogNode - [15:54:47.963][logger] {tick=1611, __inPort=in, check_timestamp=1779864887962, timestamp=1779864887962, status=UP}
2026-05-27 15:54:50.826 [pool-1-thread-8] INFO  com.fbp.engine.node.impl.LogNode - [15:54:50.826][logger] {tick=1612, __inPort=in, check_timestamp=1779864890826, timestamp=1779864890825, status=UP}
2026-05-27 15:54:52.958 [pool-1-thread-8] INFO  com.fbp.engine.node.impl.LogNode - [15:54:52.958][logger] {tick=1613, __inPort=in, check_timestamp=1779864892958, timestamp=1779864892958, status=UP}
2026-05-27 15:54:55.822 [pool-1-thread-8] INFO  com.fbp.engine.node.impl.LogNode - [15:54:55.822][logger] {tick=1614, __inPort=in, check_timestamp=1779864895822, timestamp=1779864895822, status=UP}
2026-05-27 15:54:56.816 [pool-3-thread-1] INFO  c.f.engine.metrics.MetricsCollector - [MetricsCollector] 8건 메트릭 InfluxDB 적재 완료
2026-05-27 15:54:57.961 [pool-1-thread-8] INFO  com.fbp.engine.node.impl.LogNode - [15:54:57.961][logger] {tick=1615, __inPort=in, check_timestamp=1779864897961, timestamp=1779864897961, status=UP}
2026-05-27 15:55:00.824 [pool-1-thread-8] INFO  com.fbp.engine.node.impl.LogNode - [15:55:00.824][logger] {tick=1616, __inPort=in, check_timestamp=1779864900824, timestamp=1779864900824, status=UP}
2026-05-27 15:55:02.961 [pool-1-thread-8] INFO  com.fbp.engine.node.impl.LogNode - [15:55:02.961][logger] {tick=1617, __inPort=in, check_timestamp=1779864902961, timestamp=1779864902960, status=UP}
2026-05-27 15:55:05.823 [pool-1-thread-8] INFO  com.fbp.engine.node.impl.LogNode - [15:55:05.823][logger] {tick=1618, __inPort=in, check_timestamp=1779864905822, timestamp=1779864905822, status=UP}
2026-05-27 15:55:06.821 [pool-3-thread-1] INFO  c.f.engine.metrics.MetricsCollector - [MetricsCollector] 8건 메트릭 InfluxDB 적재 완료
2026-05-27 15:55:07.962 [pool-1-thread-8] INFO  com.fbp.engine.node.impl.LogNode - [15:55:07.962][logger] {tick=1619, __inPort=in, check_timestamp=1779864907962, timestamp=1779864907962, status=UP}
2026-05-27 15:55:10.826 [pool-1-thread-8] INFO  com.fbp.engine.node.impl.LogNode - [15:55:10.826][logger] {tick=1620, __inPort=in, check_timestamp=1779864910826, timestamp=1779864910826, status=UP}
2026-05-27 15:55:12.963 [pool-1-thread-8] INFO  com.fbp.engine.node.impl.LogNode - [15:55:12.963][logger] {tick=1621, __inPort=in, check_timestamp=1779864912963, timestamp=1779864912962, status=UP}
2026-05-27 15:55:15.825 [pool-1-thread-8] INFO  com.fbp.engine.node.impl.LogNode - [15:55:15.825][logger] {tick=1622, __inPort=in, check_timestamp=1779864915825, timestamp=1779864915825, status=UP}
2026-05-27 15:55:16.816 [pool-3-thread-1] INFO  c.f.engine.metrics.MetricsCollector - [MetricsCollector] 8건 메트릭 InfluxDB 적재 완료
2026-05-27 15:55:17.960 [pool-1-thread-8] INFO  com.fbp.engine.node.impl.LogNode - [15:55:17.960][logger] {tick=1623, __inPort=in, check_timestamp=1779864917960, timestamp=1779864917959, status=UP}
2026-05-27 15:55:20.824 [pool-1-thread-8] INFO  com.fbp.engine.node.impl.LogNode - [15:55:20.824][logger] {tick=1624, __inPort=in, check_timestamp=1779864920823, timestamp=1779864920823, status=UP}
2026-05-27 15:55:22.961 [pool-1-thread-8] INFO  com.fbp.engine.node.impl.LogNode - [15:55:22.961][logger] {tick=1625, __inPort=in, check_timestamp=1779864922961, timestamp=1779864922961, status=UP}
2026-05-27 15:55:25.826 [pool-1-thread-8] INFO  com.fbp.engine.node.impl.LogNode - [15:55:25.826][logger] {tick=1626, __inPort=in, check_timestamp=1779864925826, timestamp=1779864925826, status=UP}
2026-05-27 15:55:26.820 [pool-3-thread-1] INFO  c.f.engine.metrics.MetricsCollector - [MetricsCollector] 8건 메트릭 InfluxDB 적재 완료
2026-05-27 15:55:27.963 [pool-1-thread-8] INFO  com.fbp.engine.node.impl.LogNode - [15:55:27.963][logger] {tick=1627, __inPort=in, check_timestamp=1779864927963, timestamp=1779864927962, status=UP}
2026-05-27 15:55:30.824 [pool-1-thread-8] INFO  com.fbp.engine.node.impl.LogNode - [15:55:30.824][logger] {tick=1628, __inPort=in, check_timestamp=1779864930824, timestamp=1779864930824, status=UP}
2026-05-27 15:55:32.961 [pool-1-thread-8] INFO  com.fbp.engine.node.impl.LogNode - [15:55:32.960][logger] {tick=1629, __inPort=in, check_timestamp=1779864932960, timestamp=1779864932960, status=UP}
2026-05-27 15:55:35.830 [pool-1-thread-8] INFO  com.fbp.engine.node.impl.LogNode - [15:55:35.830][logger] {tick=1630, __inPort=in, check_timestamp=1779864935830, timestamp=1779864935829, status=UP}
2026-05-27 15:55:36.818 [pool-3-thread-1] INFO  c.f.engine.metrics.MetricsCollector - [MetricsCollector] 8건 메트릭 InfluxDB 적재 완료
2026-05-27 15:55:37.968 [pool-1-thread-8] INFO  com.fbp.engine.node.impl.LogNode - [15:55:37.968][logger] {tick=1631, __inPort=in, check_timestamp=1779864937968, timestamp=1779864937968, status=UP}
2026-05-27 15:55:40.826 [pool-1-thread-8] INFO  com.fbp.engine.node.impl.LogNode - [15:55:40.826][logger] {tick=1632, __inPort=in, check_timestamp=1779864940826, timestamp=1779864940825, status=UP}
2026-05-27 15:55:42.964 [pool-1-thread-8] INFO  com.fbp.engine.node.impl.LogNode - [15:55:42.964][logger] {tick=1633, __inPort=in, check_timestamp=1779864942964, timestamp=1779864942963, status=UP}
2026-05-27 15:55:45.823 [pool-1-thread-8] INFO  com.fbp.engine.node.impl.LogNode - [15:55:45.823][logger] {tick=1634, __inPort=in, check_timestamp=1779864945823, timestamp=1779864945822, status=UP}
2026-05-27 15:55:46.827 [pool-3-thread-1] INFO  c.f.engine.metrics.MetricsCollector - [MetricsCollector] 8건 메트릭 InfluxDB 적재 완료
2026-05-27 15:55:47.963 [pool-1-thread-8] INFO  com.fbp.engine.node.impl.LogNode - [15:55:47.962][logger] {tick=1635, __inPort=in, check_timestamp=1779864947962, timestamp=1779864947962, status=UP}
2026-05-27 15:55:50.829 [pool-1-thread-8] INFO  com.fbp.engine.node.impl.LogNode - [15:55:50.829][logger] {tick=1636, __inPort=in, check_timestamp=1779864950829, timestamp=1779864950829, status=UP}
2026-05-27 15:55:52.960 [pool-1-thread-8] INFO  com.fbp.engine.node.impl.LogNode - [15:55:52.960][logger] {tick=1637, __inPort=in, check_timestamp=1779864952960, timestamp=1779864952960, status=UP}
2026-05-27 15:55:55.831 [pool-1-thread-8] INFO  com.fbp.engine.node.impl.LogNode - [15:55:55.831][logger] {tick=1638, __inPort=in, check_timestamp=1779864955831, timestamp=1779864955830, status=UP}
2026-05-27 15:55:56.822 [pool-3-thread-1] INFO  c.f.engine.metrics.MetricsCollector - [MetricsCollector] 8건 메트릭 InfluxDB 적재 완료
2026-05-27 15:55:57.968 [pool-1-thread-8] INFO  com.fbp.engine.node.impl.LogNode - [15:55:57.968][logger] {tick=1639, __inPort=in, check_timestamp=1779864957968, timestamp=1779864957967, status=UP}
2026-05-27 15:56:00.826 [pool-1-thread-8] INFO  com.fbp.engine.node.impl.LogNode - [15:56:00.826][logger] {tick=1640, __inPort=in, check_timestamp=1779864960826, timestamp=1779864960826, status=UP}
2026-05-27 15:56:02.966 [pool-1-thread-8] INFO  com.fbp.engine.node.impl.LogNode - [15:56:02.966][logger] {tick=1641, __inPort=in, check_timestamp=1779864962966, timestamp=1779864962965, status=UP}
2026-05-27 15:56:05.830 [pool-1-thread-8] INFO  com.fbp.engine.node.impl.LogNode - [15:56:05.830][logger] {tick=1642, __inPort=in, check_timestamp=1779864965830, timestamp=1779864965829, status=UP}
2026-05-27 15:56:06.819 [pool-3-thread-1] INFO  c.f.engine.metrics.MetricsCollector - [MetricsCollector] 8건 메트릭 InfluxDB 적재 완료
2026-05-27 15:56:07.963 [pool-1-thread-8] INFO  com.fbp.engine.node.impl.LogNode - [15:56:07.963][logger] {tick=1643, __inPort=in, check_timestamp=1779864967963, timestamp=1779864967963, status=UP}
2026-05-27 15:56:10.831 [pool-1-thread-8] INFO  com.fbp.engine.node.impl.LogNode - [15:56:10.830][logger] {tick=1644, __inPort=in, check_timestamp=1779864970830, timestamp=1779864970830, status=UP}
2026-05-27 15:56:12.968 [pool-1-thread-8] INFO  com.fbp.engine.node.impl.LogNode - [15:56:12.968][logger] {tick=1645, __inPort=in, check_timestamp=1779864972968, timestamp=1779864972968, status=UP}
2026-05-27 15:56:15.823 [pool-1-thread-8] INFO  com.fbp.engine.node.impl.LogNode - [15:56:15.823][logger] {tick=1646, __inPort=in, check_timestamp=1779864975823, timestamp=1779864975823, status=UP}
2026-05-27 15:56:16.814 [pool-3-thread-1] INFO  c.f.engine.metrics.MetricsCollector - [MetricsCollector] 8건 메트릭 InfluxDB 적재 완료
2026-05-27 15:56:17.958 [pool-1-thread-8] INFO  com.fbp.engine.node.impl.LogNode - [15:56:17.958][logger] {tick=1647, __inPort=in, check_timestamp=1779864977958, timestamp=1779864977958, status=UP}
2026-05-27 15:56:20.830 [pool-1-thread-8] INFO  com.fbp.engine.node.impl.LogNode - [15:56:20.830][logger] {tick=1648, __inPort=in, check_timestamp=1779864980830, timestamp=1779864980830, status=UP}
2026-05-27 15:56:22.960 [pool-1-thread-8] INFO  com.fbp.engine.node.impl.LogNode - [15:56:22.960][logger] {tick=1649, __inPort=in, check_timestamp=1779864982960, timestamp=1779864982960, status=UP}
2026-05-27 15:56:25.828 [pool-1-thread-8] INFO  com.fbp.engine.node.impl.LogNode - [15:56:25.828][logger] {tick=1650, __inPort=in, check_timestamp=1779864985828, timestamp=1779864985827, status=UP}
2026-05-27 15:56:26.819 [pool-3-thread-1] INFO  c.f.engine.metrics.MetricsCollector - [MetricsCollector] 8건 메트릭 InfluxDB 적재 완료
2026-05-27 15:56:27.966 [pool-1-thread-8] INFO  com.fbp.engine.node.impl.LogNode - [15:56:27.966][logger] {tick=1651, __inPort=in, check_timestamp=1779864987966, timestamp=1779864987966, status=UP}
2026-05-27 15:56:30.823 [pool-1-thread-8] INFO  com.fbp.engine.node.impl.LogNode - [15:56:30.823][logger] {tick=1652, __inPort=in, check_timestamp=1779864990823, timestamp=1779864990822, status=UP}
2026-05-27 15:56:32.960 [pool-1-thread-8] INFO  com.fbp.engine.node.impl.LogNode - [15:56:32.960][logger] {tick=1653, __inPort=in, check_timestamp=1779864992959, timestamp=1779864992959, status=UP}
2026-05-27 15:56:35.828 [pool-1-thread-8] INFO  com.fbp.engine.node.impl.LogNode - [15:56:35.828][logger] {tick=1654, __inPort=in, check_timestamp=1779864995828, timestamp=1779864995827, status=UP}
2026-05-27 15:56:36.827 [pool-3-thread-1] INFO  c.f.engine.metrics.MetricsCollector - [MetricsCollector] 8건 메트릭 InfluxDB 적재 완료
2026-05-27 15:56:37.965 [pool-1-thread-8] INFO  com.fbp.engine.node.impl.LogNode - [15:56:37.965][logger] {tick=1655, __inPort=in, check_timestamp=1779864997965, timestamp=1779864997965, status=UP}
2026-05-27 15:56:40.831 [pool-1-thread-8] INFO  com.fbp.engine.node.impl.LogNode - [15:56:40.831][logger] {tick=1656, __inPort=in, check_timestamp=1779865000830, timestamp=1779865000830, status=UP}
2026-05-27 15:56:42.963 [pool-1-thread-8] INFO  com.fbp.engine.node.impl.LogNode - [15:56:42.963][logger] {tick=1657, __inPort=in, check_timestamp=1779865002963, timestamp=1779865002963, status=UP}
2026-05-27 15:56:45.831 [pool-1-thread-8] INFO  com.fbp.engine.node.impl.LogNode - [15:56:45.831][logger] {tick=1658, __inPort=in, check_timestamp=1779865005831, timestamp=1779865005830, status=UP}
2026-05-27 15:56:46.823 [pool-3-thread-1] INFO  c.f.engine.metrics.MetricsCollector - [MetricsCollector] 8건 메트릭 InfluxDB 적재 완료
2026-05-27 15:56:47.962 [pool-1-thread-8] INFO  com.fbp.engine.node.impl.LogNode - [15:56:47.962][logger] {tick=1659, __inPort=in, check_timestamp=1779865007961, timestamp=1779865007961, status=UP}
2026-05-27 15:56:50.826 [pool-1-thread-8] INFO  com.fbp.engine.node.impl.LogNode - [15:56:50.826][logger] {tick=1660, __inPort=in, check_timestamp=1779865010826, timestamp=1779865010826, status=UP}
2026-05-27 15:56:52.960 [pool-1-thread-8] INFO  com.fbp.engine.node.impl.LogNode - [15:56:52.960][logger] {tick=1661, __inPort=in, check_timestamp=1779865012960, timestamp=1779865012960, status=UP}
2026-05-27 15:56:55.829 [pool-1-thread-8] INFO  com.fbp.engine.node.impl.LogNode - [15:56:55.829][logger] {tick=1662, __inPort=in, check_timestamp=1779865015829, timestamp=1779865015829, status=UP}
2026-05-27 15:56:56.815 [pool-3-thread-1] INFO  c.f.engine.metrics.MetricsCollector - [MetricsCollector] 8건 메트릭 InfluxDB 적재 완료
2026-05-27 15:56:57.968 [pool-1-thread-8] INFO  com.fbp.engine.node.impl.LogNode - [15:56:57.968][logger] {tick=1663, __inPort=in, check_timestamp=1779865017968, timestamp=1779865017968, status=UP}
2026-05-27 15:57:00.824 [pool-1-thread-8] INFO  com.fbp.engine.node.impl.LogNode - [15:57:00.824][logger] {tick=1664, __inPort=in, check_timestamp=1779865020824, timestamp=1779865020824, status=UP}
2026-05-27 15:57:02.966 [pool-1-thread-8] INFO  com.fbp.engine.node.impl.LogNode - [15:57:02.966][logger] {tick=1665, __inPort=in, check_timestamp=1779865022965, timestamp=1779865022965, status=UP}
2026-05-27 15:57:05.826 [pool-1-thread-8] INFO  com.fbp.engine.node.impl.LogNode - [15:57:05.826][logger] {tick=1666, __inPort=in, check_timestamp=1779865025826, timestamp=1779865025826, status=UP}
2026-05-27 15:57:06.825 [pool-3-thread-1] INFO  c.f.engine.metrics.MetricsCollector - [MetricsCollector] 8건 메트릭 InfluxDB 적재 완료
2026-05-27 15:57:07.961 [pool-1-thread-8] INFO  com.fbp.engine.node.impl.LogNode - [15:57:07.961][logger] {tick=1667, __inPort=in, check_timestamp=1779865027961, timestamp=1779865027961, status=UP}
2026-05-27 15:57:10.831 [pool-1-thread-8] INFO  com.fbp.engine.node.impl.LogNode - [15:57:10.831][logger] {tick=1668, __inPort=in, check_timestamp=1779865030831, timestamp=1779865030831, status=UP}
2026-05-27 15:57:12.959 [pool-1-thread-8] INFO  com.fbp.engine.node.impl.LogNode - [15:57:12.959][logger] {tick=1669, __inPort=in, check_timestamp=1779865032959, timestamp=1779865032959, status=UP}
2026-05-27 15:57:15.831 [pool-1-thread-8] INFO  com.fbp.engine.node.impl.LogNode - [15:57:15.831][logger] {tick=1670, __inPort=in, check_timestamp=1779865035831, timestamp=1779865035831, status=UP}
2026-05-27 15:57:16.822 [pool-3-thread-1] INFO  c.f.engine.metrics.MetricsCollector - [MetricsCollector] 8건 메트릭 InfluxDB 적재 완료
2026-05-27 15:57:17.966 [pool-1-thread-8] INFO  com.fbp.engine.node.impl.LogNode - [15:57:17.966][logger] {tick=1671, __inPort=in, check_timestamp=1779865037966, timestamp=1779865037966, status=UP}
2026-05-27 15:57:20.830 [pool-1-thread-8] INFO  com.fbp.engine.node.impl.LogNode - [15:57:20.830][logger] {tick=1672, __inPort=in, check_timestamp=1779865040830, timestamp=1779865040830, status=UP}
2026-05-27 15:57:22.961 [pool-1-thread-8] INFO  com.fbp.engine.node.impl.LogNode - [15:57:22.961][logger] {tick=1673, __inPort=in, check_timestamp=1779865042961, timestamp=1779865042961, status=UP}
2026-05-27 15:57:25.831 [pool-1-thread-8] INFO  com.fbp.engine.node.impl.LogNode - [15:57:25.831][logger] {tick=1674, __inPort=in, check_timestamp=1779865045831, timestamp=1779865045830, status=UP}
2026-05-27 15:57:26.817 [pool-3-thread-1] INFO  c.f.engine.metrics.MetricsCollector - [MetricsCollector] 8건 메트릭 InfluxDB 적재 완료
2026-05-27 15:57:27.964 [pool-1-thread-8] INFO  com.fbp.engine.node.impl.LogNode - [15:57:27.964][logger] {tick=1675, __inPort=in, check_timestamp=1779865047964, timestamp=1779865047964, status=UP}
2026-05-27 15:57:30.831 [pool-1-thread-8] INFO  com.fbp.engine.node.impl.LogNode - [15:57:30.831][logger] {tick=1676, __inPort=in, check_timestamp=1779865050830, timestamp=1779865050830, status=UP}
2026-05-27 15:57:32.966 [pool-1-thread-8] INFO  com.fbp.engine.node.impl.LogNode - [15:57:32.966][logger] {tick=1677, __inPort=in, check_timestamp=1779865052965, timestamp=1779865052965, status=UP}
2026-05-27 15:57:35.824 [pool-1-thread-8] INFO  com.fbp.engine.node.impl.LogNode - [15:57:35.824][logger] {tick=1678, __inPort=in, check_timestamp=1779865055824, timestamp=1779865055823, status=UP}
2026-05-27 15:57:36.821 [pool-3-thread-1] INFO  c.f.engine.metrics.MetricsCollector - [MetricsCollector] 8건 메트릭 InfluxDB 적재 완료
2026-05-27 15:57:37.959 [pool-1-thread-8] INFO  com.fbp.engine.node.impl.LogNode - [15:57:37.959][logger] {tick=1679, __inPort=in, check_timestamp=1779865057959, timestamp=1779865057958, status=UP}
2026-05-27 15:57:40.831 [pool-1-thread-8] INFO  com.fbp.engine.node.impl.LogNode - [15:57:40.831][logger] {tick=1680, __inPort=in, check_timestamp=1779865060831, timestamp=1779865060831, status=UP}
2026-05-27 15:57:42.962 [pool-1-thread-8] INFO  com.fbp.engine.node.impl.LogNode - [15:57:42.962][logger] {tick=1681, __inPort=in, check_timestamp=1779865062962, timestamp=1779865062962, status=UP}
2026-05-27 15:57:45.831 [pool-1-thread-8] INFO  com.fbp.engine.node.impl.LogNode - [15:57:45.831][logger] {tick=1682, __inPort=in, check_timestamp=1779865065831, timestamp=1779865065831, status=UP}
2026-05-27 15:57:46.824 [pool-3-thread-1] INFO  c.f.engine.metrics.MetricsCollector - [MetricsCollector] 8건 메트릭 InfluxDB 적재 완료
2026-05-27 15:57:47.968 [pool-1-thread-8] INFO  com.fbp.engine.node.impl.LogNode - [15:57:47.968][logger] {tick=1683, __inPort=in, check_timestamp=1779865067968, timestamp=1779865067968, status=UP}
2026-05-27 15:57:50.828 [pool-1-thread-8] INFO  com.fbp.engine.node.impl.LogNode - [15:57:50.828][logger] {tick=1684, __inPort=in, check_timestamp=1779865070828, timestamp=1779865070827, status=UP}
2026-05-27 15:57:52.958 [pool-1-thread-8] INFO  com.fbp.engine.node.impl.LogNode - [15:57:52.958][logger] {tick=1685, __inPort=in, check_timestamp=1779865072958, timestamp=1779865072958, status=UP}
2026-05-27 15:57:55.828 [pool-1-thread-8] INFO  com.fbp.engine.node.impl.LogNode - [15:57:55.828][logger] {tick=1686, __inPort=in, check_timestamp=1779865075828, timestamp=1779865075827, status=UP}
2026-05-27 15:57:56.821 [pool-3-thread-1] INFO  c.f.engine.metrics.MetricsCollector - [MetricsCollector] 8건 메트릭 InfluxDB 적재 완료
2026-05-27 15:57:57.968 [pool-1-thread-8] INFO  com.fbp.engine.node.impl.LogNode - [15:57:57.968][logger] {tick=1687, __inPort=in, check_timestamp=1779865077968, timestamp=1779865077968, status=UP}
2026-05-27 15:58:00.829 [pool-1-thread-8] INFO  com.fbp.engine.node.impl.LogNode - [15:58:00.829][logger] {tick=1688, __inPort=in, check_timestamp=1779865080829, timestamp=1779865080829, status=UP}
2026-05-27 15:58:02.965 [pool-1-thread-8] INFO  com.fbp.engine.node.impl.LogNode - [15:58:02.965][logger] {tick=1689, __inPort=in, check_timestamp=1779865082965, timestamp=1779865082965, status=UP}
2026-05-27 15:58:05.824 [pool-1-thread-8] INFO  com.fbp.engine.node.impl.LogNode - [15:58:05.824][logger] {tick=1690, __inPort=in, check_timestamp=1779865085824, timestamp=1779865085824, status=UP}
2026-05-27 15:58:06.815 [pool-3-thread-1] INFO  c.f.engine.metrics.MetricsCollector - [MetricsCollector] 8건 메트릭 InfluxDB 적재 완료
2026-05-27 15:58:07.967 [pool-1-thread-8] INFO  com.fbp.engine.node.impl.LogNode - [15:58:07.967][logger] {tick=1691, __inPort=in, check_timestamp=1779865087967, timestamp=1779865087967, status=UP}
2026-05-27 15:58:10.828 [pool-1-thread-8] INFO  com.fbp.engine.node.impl.LogNode - [15:58:10.828][logger] {tick=1692, __inPort=in, check_timestamp=1779865090828, timestamp=1779865090828, status=UP}
2026-05-27 15:58:12.962 [pool-1-thread-8] INFO  com.fbp.engine.node.impl.LogNode - [15:58:12.962][logger] {tick=1693, __inPort=in, check_timestamp=1779865092962, timestamp=1779865092961, status=UP}
2026-05-27 15:58:15.828 [pool-1-thread-8] INFO  com.fbp.engine.node.impl.LogNode - [15:58:15.828][logger] {tick=1694, __inPort=in, check_timestamp=1779865095828, timestamp=1779865095828, status=UP}
2026-05-27 15:58:16.822 [pool-3-thread-1] INFO  c.f.engine.metrics.MetricsCollector - [MetricsCollector] 8건 메트릭 InfluxDB 적재 완료
2026-05-27 15:58:17.959 [pool-1-thread-8] INFO  com.fbp.engine.node.impl.LogNode - [15:58:17.959][logger] {tick=1695, __inPort=in, check_timestamp=1779865097959, timestamp=1779865097958, status=UP}
2026-05-27 15:58:20.831 [pool-1-thread-8] INFO  com.fbp.engine.node.impl.LogNode - [15:58:20.831][logger] {tick=1696, __inPort=in, check_timestamp=1779865100831, timestamp=1779865100831, status=UP}
2026-05-27 15:58:22.961 [pool-1-thread-8] INFO  com.fbp.engine.node.impl.LogNode - [15:58:22.961][logger] {tick=1697, __inPort=in, check_timestamp=1779865102961, timestamp=1779865102960, status=UP}
2026-05-27 15:58:25.828 [pool-1-thread-8] INFO  com.fbp.engine.node.impl.LogNode - [15:58:25.828][logger] {tick=1698, __inPort=in, check_timestamp=1779865105828, timestamp=1779865105828, status=UP}
2026-05-27 15:58:26.822 [pool-3-thread-1] INFO  c.f.engine.metrics.MetricsCollector - [MetricsCollector] 8건 메트릭 InfluxDB 적재 완료
2026-05-27 15:58:27.963 [pool-1-thread-8] INFO  com.fbp.engine.node.impl.LogNode - [15:58:27.963][logger] {tick=1699, __inPort=in, check_timestamp=1779865107963, timestamp=1779865107962, status=UP}
2026-05-27 15:58:30.831 [pool-1-thread-8] INFO  com.fbp.engine.node.impl.LogNode - [15:58:30.831][logger] {tick=1700, __inPort=in, check_timestamp=1779865110831, timestamp=1779865110831, status=UP}
2026-05-27 15:58:32.959 [pool-1-thread-8] INFO  com.fbp.engine.node.impl.LogNode - [15:58:32.959][logger] {tick=1701, __inPort=in, check_timestamp=1779865112959, timestamp=1779865112959, status=UP}
2026-05-27 15:58:35.828 [pool-1-thread-8] INFO  com.fbp.engine.node.impl.LogNode - [15:58:35.828][logger] {tick=1702, __inPort=in, check_timestamp=1779865115828, timestamp=1779865115828, status=UP}
2026-05-27 15:58:36.819 [pool-3-thread-1] INFO  c.f.engine.metrics.MetricsCollector - [MetricsCollector] 8건 메트릭 InfluxDB 적재 완료
2026-05-27 15:58:37.965 [pool-1-thread-8] INFO  com.fbp.engine.node.impl.LogNode - [15:58:37.965][logger] {tick=1703, __inPort=in, check_timestamp=1779865117965, timestamp=1779865117964, status=UP}
2026-05-27 15:58:40.832 [pool-1-thread-8] INFO  com.fbp.engine.node.impl.LogNode - [15:58:40.831][logger] {tick=1704, __inPort=in, check_timestamp=1779865120831, timestamp=1779865120831, status=UP}
2026-05-27 15:58:42.963 [pool-1-thread-8] INFO  com.fbp.engine.node.impl.LogNode - [15:58:42.963][logger] {tick=1705, __inPort=in, check_timestamp=1779865122962, timestamp=1779865122962, status=UP}
2026-05-27 15:58:45.832 [pool-1-thread-8] INFO  com.fbp.engine.node.impl.LogNode - [15:58:45.831][logger] {tick=1706, __inPort=in, check_timestamp=1779865125831, timestamp=1779865125831, status=UP}
2026-05-27 15:58:46.818 [pool-3-thread-1] INFO  c.f.engine.metrics.MetricsCollector - [MetricsCollector] 8건 메트릭 InfluxDB 적재 완료
2026-05-27 15:58:47.963 [pool-1-thread-8] INFO  com.fbp.engine.node.impl.LogNode - [15:58:47.962][logger] {tick=1707, __inPort=in, check_timestamp=1779865127962, timestamp=1779865127962, status=UP}
2026-05-27 15:58:50.831 [pool-1-thread-8] INFO  com.fbp.engine.node.impl.LogNode - [15:58:50.831][logger] {tick=1708, __inPort=in, check_timestamp=1779865130831, timestamp=1779865130831, status=UP}
2026-05-27 15:58:52.968 [pool-1-thread-8] INFO  com.fbp.engine.node.impl.LogNode - [15:58:52.968][logger] {tick=1709, __inPort=in, check_timestamp=1779865132968, timestamp=1779865132968, status=UP}
2026-05-27 15:58:55.832 [pool-1-thread-8] INFO  com.fbp.engine.node.impl.LogNode - [15:58:55.832][logger] {tick=1710, __inPort=in, check_timestamp=1779865135831, timestamp=1779865135831, status=UP}
2026-05-27 15:58:56.824 [pool-3-thread-1] INFO  c.f.engine.metrics.MetricsCollector - [MetricsCollector] 8건 메트릭 InfluxDB 적재 완료
2026-05-27 15:58:57.961 [pool-1-thread-8] INFO  com.fbp.engine.node.impl.LogNode - [15:58:57.961][logger] {tick=1711, __inPort=in, check_timestamp=1779865137961, timestamp=1779865137960, status=UP}
2026-05-27 15:59:00.830 [pool-1-thread-8] INFO  com.fbp.engine.node.impl.LogNode - [15:59:00.830][logger] {tick=1712, __inPort=in, check_timestamp=1779865140830, timestamp=1779865140830, status=UP}
2026-05-27 15:59:02.968 [pool-1-thread-8] INFO  com.fbp.engine.node.impl.LogNode - [15:59:02.968][logger] {tick=1713, __inPort=in, check_timestamp=1779865142968, timestamp=1779865142968, status=UP}
2026-05-27 15:59:05.824 [pool-1-thread-8] INFO  com.fbp.engine.node.impl.LogNode - [15:59:05.824][logger] {tick=1714, __inPort=in, check_timestamp=1779865145824, timestamp=1779865145824, status=UP}
2026-05-27 15:59:06.813 [pool-3-thread-1] INFO  c.f.engine.metrics.MetricsCollector - [MetricsCollector] 8건 메트릭 InfluxDB 적재 완료
2026-05-27 15:59:07.968 [pool-1-thread-8] INFO  com.fbp.engine.node.impl.LogNode - [15:59:07.968][logger] {tick=1715, __inPort=in, check_timestamp=1779865147968, timestamp=1779865147968, status=UP}
2026-05-27 15:59:10.823 [pool-1-thread-8] INFO  com.fbp.engine.node.impl.LogNode - [15:59:10.823][logger] {tick=1716, __inPort=in, check_timestamp=1779865150823, timestamp=1779865150822, status=UP}
2026-05-27 15:59:12.959 [pool-1-thread-8] INFO  com.fbp.engine.node.impl.LogNode - [15:59:12.959][logger] {tick=1717, __inPort=in, check_timestamp=1779865152959, timestamp=1779865152959, status=UP}
2026-05-27 15:59:15.831 [pool-1-thread-8] INFO  com.fbp.engine.node.impl.LogNode - [15:59:15.831][logger] {tick=1718, __inPort=in, check_timestamp=1779865155831, timestamp=1779865155831, status=UP}
2026-05-27 15:59:16.818 [pool-3-thread-1] INFO  c.f.engine.metrics.MetricsCollector - [MetricsCollector] 8건 메트릭 InfluxDB 적재 완료
2026-05-27 15:59:17.959 [pool-1-thread-8] INFO  com.fbp.engine.node.impl.LogNode - [15:59:17.958][logger] {tick=1719, __inPort=in, check_timestamp=1779865157958, timestamp=1779865157958, status=UP}
2026-05-27 15:59:20.822 [pool-1-thread-8] INFO  com.fbp.engine.node.impl.LogNode - [15:59:20.822][logger] {tick=1720, __inPort=in, check_timestamp=1779865160822, timestamp=1779865160822, status=UP}
2026-05-27 15:59:22.968 [pool-1-thread-8] INFO  com.fbp.engine.node.impl.LogNode - [15:59:22.968][logger] {tick=1721, __inPort=in, check_timestamp=1779865162968, timestamp=1779865162968, status=UP}
2026-05-27 15:59:25.830 [pool-1-thread-8] INFO  com.fbp.engine.node.impl.LogNode - [15:59:25.830][logger] {tick=1722, __inPort=in, check_timestamp=1779865165830, timestamp=1779865165830, status=UP}
2026-05-27 15:59:26.814 [pool-3-thread-1] INFO  c.f.engine.metrics.MetricsCollector - [MetricsCollector] 8건 메트릭 InfluxDB 적재 완료
2026-05-27 15:59:27.959 [pool-1-thread-8] INFO  com.fbp.engine.node.impl.LogNode - [15:59:27.959][logger] {tick=1723, __inPort=in, check_timestamp=1779865167959, timestamp=1779865167959, status=UP}
2026-05-27 15:59:30.829 [pool-1-thread-8] INFO  com.fbp.engine.node.impl.LogNode - [15:59:30.829][logger] {tick=1724, __inPort=in, check_timestamp=1779865170829, timestamp=1779865170829, status=UP}
2026-05-27 15:59:32.968 [pool-1-thread-8] INFO  com.fbp.engine.node.impl.LogNode - [15:59:32.968][logger] {tick=1725, __inPort=in, check_timestamp=1779865172968, timestamp=1779865172968, status=UP}
2026-05-27 15:59:35.825 [pool-1-thread-8] INFO  com.fbp.engine.node.impl.LogNode - [15:59:35.825][logger] {tick=1726, __inPort=in, check_timestamp=1779865175825, timestamp=1779865175825, status=UP}
2026-05-27 15:59:36.817 [pool-3-thread-1] INFO  c.f.engine.metrics.MetricsCollector - [MetricsCollector] 8건 메트릭 InfluxDB 적재 완료
2026-05-27 15:59:37.961 [pool-1-thread-8] INFO  com.fbp.engine.node.impl.LogNode - [15:59:37.961][logger] {tick=1727, __inPort=in, check_timestamp=1779865177961, timestamp=1779865177961, status=UP}
2026-05-27 15:59:40.830 [pool-1-thread-8] INFO  com.fbp.engine.node.impl.LogNode - [15:59:40.830][logger] {tick=1728, __inPort=in, check_timestamp=1779865180830, timestamp=1779865180830, status=UP}
2026-05-27 15:59:42.964 [pool-1-thread-8] INFO  com.fbp.engine.node.impl.LogNode - [15:59:42.964][logger] {tick=1729, __inPort=in, check_timestamp=1779865182964, timestamp=1779865182963, status=UP}
2026-05-27 15:59:45.832 [pool-1-thread-8] INFO  com.fbp.engine.node.impl.LogNode - [15:59:45.832][logger] {tick=1730, __inPort=in, check_timestamp=1779865185832, timestamp=1779865185832, status=UP}
2026-05-27 15:59:46.814 [pool-3-thread-1] INFO  c.f.engine.metrics.MetricsCollector - [MetricsCollector] 8건 메트릭 InfluxDB 적재 완료
2026-05-27 15:59:47.965 [pool-1-thread-8] INFO  com.fbp.engine.node.impl.LogNode - [15:59:47.965][logger] {tick=1731, __inPort=in, check_timestamp=1779865187965, timestamp=1779865187965, status=UP}
2026-05-27 15:59:50.831 [pool-1-thread-8] INFO  com.fbp.engine.node.impl.LogNode - [15:59:50.831][logger] {tick=1732, __inPort=in, check_timestamp=1779865190831, timestamp=1779865190831, status=UP}
2026-05-27 15:59:52.967 [pool-1-thread-8] INFO  com.fbp.engine.node.impl.LogNode - [15:59:52.967][logger] {tick=1733, __inPort=in, check_timestamp=1779865192967, timestamp=1779865192967, status=UP}
2026-05-27 15:59:55.828 [pool-1-thread-8] INFO  com.fbp.engine.node.impl.LogNode - [15:59:55.828][logger] {tick=1734, __inPort=in, check_timestamp=1779865195828, timestamp=1779865195827, status=UP}
2026-05-27 15:59:56.815 [pool-3-thread-1] INFO  c.f.engine.metrics.MetricsCollector - [MetricsCollector] 8건 메트릭 InfluxDB 적재 완료
2026-05-27 15:59:57.959 [pool-1-thread-8] INFO  com.fbp.engine.node.impl.LogNode - [15:59:57.959][logger] {tick=1735, __inPort=in, check_timestamp=1779865197959, timestamp=1779865197958, status=UP}
2026-05-27 16:00:00.826 [pool-1-thread-8] INFO  com.fbp.engine.node.impl.LogNode - [16:00:00.826][logger] {tick=1736, __inPort=in, check_timestamp=1779865200826, timestamp=1779865200826, status=UP}
2026-05-27 16:00:02.959 [pool-1-thread-8] INFO  com.fbp.engine.node.impl.LogNode - [16:00:02.959][logger] {tick=1737, __inPort=in, check_timestamp=1779865202959, timestamp=1779865202959, status=UP}
2026-05-27 16:00:05.826 [pool-1-thread-8] INFO  com.fbp.engine.node.impl.LogNode - [16:00:05.826][logger] {tick=1738, __inPort=in, check_timestamp=1779865205826, timestamp=1779865205826, status=UP}
2026-05-27 16:00:06.815 [pool-3-thread-1] INFO  c.f.engine.metrics.MetricsCollector - [MetricsCollector] 8건 메트릭 InfluxDB 적재 완료
2026-05-27 16:00:07.969 [pool-1-thread-8] INFO  com.fbp.engine.node.impl.LogNode - [16:00:07.969][logger] {tick=1739, __inPort=in, check_timestamp=1779865207969, timestamp=1779865207968, status=UP}
2026-05-27 16:00:10.830 [pool-1-thread-8] INFO  com.fbp.engine.node.impl.LogNode - [16:00:10.830][logger] {tick=1740, __inPort=in, check_timestamp=1779865210830, timestamp=1779865210829, status=UP}
2026-05-27 16:00:12.967 [pool-1-thread-8] INFO  com.fbp.engine.node.impl.LogNode - [16:00:12.967][logger] {tick=1741, __inPort=in, check_timestamp=1779865212967, timestamp=1779865212967, status=UP}
2026-05-27 16:00:15.827 [pool-1-thread-8] INFO  com.fbp.engine.node.impl.LogNode - [16:00:15.827][logger] {tick=1742, __inPort=in, check_timestamp=1779865215827, timestamp=1779865215827, status=UP}
2026-05-27 16:00:16.819 [pool-3-thread-1] INFO  c.f.engine.metrics.MetricsCollector - [MetricsCollector] 8건 메트릭 InfluxDB 적재 완료
2026-05-27 16:00:17.966 [pool-1-thread-8] INFO  com.fbp.engine.node.impl.LogNode - [16:00:17.966][logger] {tick=1743, __inPort=in, check_timestamp=1779865217966, timestamp=1779865217966, status=UP}
2026-05-27 16:00:20.822 [pool-1-thread-8] INFO  com.fbp.engine.node.impl.LogNode - [16:00:20.822][logger] {tick=1744, __inPort=in, check_timestamp=1779865220822, timestamp=1779865220822, status=UP}
2026-05-27 16:00:22.969 [pool-1-thread-8] INFO  com.fbp.engine.node.impl.LogNode - [16:00:22.969][logger] {tick=1745, __inPort=in, check_timestamp=1779865222969, timestamp=1779865222968, status=UP}
2026-05-27 16:00:25.830 [pool-1-thread-8] INFO  com.fbp.engine.node.impl.LogNode - [16:00:25.830][logger] {tick=1746, __inPort=in, check_timestamp=1779865225830, timestamp=1779865225830, status=UP}
2026-05-27 16:00:26.819 [pool-3-thread-1] INFO  c.f.engine.metrics.MetricsCollector - [MetricsCollector] 8건 메트릭 InfluxDB 적재 완료
2026-05-27 16:00:27.966 [pool-1-thread-8] INFO  com.fbp.engine.node.impl.LogNode - [16:00:27.966][logger] {tick=1747, __inPort=in, check_timestamp=1779865227966, timestamp=1779865227966, status=UP}
2026-05-27 16:00:30.826 [pool-1-thread-8] INFO  com.fbp.engine.node.impl.LogNode - [16:00:30.826][logger] {tick=1748, __inPort=in, check_timestamp=1779865230826, timestamp=1779865230826, status=UP}
2026-05-27 16:00:32.964 [pool-1-thread-8] INFO  com.fbp.engine.node.impl.LogNode - [16:00:32.964][logger] {tick=1749, __inPort=in, check_timestamp=1779865232964, timestamp=1779865232964, status=UP}
2026-05-27 16:00:35.826 [pool-1-thread-8] INFO  com.fbp.engine.node.impl.LogNode - [16:00:35.826][logger] {tick=1750, __inPort=in, check_timestamp=1779865235826, timestamp=1779865235825, status=UP}
2026-05-27 16:00:36.818 [pool-3-thread-1] INFO  c.f.engine.metrics.MetricsCollector - [MetricsCollector] 8건 메트릭 InfluxDB 적재 완료
2026-05-27 16:00:37.959 [pool-1-thread-8] INFO  com.fbp.engine.node.impl.LogNode - [16:00:37.959][logger] {tick=1751, __inPort=in, check_timestamp=1779865237959, timestamp=1779865237959, status=UP}
2026-05-27 16:00:40.832 [pool-1-thread-8] INFO  com.fbp.engine.node.impl.LogNode - [16:00:40.831][logger] {tick=1752, __inPort=in, check_timestamp=1779865240831, timestamp=1779865240831, status=UP}
2026-05-27 16:00:42.969 [pool-1-thread-8] INFO  com.fbp.engine.node.impl.LogNode - [16:00:42.969][logger] {tick=1753, __inPort=in, check_timestamp=1779865242969, timestamp=1779865242968, status=UP}
2026-05-27 16:00:45.830 [pool-1-thread-8] INFO  com.fbp.engine.node.impl.LogNode - [16:00:45.830][logger] {tick=1754, __inPort=in, check_timestamp=1779865245830, timestamp=1779865245830, status=UP}
2026-05-27 16:00:46.816 [pool-3-thread-1] INFO  c.f.engine.metrics.MetricsCollector - [MetricsCollector] 8건 메트릭 InfluxDB 적재 완료
2026-05-27 16:00:47.967 [pool-1-thread-8] INFO  com.fbp.engine.node.impl.LogNode - [16:00:47.967][logger] {tick=1755, __inPort=in, check_timestamp=1779865247967, timestamp=1779865247967, status=UP}
2026-05-27 16:00:50.830 [pool-1-thread-8] INFO  com.fbp.engine.node.impl.LogNode - [16:00:50.830][logger] {tick=1756, __inPort=in, check_timestamp=1779865250829, timestamp=1779865250829, status=UP}
2026-05-27 16:00:52.961 [pool-1-thread-8] INFO  com.fbp.engine.node.impl.LogNode - [16:00:52.961][logger] {tick=1757, __inPort=in, check_timestamp=1779865252961, timestamp=1779865252961, status=UP}
2026-05-27 16:00:55.832 [pool-1-thread-8] INFO  com.fbp.engine.node.impl.LogNode - [16:00:55.832][logger] {tick=1758, __inPort=in, check_timestamp=1779865255832, timestamp=1779865255832, status=UP}
2026-05-27 16:00:56.819 [pool-3-thread-1] INFO  c.f.engine.metrics.MetricsCollector - [MetricsCollector] 8건 메트릭 InfluxDB 적재 완료
2026-05-27 16:00:57.968 [pool-1-thread-8] INFO  com.fbp.engine.node.impl.LogNode - [16:00:57.968][logger] {tick=1759, __inPort=in, check_timestamp=1779865257968, timestamp=1779865257968, status=UP}
2026-05-27 16:01:00.832 [pool-1-thread-8] INFO  com.fbp.engine.node.impl.LogNode - [16:01:00.832][logger] {tick=1760, __inPort=in, check_timestamp=1779865260832, timestamp=1779865260832, status=UP}
2026-05-27 16:01:02.960 [pool-1-thread-8] INFO  com.fbp.engine.node.impl.LogNode - [16:01:02.960][logger] {tick=1761, __inPort=in, check_timestamp=1779865262960, timestamp=1779865262960, status=UP}
2026-05-27 16:01:05.831 [pool-1-thread-8] INFO  com.fbp.engine.node.impl.LogNode - [16:01:05.831][logger] {tick=1762, __inPort=in, check_timestamp=1779865265831, timestamp=1779865265831, status=UP}
2026-05-27 16:01:06.816 [pool-3-thread-1] INFO  c.f.engine.metrics.MetricsCollector - [MetricsCollector] 8건 메트릭 InfluxDB 적재 완료
2026-05-27 16:01:07.963 [pool-1-thread-8] INFO  com.fbp.engine.node.impl.LogNode - [16:01:07.963][logger] {tick=1763, __inPort=in, check_timestamp=1779865267963, timestamp=1779865267963, status=UP}
2026-05-27 16:01:10.832 [pool-1-thread-8] INFO  com.fbp.engine.node.impl.LogNode - [16:01:10.832][logger] {tick=1764, __inPort=in, check_timestamp=1779865270832, timestamp=1779865270832, status=UP}
2026-05-27 16:01:12.969 [pool-1-thread-8] INFO  com.fbp.engine.node.impl.LogNode - [16:01:12.969][logger] {tick=1765, __inPort=in, check_timestamp=1779865272969, timestamp=1779865272969, status=UP}
2026-05-27 16:01:15.831 [pool-1-thread-8] INFO  com.fbp.engine.node.impl.LogNode - [16:01:15.831][logger] {tick=1766, __inPort=in, check_timestamp=1779865275831, timestamp=1779865275831, status=UP}
2026-05-27 16:01:16.826 [pool-3-thread-1] INFO  c.f.engine.metrics.MetricsCollector - [MetricsCollector] 8건 메트릭 InfluxDB 적재 완료
2026-05-27 16:01:17.969 [pool-1-thread-8] INFO  com.fbp.engine.node.impl.LogNode - [16:01:17.969][logger] {tick=1767, __inPort=in, check_timestamp=1779865277969, timestamp=1779865277969, status=UP}
2026-05-27 16:01:20.831 [pool-1-thread-8] INFO  com.fbp.engine.node.impl.LogNode - [16:01:20.831][logger] {tick=1768, __inPort=in, check_timestamp=1779865280831, timestamp=1779865280831, status=UP}
2026-05-27 16:01:22.964 [pool-1-thread-8] INFO  com.fbp.engine.node.impl.LogNode - [16:01:22.964][logger] {tick=1769, __inPort=in, check_timestamp=1779865282964, timestamp=1779865282963, status=UP}
2026-05-27 16:01:25.826 [pool-1-thread-8] INFO  com.fbp.engine.node.impl.LogNode - [16:01:25.826][logger] {tick=1770, __inPort=in, check_timestamp=1779865285826, timestamp=1779865285826, status=UP}
2026-05-27 16:01:26.823 [pool-3-thread-1] INFO  c.f.engine.metrics.MetricsCollector - [MetricsCollector] 8건 메트릭 InfluxDB 적재 완료
2026-05-27 16:01:27.969 [pool-1-thread-8] INFO  com.fbp.engine.node.impl.LogNode - [16:01:27.969][logger] {tick=1771, __inPort=in, check_timestamp=1779865287969, timestamp=1779865287969, status=UP}
2026-05-27 16:01:30.832 [pool-1-thread-8] INFO  com.fbp.engine.node.impl.LogNode - [16:01:30.832][logger] {tick=1772, __inPort=in, check_timestamp=1779865290831, timestamp=1779865290831, status=UP}
2026-05-27 16:01:32.965 [pool-1-thread-8] INFO  com.fbp.engine.node.impl.LogNode - [16:01:32.965][logger] {tick=1773, __inPort=in, check_timestamp=1779865292965, timestamp=1779865292965, status=UP}
2026-05-27 16:01:35.832 [pool-1-thread-8] INFO  com.fbp.engine.node.impl.LogNode - [16:01:35.832][logger] {tick=1774, __inPort=in, check_timestamp=1779865295832, timestamp=1779865295832, status=UP}
2026-05-27 16:01:36.816 [pool-3-thread-1] INFO  c.f.engine.metrics.MetricsCollector - [MetricsCollector] 8건 메트릭 InfluxDB 적재 완료
2026-05-27 16:01:37.962 [pool-1-thread-8] INFO  com.fbp.engine.node.impl.LogNode - [16:01:37.962][logger] {tick=1775, __inPort=in, check_timestamp=1779865297962, timestamp=1779865297962, status=UP}
2026-05-27 16:01:40.832 [pool-1-thread-8] INFO  com.fbp.engine.node.impl.LogNode - [16:01:40.832][logger] {tick=1776, __inPort=in, check_timestamp=1779865300832, timestamp=1779865300831, status=UP}
2026-05-27 16:01:42.960 [pool-1-thread-8] INFO  com.fbp.engine.node.impl.LogNode - [16:01:42.960][logger] {tick=1777, __inPort=in, check_timestamp=1779865302960, timestamp=1779865302959, status=UP}
2026-05-27 16:01:45.822 [pool-1-thread-8] INFO  com.fbp.engine.node.impl.LogNode - [16:01:45.822][logger] {tick=1778, __inPort=in, check_timestamp=1779865305822, timestamp=1779865305822, status=UP}
2026-05-27 16:01:46.823 [pool-3-thread-1] INFO  c.f.engine.metrics.MetricsCollector - [MetricsCollector] 8건 메트릭 InfluxDB 적재 완료
2026-05-27 16:01:47.969 [pool-1-thread-8] INFO  com.fbp.engine.node.impl.LogNode - [16:01:47.969][logger] {tick=1779, __inPort=in, check_timestamp=1779865307969, timestamp=1779865307969, status=UP}
2026-05-27 16:01:50.831 [pool-1-thread-8] INFO  com.fbp.engine.node.impl.LogNode - [16:01:50.831][logger] {tick=1780, __inPort=in, check_timestamp=1779865310831, timestamp=1779865310831, status=UP}
2026-05-27 16:01:52.966 [pool-1-thread-8] INFO  com.fbp.engine.node.impl.LogNode - [16:01:52.966][logger] {tick=1781, __inPort=in, check_timestamp=1779865312966, timestamp=1779865312965, status=UP}
2026-05-27 16:01:55.832 [pool-1-thread-8] INFO  com.fbp.engine.node.impl.LogNode - [16:01:55.832][logger] {tick=1782, __inPort=in, check_timestamp=1779865315832, timestamp=1779865315832, status=UP}
2026-05-27 16:01:56.821 [pool-3-thread-1] INFO  c.f.engine.metrics.MetricsCollector - [MetricsCollector] 8건 메트릭 InfluxDB 적재 완료
2026-05-27 16:01:57.969 [pool-1-thread-8] INFO  com.fbp.engine.node.impl.LogNode - [16:01:57.969][logger] {tick=1783, __inPort=in, check_timestamp=1779865317969, timestamp=1779865317968, status=UP}
2026-05-27 16:02:00.826 [pool-1-thread-8] INFO  com.fbp.engine.node.impl.LogNode - [16:02:00.826][logger] {tick=1784, __inPort=in, check_timestamp=1779865320826, timestamp=1779865320825, status=UP}
2026-05-27 16:02:02.966 [pool-1-thread-8] INFO  com.fbp.engine.node.impl.LogNode - [16:02:02.966][logger] {tick=1785, __inPort=in, check_timestamp=1779865322966, timestamp=1779865322966, status=UP}
2026-05-27 16:02:05.828 [pool-1-thread-8] INFO  com.fbp.engine.node.impl.LogNode - [16:02:05.828][logger] {tick=1786, __inPort=in, check_timestamp=1779865325828, timestamp=1779865325828, status=UP}
2026-05-27 16:02:06.823 [pool-3-thread-1] INFO  c.f.engine.metrics.MetricsCollector - [MetricsCollector] 8건 메트릭 InfluxDB 적재 완료
2026-05-27 16:02:07.969 [pool-1-thread-8] INFO  com.fbp.engine.node.impl.LogNode - [16:02:07.969][logger] {tick=1787, __inPort=in, check_timestamp=1779865327969, timestamp=1779865327969, status=UP}
2026-05-27 16:02:10.832 [pool-1-thread-8] INFO  com.fbp.engine.node.impl.LogNode - [16:02:10.832][logger] {tick=1788, __inPort=in, check_timestamp=1779865330832, timestamp=1779865330831, status=UP}
2026-05-27 16:02:12.969 [pool-1-thread-8] INFO  com.fbp.engine.node.impl.LogNode - [16:02:12.969][logger] {tick=1789, __inPort=in, check_timestamp=1779865332969, timestamp=1779865332969, status=UP}
2026-05-27 16:02:15.825 [pool-1-thread-8] INFO  com.fbp.engine.node.impl.LogNode - [16:02:15.825][logger] {tick=1790, __inPort=in, check_timestamp=1779865335825, timestamp=1779865335825, status=UP}
2026-05-27 16:02:16.823 [pool-3-thread-1] INFO  c.f.engine.metrics.MetricsCollector - [MetricsCollector] 8건 메트릭 InfluxDB 적재 완료
2026-05-27 16:02:17.966 [pool-1-thread-8] INFO  com.fbp.engine.node.impl.LogNode - [16:02:17.966][logger] {tick=1791, __inPort=in, check_timestamp=1779865337966, timestamp=1779865337966, status=UP}
2026-05-27 16:02:20.829 [pool-1-thread-8] INFO  com.fbp.engine.node.impl.LogNode - [16:02:20.829][logger] {tick=1792, __inPort=in, check_timestamp=1779865340828, timestamp=1779865340828, status=UP}
2026-05-27 16:02:22.962 [pool-1-thread-8] INFO  com.fbp.engine.node.impl.LogNode - [16:02:22.962][logger] {tick=1793, __inPort=in, check_timestamp=1779865342962, timestamp=1779865342962, status=UP}
2026-05-27 16:02:25.828 [pool-1-thread-8] INFO  com.fbp.engine.node.impl.LogNode - [16:02:25.828][logger] {tick=1794, __inPort=in, check_timestamp=1779865345828, timestamp=1779865345828, status=UP}
2026-05-27 16:02:26.822 [pool-3-thread-1] INFO  c.f.engine.metrics.MetricsCollector - [MetricsCollector] 8건 메트릭 InfluxDB 적재 완료
2026-05-27 16:02:27.969 [pool-1-thread-8] INFO  com.fbp.engine.node.impl.LogNode - [16:02:27.969][logger] {tick=1795, __inPort=in, check_timestamp=1779865347969, timestamp=1779865347969, status=UP}
2026-05-27 16:02:30.828 [pool-1-thread-8] INFO  com.fbp.engine.node.impl.LogNode - [16:02:30.828][logger] {tick=1796, __inPort=in, check_timestamp=1779865350828, timestamp=1779865350828, status=UP}
2026-05-27 16:02:32.965 [pool-1-thread-8] INFO  com.fbp.engine.node.impl.LogNode - [16:02:32.965][logger] {tick=1797, __inPort=in, check_timestamp=1779865352965, timestamp=1779865352965, status=UP}
2026-05-27 16:02:35.826 [pool-1-thread-8] INFO  com.fbp.engine.node.impl.LogNode - [16:02:35.826][logger] {tick=1798, __inPort=in, check_timestamp=1779865355826, timestamp=1779865355825, status=UP}
2026-05-27 16:02:36.815 [pool-3-thread-1] INFO  c.f.engine.metrics.MetricsCollector - [MetricsCollector] 8건 메트릭 InfluxDB 적재 완료
2026-05-27 16:02:37.966 [pool-1-thread-8] INFO  com.fbp.engine.node.impl.LogNode - [16:02:37.966][logger] {tick=1799, __inPort=in, check_timestamp=1779865357966, timestamp=1779865357966, status=UP}
2026-05-27 16:02:40.824 [pool-1-thread-8] INFO  com.fbp.engine.node.impl.LogNode - [16:02:40.824][logger] {tick=1800, __inPort=in, check_timestamp=1779865360824, timestamp=1779865360824, status=UP}
2026-05-27 16:02:42.960 [pool-1-thread-8] INFO  com.fbp.engine.node.impl.LogNode - [16:02:42.960][logger] {tick=1801, __inPort=in, check_timestamp=1779865362960, timestamp=1779865362960, status=UP}
2026-05-27 16:02:45.824 [pool-1-thread-8] INFO  com.fbp.engine.node.impl.LogNode - [16:02:45.824][logger] {tick=1802, __inPort=in, check_timestamp=1779865365824, timestamp=1779865365824, status=UP}
2026-05-27 16:02:46.818 [pool-3-thread-1] INFO  c.f.engine.metrics.MetricsCollector - [MetricsCollector] 8건 메트릭 InfluxDB 적재 완료
2026-05-27 16:02:47.967 [pool-1-thread-8] INFO  com.fbp.engine.node.impl.LogNode - [16:02:47.967][logger] {tick=1803, __inPort=in, check_timestamp=1779865367967, timestamp=1779865367967, status=UP}
2026-05-27 16:02:50.831 [pool-1-thread-8] INFO  com.fbp.engine.node.impl.LogNode - [16:02:50.831][logger] {tick=1804, __inPort=in, check_timestamp=1779865370830, timestamp=1779865370830, status=UP}
2026-05-27 16:02:52.968 [pool-1-thread-8] INFO  com.fbp.engine.node.impl.LogNode - [16:02:52.968][logger] {tick=1805, __inPort=in, check_timestamp=1779865372968, timestamp=1779865372968, status=UP}
2026-05-27 16:02:55.825 [pool-1-thread-8] INFO  com.fbp.engine.node.impl.LogNode - [16:02:55.825][logger] {tick=1806, __inPort=in, check_timestamp=1779865375825, timestamp=1779865375825, status=UP}
2026-05-27 16:02:56.819 [pool-3-thread-1] INFO  c.f.engine.metrics.MetricsCollector - [MetricsCollector] 8건 메트릭 InfluxDB 적재 완료
2026-05-27 16:02:57.960 [pool-1-thread-8] INFO  com.fbp.engine.node.impl.LogNode - [16:02:57.960][logger] {tick=1807, __inPort=in, check_timestamp=1779865377960, timestamp=1779865377959, status=UP}
2026-05-27 16:03:00.832 [pool-1-thread-8] INFO  com.fbp.engine.node.impl.LogNode - [16:03:00.832][logger] {tick=1808, __inPort=in, check_timestamp=1779865380832, timestamp=1779865380832, status=UP}
2026-05-27 16:03:02.967 [pool-1-thread-8] INFO  com.fbp.engine.node.impl.LogNode - [16:03:02.967][logger] {tick=1809, __inPort=in, check_timestamp=1779865382967, timestamp=1779865382967, status=UP}
2026-05-27 16:03:05.832 [pool-1-thread-8] INFO  com.fbp.engine.node.impl.LogNode - [16:03:05.832][logger] {tick=1810, __inPort=in, check_timestamp=1779865385832, timestamp=1779865385832, status=UP}
2026-05-27 16:03:06.818 [pool-3-thread-1] INFO  c.f.engine.metrics.MetricsCollector - [MetricsCollector] 8건 메트릭 InfluxDB 적재 완료
2026-05-27 16:03:07.962 [pool-1-thread-8] INFO  com.fbp.engine.node.impl.LogNode - [16:03:07.962][logger] {tick=1811, __inPort=in, check_timestamp=1779865387962, timestamp=1779865387962, status=UP}
2026-05-27 16:03:10.832 [pool-1-thread-8] INFO  com.fbp.engine.node.impl.LogNode - [16:03:10.832][logger] {tick=1812, __inPort=in, check_timestamp=1779865390832, timestamp=1779865390832, status=UP}
2026-05-27 16:03:12.962 [pool-1-thread-8] INFO  com.fbp.engine.node.impl.LogNode - [16:03:12.962][logger] {tick=1813, __inPort=in, check_timestamp=1779865392962, timestamp=1779865392962, status=UP}
2026-05-27 16:03:15.824 [pool-1-thread-8] INFO  com.fbp.engine.node.impl.LogNode - [16:03:15.824][logger] {tick=1814, __inPort=in, check_timestamp=1779865395824, timestamp=1779865395823, status=UP}
2026-05-27 16:03:16.824 [pool-3-thread-1] INFO  c.f.engine.metrics.MetricsCollector - [MetricsCollector] 8건 메트릭 InfluxDB 적재 완료
2026-05-27 16:03:17.961 [pool-1-thread-8] INFO  com.fbp.engine.node.impl.LogNode - [16:03:17.961][logger] {tick=1815, __inPort=in, check_timestamp=1779865397961, timestamp=1779865397961, status=UP}
2026-05-27 16:03:20.833 [pool-1-thread-8] INFO  com.fbp.engine.node.impl.LogNode - [16:03:20.832][logger] {tick=1816, __inPort=in, check_timestamp=1779865400832, timestamp=1779865400832, status=UP}
2026-05-27 16:03:22.963 [pool-1-thread-8] INFO  com.fbp.engine.node.impl.LogNode - [16:03:22.963][logger] {tick=1817, __inPort=in, check_timestamp=1779865402963, timestamp=1779865402963, status=UP}
2026-05-27 16:03:25.832 [pool-1-thread-8] INFO  com.fbp.engine.node.impl.LogNode - [16:03:25.832][logger] {tick=1818, __inPort=in, check_timestamp=1779865405832, timestamp=1779865405832, status=UP}
2026-05-27 16:03:26.815 [pool-3-thread-1] INFO  c.f.engine.metrics.MetricsCollector - [MetricsCollector] 8건 메트릭 InfluxDB 적재 완료
2026-05-27 16:03:27.969 [pool-1-thread-8] INFO  com.fbp.engine.node.impl.LogNode - [16:03:27.969][logger] {tick=1819, __inPort=in, check_timestamp=1779865407969, timestamp=1779865407969, status=UP}
2026-05-27 16:03:30.826 [pool-1-thread-8] INFO  com.fbp.engine.node.impl.LogNode - [16:03:30.826][logger] {tick=1820, __inPort=in, check_timestamp=1779865410826, timestamp=1779865410825, status=UP}
2026-05-27 16:03:32.961 [pool-1-thread-8] INFO  com.fbp.engine.node.impl.LogNode - [16:03:32.961][logger] {tick=1821, __inPort=in, check_timestamp=1779865412961, timestamp=1779865412960, status=UP}
2026-05-27 16:03:35.831 [pool-1-thread-8] INFO  com.fbp.engine.node.impl.LogNode - [16:03:35.831][logger] {tick=1822, __inPort=in, check_timestamp=1779865415831, timestamp=1779865415831, status=UP}
2026-05-27 16:03:36.817 [pool-3-thread-1] INFO  c.f.engine.metrics.MetricsCollector - [MetricsCollector] 8건 메트릭 InfluxDB 적재 완료
2026-05-27 16:03:37.967 [pool-1-thread-8] INFO  com.fbp.engine.node.impl.LogNode - [16:03:37.967][logger] {tick=1823, __inPort=in, check_timestamp=1779865417967, timestamp=1779865417967, status=UP}
2026-05-27 16:03:40.833 [pool-1-thread-8] INFO  com.fbp.engine.node.impl.LogNode - [16:03:40.833][logger] {tick=1824, __inPort=in, check_timestamp=1779865420833, timestamp=1779865420832, status=UP}
2026-05-27 16:03:42.961 [pool-1-thread-8] INFO  com.fbp.engine.node.impl.LogNode - [16:03:42.961][logger] {tick=1825, __inPort=in, check_timestamp=1779865422961, timestamp=1779865422960, status=UP}
2026-05-27 16:03:45.832 [pool-1-thread-8] INFO  com.fbp.engine.node.impl.LogNode - [16:03:45.832][logger] {tick=1826, __inPort=in, check_timestamp=1779865425832, timestamp=1779865425831, status=UP}
2026-05-27 16:03:46.824 [pool-3-thread-1] INFO  c.f.engine.metrics.MetricsCollector - [MetricsCollector] 8건 메트릭 InfluxDB 적재 완료
2026-05-27 16:03:47.966 [pool-1-thread-8] INFO  com.fbp.engine.node.impl.LogNode - [16:03:47.966][logger] {tick=1827, __inPort=in, check_timestamp=1779865427966, timestamp=1779865427966, status=UP}
2026-05-27 16:03:50.833 [pool-1-thread-8] INFO  com.fbp.engine.node.impl.LogNode - [16:03:50.833][logger] {tick=1828, __inPort=in, check_timestamp=1779865430833, timestamp=1779865430832, status=UP}
2026-05-27 16:03:52.969 [pool-1-thread-8] INFO  com.fbp.engine.node.impl.LogNode - [16:03:52.969][logger] {tick=1829, __inPort=in, check_timestamp=1779865432969, timestamp=1779865432969, status=UP}
2026-05-27 16:03:55.832 [pool-1-thread-8] INFO  com.fbp.engine.node.impl.LogNode - [16:03:55.832][logger] {tick=1830, __inPort=in, check_timestamp=1779865435832, timestamp=1779865435832, status=UP}
2026-05-27 16:03:56.819 [pool-3-thread-1] INFO  c.f.engine.metrics.MetricsCollector - [MetricsCollector] 8건 메트릭 InfluxDB 적재 완료
2026-05-27 16:03:57.961 [pool-1-thread-8] INFO  com.fbp.engine.node.impl.LogNode - [16:03:57.961][logger] {tick=1831, __inPort=in, check_timestamp=1779865437961, timestamp=1779865437961, status=UP}
2026-05-27 16:04:00.825 [pool-1-thread-8] INFO  com.fbp.engine.node.impl.LogNode - [16:04:00.825][logger] {tick=1832, __inPort=in, check_timestamp=1779865440824, timestamp=1779865440824, status=UP}
2026-05-27 16:04:02.959 [pool-1-thread-8] INFO  com.fbp.engine.node.impl.LogNode - [16:04:02.959][logger] {tick=1833, __inPort=in, check_timestamp=1779865442959, timestamp=1779865442959, status=UP}
2026-05-27 16:04:05.825 [pool-1-thread-8] INFO  com.fbp.engine.node.impl.LogNode - [16:04:05.825][logger] {tick=1834, __inPort=in, check_timestamp=1779865445824, timestamp=1779865445824, status=UP}
2026-05-27 16:04:06.815 [pool-3-thread-1] INFO  c.f.engine.metrics.MetricsCollector - [MetricsCollector] 8건 메트릭 InfluxDB 적재 완료
2026-05-27 16:04:07.968 [pool-1-thread-8] INFO  com.fbp.engine.node.impl.LogNode - [16:04:07.968][logger] {tick=1835, __inPort=in, check_timestamp=1779865447968, timestamp=1779865447967, status=UP}
2026-05-27 16:04:10.827 [pool-1-thread-8] INFO  com.fbp.engine.node.impl.LogNode - [16:04:10.827][logger] {tick=1836, __inPort=in, check_timestamp=1779865450827, timestamp=1779865450827, status=UP}
2026-05-27 16:04:12.969 [pool-1-thread-8] INFO  com.fbp.engine.node.impl.LogNode - [16:04:12.969][logger] {tick=1837, __inPort=in, check_timestamp=1779865452969, timestamp=1779865452969, status=UP}
2026-05-27 16:04:15.824 [pool-1-thread-8] INFO  com.fbp.engine.node.impl.LogNode - [16:04:15.824][logger] {tick=1838, __inPort=in, check_timestamp=1779865455824, timestamp=1779865455824, status=UP}
2026-05-27 16:04:16.827 [pool-3-thread-1] INFO  c.f.engine.metrics.MetricsCollector - [MetricsCollector] 8건 메트릭 InfluxDB 적재 완료
2026-05-27 16:04:17.966 [pool-1-thread-8] INFO  com.fbp.engine.node.impl.LogNode - [16:04:17.966][logger] {tick=1839, __inPort=in, check_timestamp=1779865457966, timestamp=1779865457966, status=UP}
2026-05-27 16:04:20.833 [pool-1-thread-8] INFO  com.fbp.engine.node.impl.LogNode - [16:04:20.833][logger] {tick=1840, __inPort=in, check_timestamp=1779865460833, timestamp=1779865460832, status=UP}
2026-05-27 16:04:22.969 [pool-1-thread-8] INFO  com.fbp.engine.node.impl.LogNode - [16:04:22.969][logger] {tick=1841, __inPort=in, check_timestamp=1779865462969, timestamp=1779865462969, status=UP}
2026-05-27 16:04:25.832 [pool-1-thread-8] INFO  com.fbp.engine.node.impl.LogNode - [16:04:25.832][logger] {tick=1842, __inPort=in, check_timestamp=1779865465832, timestamp=1779865465831, status=UP}
2026-05-27 16:04:26.825 [pool-3-thread-1] INFO  c.f.engine.metrics.MetricsCollector - [MetricsCollector] 8건 메트릭 InfluxDB 적재 완료
2026-05-27 16:04:27.968 [pool-1-thread-8] INFO  com.fbp.engine.node.impl.LogNode - [16:04:27.968][logger] {tick=1843, __inPort=in, check_timestamp=1779865467968, timestamp=1779865467968, status=UP}
2026-05-27 16:04:30.824 [pool-1-thread-8] INFO  com.fbp.engine.node.impl.LogNode - [16:04:30.824][logger] {tick=1844, __inPort=in, check_timestamp=1779865470824, timestamp=1779865470824, status=UP}
2026-05-27 16:04:32.960 [pool-1-thread-8] INFO  com.fbp.engine.node.impl.LogNode - [16:04:32.960][logger] {tick=1845, __inPort=in, check_timestamp=1779865472960, timestamp=1779865472960, status=UP}
2026-05-27 16:04:35.831 [pool-1-thread-8] INFO  com.fbp.engine.node.impl.LogNode - [16:04:35.831][logger] {tick=1846, __inPort=in, check_timestamp=1779865475831, timestamp=1779865475831, status=UP}
2026-05-27 16:04:36.822 [pool-3-thread-1] INFO  c.f.engine.metrics.MetricsCollector - [MetricsCollector] 8건 메트릭 InfluxDB 적재 완료
2026-05-27 16:04:37.960 [pool-1-thread-8] INFO  com.fbp.engine.node.impl.LogNode - [16:04:37.960][logger] {tick=1847, __inPort=in, check_timestamp=1779865477960, timestamp=1779865477960, status=UP}
2026-05-27 16:04:40.830 [pool-1-thread-8] INFO  com.fbp.engine.node.impl.LogNode - [16:04:40.830][logger] {tick=1848, __inPort=in, check_timestamp=1779865480830, timestamp=1779865480830, status=UP}
2026-05-27 16:04:42.970 [pool-1-thread-8] INFO  com.fbp.engine.node.impl.LogNode - [16:04:42.970][logger] {tick=1849, __inPort=in, check_timestamp=1779865482970, timestamp=1779865482969, status=UP}
2026-05-27 16:04:45.831 [pool-1-thread-8] INFO  com.fbp.engine.node.impl.LogNode - [16:04:45.831][logger] {tick=1850, __inPort=in, check_timestamp=1779865485831, timestamp=1779865485831, status=UP}
2026-05-27 16:04:46.816 [pool-3-thread-1] INFO  c.f.engine.metrics.MetricsCollector - [MetricsCollector] 8건 메트릭 InfluxDB 적재 완료
2026-05-27 16:04:47.963 [pool-1-thread-8] INFO  com.fbp.engine.node.impl.LogNode - [16:04:47.963][logger] {tick=1851, __inPort=in, check_timestamp=1779865487963, timestamp=1779865487963, status=UP}
2026-05-27 16:04:50.824 [pool-1-thread-8] INFO  com.fbp.engine.node.impl.LogNode - [16:04:50.824][logger] {tick=1852, __inPort=in, check_timestamp=1779865490824, timestamp=1779865490824, status=UP}
2026-05-27 16:04:52.966 [pool-1-thread-8] INFO  com.fbp.engine.node.impl.LogNode - [16:04:52.966][logger] {tick=1853, __inPort=in, check_timestamp=1779865492966, timestamp=1779865492966, status=UP}
2026-05-27 16:04:55.831 [pool-1-thread-8] INFO  com.fbp.engine.node.impl.LogNode - [16:04:55.831][logger] {tick=1854, __inPort=in, check_timestamp=1779865495831, timestamp=1779865495831, status=UP}
2026-05-27 16:04:56.815 [pool-3-thread-1] INFO  c.f.engine.metrics.MetricsCollector - [MetricsCollector] 8건 메트릭 InfluxDB 적재 완료
2026-05-27 16:04:57.960 [pool-1-thread-8] INFO  com.fbp.engine.node.impl.LogNode - [16:04:57.960][logger] {tick=1855, __inPort=in, check_timestamp=1779865497960, timestamp=1779865497960, status=UP}
2026-05-27 16:05:00.826 [pool-1-thread-8] INFO  com.fbp.engine.node.impl.LogNode - [16:05:00.826][logger] {tick=1856, __inPort=in, check_timestamp=1779865500826, timestamp=1779865500825, status=UP}
2026-05-27 16:05:02.961 [pool-1-thread-8] INFO  com.fbp.engine.node.impl.LogNode - [16:05:02.961][logger] {tick=1857, __inPort=in, check_timestamp=1779865502961, timestamp=1779865502961, status=UP}
2026-05-27 16:05:05.832 [pool-1-thread-8] INFO  com.fbp.engine.node.impl.LogNode - [16:05:05.832][logger] {tick=1858, __inPort=in, check_timestamp=1779865505832, timestamp=1779865505832, status=UP}
2026-05-27 16:05:06.818 [pool-3-thread-1] INFO  c.f.engine.metrics.MetricsCollector - [MetricsCollector] 8건 메트릭 InfluxDB 적재 완료
2026-05-27 16:05:07.960 [pool-1-thread-8] INFO  com.fbp.engine.node.impl.LogNode - [16:05:07.960][logger] {tick=1859, __inPort=in, check_timestamp=1779865507960, timestamp=1779865507960, status=UP}
2026-05-27 16:05:10.827 [pool-1-thread-8] INFO  com.fbp.engine.node.impl.LogNode - [16:05:10.827][logger] {tick=1860, __inPort=in, check_timestamp=1779865510827, timestamp=1779865510827, status=UP}
2026-05-27 16:05:12.967 [pool-1-thread-8] INFO  com.fbp.engine.node.impl.LogNode - [16:05:12.967][logger] {tick=1861, __inPort=in, check_timestamp=1779865512967, timestamp=1779865512967, status=UP}
2026-05-27 16:05:15.829 [pool-1-thread-8] INFO  com.fbp.engine.node.impl.LogNode - [16:05:15.829][logger] {tick=1862, __inPort=in, check_timestamp=1779865515829, timestamp=1779865515828, status=UP}
2026-05-27 16:05:16.819 [pool-3-thread-1] INFO  c.f.engine.metrics.MetricsCollector - [MetricsCollector] 8건 메트릭 InfluxDB 적재 완료
2026-05-27 16:05:17.970 [pool-1-thread-8] INFO  com.fbp.engine.node.impl.LogNode - [16:05:17.970][logger] {tick=1863, __inPort=in, check_timestamp=1779865517970, timestamp=1779865517969, status=UP}
2026-05-27 16:05:20.826 [pool-1-thread-8] INFO  com.fbp.engine.node.impl.LogNode - [16:05:20.826][logger] {tick=1864, __inPort=in, check_timestamp=1779865520826, timestamp=1779865520826, status=UP}
2026-05-27 16:05:22.970 [pool-1-thread-8] INFO  com.fbp.engine.node.impl.LogNode - [16:05:22.970][logger] {tick=1865, __inPort=in, check_timestamp=1779865522970, timestamp=1779865522969, status=UP}
2026-05-27 16:05:25.825 [pool-1-thread-8] INFO  com.fbp.engine.node.impl.LogNode - [16:05:25.825][logger] {tick=1866, __inPort=in, check_timestamp=1779865525825, timestamp=1779865525825, status=UP}
2026-05-27 16:05:26.826 [pool-3-thread-1] INFO  c.f.engine.metrics.MetricsCollector - [MetricsCollector] 8건 메트릭 InfluxDB 적재 완료
2026-05-27 16:05:27.963 [pool-1-thread-8] INFO  com.fbp.engine.node.impl.LogNode - [16:05:27.963][logger] {tick=1867, __inPort=in, check_timestamp=1779865527963, timestamp=1779865527963, status=UP}
2026-05-27 16:05:30.826 [pool-1-thread-8] INFO  com.fbp.engine.node.impl.LogNode - [16:05:30.826][logger] {tick=1868, __inPort=in, check_timestamp=1779865530826, timestamp=1779865530825, status=UP}
2026-05-27 16:05:32.969 [pool-1-thread-8] INFO  com.fbp.engine.node.impl.LogNode - [16:05:32.969][logger] {tick=1869, __inPort=in, check_timestamp=1779865532969, timestamp=1779865532969, status=UP}
2026-05-27 16:05:35.832 [pool-1-thread-8] INFO  com.fbp.engine.node.impl.LogNode - [16:05:35.832][logger] {tick=1870, __inPort=in, check_timestamp=1779865535832, timestamp=1779865535832, status=UP}
2026-05-27 16:05:36.815 [pool-3-thread-1] INFO  c.f.engine.metrics.MetricsCollector - [MetricsCollector] 8건 메트릭 InfluxDB 적재 완료
2026-05-27 16:05:37.969 [pool-1-thread-8] INFO  com.fbp.engine.node.impl.LogNode - [16:05:37.969][logger] {tick=1871, __inPort=in, check_timestamp=1779865537968, timestamp=1779865537968, status=UP}
2026-05-27 16:05:40.832 [pool-1-thread-8] INFO  com.fbp.engine.node.impl.LogNode - [16:05:40.832][logger] {tick=1872, __inPort=in, check_timestamp=1779865540832, timestamp=1779865540832, status=UP}
2026-05-27 16:05:42.962 [pool-1-thread-8] INFO  com.fbp.engine.node.impl.LogNode - [16:05:42.962][logger] {tick=1873, __inPort=in, check_timestamp=1779865542962, timestamp=1779865542962, status=UP}
2026-05-27 16:05:45.828 [pool-1-thread-8] INFO  com.fbp.engine.node.impl.LogNode - [16:05:45.828][logger] {tick=1874, __inPort=in, check_timestamp=1779865545828, timestamp=1779865545828, status=UP}
2026-05-27 16:05:46.817 [pool-3-thread-1] INFO  c.f.engine.metrics.MetricsCollector - [MetricsCollector] 8건 메트릭 InfluxDB 적재 완료
2026-05-27 16:05:47.964 [pool-1-thread-8] INFO  com.fbp.engine.node.impl.LogNode - [16:05:47.964][logger] {tick=1875, __inPort=in, check_timestamp=1779865547964, timestamp=1779865547964, status=UP}
2026-05-27 16:05:50.833 [pool-1-thread-8] INFO  com.fbp.engine.node.impl.LogNode - [16:05:50.832][logger] {tick=1876, __inPort=in, check_timestamp=1779865550832, timestamp=1779865550832, status=UP}
2026-05-27 16:05:52.968 [pool-1-thread-8] INFO  com.fbp.engine.node.impl.LogNode - [16:05:52.968][logger] {tick=1877, __inPort=in, check_timestamp=1779865552968, timestamp=1779865552968, status=UP}
2026-05-27 16:05:55.832 [pool-1-thread-8] INFO  com.fbp.engine.node.impl.LogNode - [16:05:55.832][logger] {tick=1878, __inPort=in, check_timestamp=1779865555832, timestamp=1779865555832, status=UP}
2026-05-27 16:05:56.822 [pool-3-thread-1] INFO  c.f.engine.metrics.MetricsCollector - [MetricsCollector] 8건 메트릭 InfluxDB 적재 완료
2026-05-27 16:05:57.962 [pool-1-thread-8] INFO  com.fbp.engine.node.impl.LogNode - [16:05:57.962][logger] {tick=1879, __inPort=in, check_timestamp=1779865557962, timestamp=1779865557962, status=UP}
2026-05-27 16:06:00.826 [pool-1-thread-8] INFO  com.fbp.engine.node.impl.LogNode - [16:06:00.826][logger] {tick=1880, __inPort=in, check_timestamp=1779865560825, timestamp=1779865560825, status=UP}
2026-05-27 16:06:02.965 [pool-1-thread-8] INFO  com.fbp.engine.node.impl.LogNode - [16:06:02.965][logger] {tick=1881, __inPort=in, check_timestamp=1779865562965, timestamp=1779865562965, status=UP}
2026-05-27 16:06:05.833 [pool-1-thread-8] INFO  com.fbp.engine.node.impl.LogNode - [16:06:05.833][logger] {tick=1882, __inPort=in, check_timestamp=1779865565833, timestamp=1779865565832, status=UP}
2026-05-27 16:06:06.816 [pool-3-thread-1] INFO  c.f.engine.metrics.MetricsCollector - [MetricsCollector] 8건 메트릭 InfluxDB 적재 완료
2026-05-27 16:06:07.960 [pool-1-thread-8] INFO  com.fbp.engine.node.impl.LogNode - [16:06:07.960][logger] {tick=1883, __inPort=in, check_timestamp=1779865567960, timestamp=1779865567960, status=UP}
2026-05-27 16:06:10.831 [pool-1-thread-8] INFO  com.fbp.engine.node.impl.LogNode - [16:06:10.831][logger] {tick=1884, __inPort=in, check_timestamp=1779865570831, timestamp=1779865570831, status=UP}
2026-05-27 16:06:12.963 [pool-1-thread-8] INFO  com.fbp.engine.node.impl.LogNode - [16:06:12.963][logger] {tick=1885, __inPort=in, check_timestamp=1779865572963, timestamp=1779865572963, status=UP}
2026-05-27 16:06:15.832 [pool-1-thread-8] INFO  com.fbp.engine.node.impl.LogNode - [16:06:15.831][logger] {tick=1886, __inPort=in, check_timestamp=1779865575831, timestamp=1779865575831, status=UP}
2026-05-27 16:06:16.816 [pool-3-thread-1] INFO  c.f.engine.metrics.MetricsCollector - [MetricsCollector] 8건 메트릭 InfluxDB 적재 완료
2026-05-27 16:06:17.970 [pool-1-thread-8] INFO  com.fbp.engine.node.impl.LogNode - [16:06:17.970][logger] {tick=1887, __inPort=in, check_timestamp=1779865577970, timestamp=1779865577970, status=UP}
2026-05-27 16:06:20.830 [pool-1-thread-8] INFO  com.fbp.engine.node.impl.LogNode - [16:06:20.830][logger] {tick=1888, __inPort=in, check_timestamp=1779865580830, timestamp=1779865580830, status=UP}
2026-05-27 16:06:22.962 [pool-1-thread-8] INFO  com.fbp.engine.node.impl.LogNode - [16:06:22.962][logger] {tick=1889, __inPort=in, check_timestamp=1779865582962, timestamp=1779865582962, status=UP}
2026-05-27 16:06:25.833 [pool-1-thread-8] INFO  com.fbp.engine.node.impl.LogNode - [16:06:25.833][logger] {tick=1890, __inPort=in, check_timestamp=1779865585832, timestamp=1779865585832, status=UP}
2026-05-27 16:06:26.823 [pool-3-thread-1] INFO  c.f.engine.metrics.MetricsCollector - [MetricsCollector] 8건 메트릭 InfluxDB 적재 완료
2026-05-27 16:06:27.970 [pool-1-thread-8] INFO  com.fbp.engine.node.impl.LogNode - [16:06:27.970][logger] {tick=1891, __inPort=in, check_timestamp=1779865587970, timestamp=1779865587970, status=UP}
2026-05-27 16:06:30.832 [pool-1-thread-8] INFO  com.fbp.engine.node.impl.LogNode - [16:06:30.832][logger] {tick=1892, __inPort=in, check_timestamp=1779865590832, timestamp=1779865590832, status=UP}
2026-05-27 16:06:32.965 [pool-1-thread-8] INFO  com.fbp.engine.node.impl.LogNode - [16:06:32.965][logger] {tick=1893, __inPort=in, check_timestamp=1779865592965, timestamp=1779865592965, status=UP}
2026-05-27 16:06:35.829 [pool-1-thread-8] INFO  com.fbp.engine.node.impl.LogNode - [16:06:35.829][logger] {tick=1894, __inPort=in, check_timestamp=1779865595829, timestamp=1779865595829, status=UP}
2026-05-27 16:06:36.821 [pool-3-thread-1] INFO  c.f.engine.metrics.MetricsCollector - [MetricsCollector] 8건 메트릭 InfluxDB 적재 완료
2026-05-27 16:06:37.965 [pool-1-thread-8] INFO  com.fbp.engine.node.impl.LogNode - [16:06:37.965][logger] {tick=1895, __inPort=in, check_timestamp=1779865597965, timestamp=1779865597965, status=UP}
2026-05-27 16:06:40.833 [pool-1-thread-8] INFO  com.fbp.engine.node.impl.LogNode - [16:06:40.833][logger] {tick=1896, __inPort=in, check_timestamp=1779865600833, timestamp=1779865600833, status=UP}
2026-05-27 16:06:42.970 [pool-1-thread-8] INFO  com.fbp.engine.node.impl.LogNode - [16:06:42.970][logger] {tick=1897, __inPort=in, check_timestamp=1779865602970, timestamp=1779865602970, status=UP}
2026-05-27 16:06:45.833 [pool-1-thread-8] INFO  com.fbp.engine.node.impl.LogNode - [16:06:45.833][logger] {tick=1898, __inPort=in, check_timestamp=1779865605833, timestamp=1779865605832, status=UP}
2026-05-27 16:06:46.816 [pool-3-thread-1] INFO  c.f.engine.metrics.MetricsCollector - [MetricsCollector] 8건 메트릭 InfluxDB 적재 완료
2026-05-27 16:06:47.960 [pool-1-thread-8] INFO  com.fbp.engine.node.impl.LogNode - [16:06:47.960][logger] {tick=1899, __inPort=in, check_timestamp=1779865607960, timestamp=1779865607960, status=UP}
2026-05-27 16:06:50.833 [pool-1-thread-8] INFO  com.fbp.engine.node.impl.LogNode - [16:06:50.833][logger] {tick=1900, __inPort=in, check_timestamp=1779865610833, timestamp=1779865610833, status=UP}
2026-05-27 16:06:52.970 [pool-1-thread-8] INFO  com.fbp.engine.node.impl.LogNode - [16:06:52.970][logger] {tick=1901, __inPort=in, check_timestamp=1779865612970, timestamp=1779865612970, status=UP}
2026-05-27 16:06:55.823 [pool-1-thread-8] INFO  com.fbp.engine.node.impl.LogNode - [16:06:55.823][logger] {tick=1902, __inPort=in, check_timestamp=1779865615823, timestamp=1779865615823, status=UP}
2026-05-27 16:06:56.817 [pool-3-thread-1] INFO  c.f.engine.metrics.MetricsCollector - [MetricsCollector] 8건 메트릭 InfluxDB 적재 완료
2026-05-27 16:06:57.964 [pool-1-thread-8] INFO  com.fbp.engine.node.impl.LogNode - [16:06:57.964][logger] {tick=1903, __inPort=in, check_timestamp=1779865617964, timestamp=1779865617964, status=UP}
2026-05-27 16:07:00.829 [pool-1-thread-8] INFO  com.fbp.engine.node.impl.LogNode - [16:07:00.829][logger] {tick=1904, __inPort=in, check_timestamp=1779865620829, timestamp=1779865620829, status=UP}
2026-05-27 16:07:02.970 [pool-1-thread-8] INFO  com.fbp.engine.node.impl.LogNode - [16:07:02.970][logger] {tick=1905, __inPort=in, check_timestamp=1779865622970, timestamp=1779865622970, status=UP}
2026-05-27 16:07:05.833 [pool-1-thread-8] INFO  com.fbp.engine.node.impl.LogNode - [16:07:05.833][logger] {tick=1906, __inPort=in, check_timestamp=1779865625833, timestamp=1779865625833, status=UP}
2026-05-27 16:07:06.816 [pool-3-thread-1] INFO  c.f.engine.metrics.MetricsCollector - [MetricsCollector] 8건 메트릭 InfluxDB 적재 완료
2026-05-27 16:07:07.969 [pool-1-thread-8] INFO  com.fbp.engine.node.impl.LogNode - [16:07:07.969][logger] {tick=1907, __inPort=in, check_timestamp=1779865627969, timestamp=1779865627969, status=UP}
2026-05-27 16:07:10.827 [pool-1-thread-8] INFO  com.fbp.engine.node.impl.LogNode - [16:07:10.827][logger] {tick=1908, __inPort=in, check_timestamp=1779865630827, timestamp=1779865630827, status=UP}
2026-05-27 16:07:12.967 [pool-1-thread-8] INFO  com.fbp.engine.node.impl.LogNode - [16:07:12.967][logger] {tick=1909, __inPort=in, check_timestamp=1779865632967, timestamp=1779865632967, status=UP}
2026-05-27 16:07:15.833 [pool-1-thread-8] INFO  com.fbp.engine.node.impl.LogNode - [16:07:15.833][logger] {tick=1910, __inPort=in, check_timestamp=1779865635833, timestamp=1779865635833, status=UP}
2026-05-27 16:07:16.817 [pool-3-thread-1] INFO  c.f.engine.metrics.MetricsCollector - [MetricsCollector] 8건 메트릭 InfluxDB 적재 완료
2026-05-27 16:07:17.968 [pool-1-thread-8] INFO  com.fbp.engine.node.impl.LogNode - [16:07:17.968][logger] {tick=1911, __inPort=in, check_timestamp=1779865637968, timestamp=1779865637968, status=UP}
2026-05-27 16:07:20.833 [pool-1-thread-8] INFO  com.fbp.engine.node.impl.LogNode - [16:07:20.833][logger] {tick=1912, __inPort=in, check_timestamp=1779865640833, timestamp=1779865640833, status=UP}
2026-05-27 16:07:22.970 [pool-1-thread-8] INFO  com.fbp.engine.node.impl.LogNode - [16:07:22.970][logger] {tick=1913, __inPort=in, check_timestamp=1779865642970, timestamp=1779865642970, status=UP}
2026-05-27 16:07:25.833 [pool-1-thread-8] INFO  com.fbp.engine.node.impl.LogNode - [16:07:25.833][logger] {tick=1914, __inPort=in, check_timestamp=1779865645833, timestamp=1779865645833, status=UP}
2026-05-27 16:07:26.815 [pool-3-thread-1] INFO  c.f.engine.metrics.MetricsCollector - [MetricsCollector] 8건 메트릭 InfluxDB 적재 완료
2026-05-27 16:07:27.961 [pool-1-thread-8] INFO  com.fbp.engine.node.impl.LogNode - [16:07:27.961][logger] {tick=1915, __inPort=in, check_timestamp=1779865647961, timestamp=1779865647961, status=UP}
2026-05-27 16:07:30.831 [pool-1-thread-8] INFO  com.fbp.engine.node.impl.LogNode - [16:07:30.831][logger] {tick=1916, __inPort=in, check_timestamp=1779865650831, timestamp=1779865650831, status=UP}
2026-05-27 16:07:32.963 [pool-1-thread-8] INFO  com.fbp.engine.node.impl.LogNode - [16:07:32.963][logger] {tick=1917, __inPort=in, check_timestamp=1779865652963, timestamp=1779865652963, status=UP}
2026-05-27 16:07:35.834 [pool-1-thread-8] INFO  com.fbp.engine.node.impl.LogNode - [16:07:35.833][logger] {tick=1918, __inPort=in, check_timestamp=1779865655833, timestamp=1779865655833, status=UP}
2026-05-27 16:07:36.820 [pool-3-thread-1] INFO  c.f.engine.metrics.MetricsCollector - [MetricsCollector] 8건 메트릭 InfluxDB 적재 완료
2026-05-27 16:07:37.966 [pool-1-thread-8] INFO  com.fbp.engine.node.impl.LogNode - [16:07:37.965][logger] {tick=1919, __inPort=in, check_timestamp=1779865657965, timestamp=1779865657965, status=UP}
2026-05-27 16:07:40.824 [pool-1-thread-8] INFO  com.fbp.engine.node.impl.LogNode - [16:07:40.824][logger] {tick=1920, __inPort=in, check_timestamp=1779865660824, timestamp=1779865660824, status=UP}
2026-05-27 16:07:42.968 [pool-1-thread-8] INFO  com.fbp.engine.node.impl.LogNode - [16:07:42.968][logger] {tick=1921, __inPort=in, check_timestamp=1779865662968, timestamp=1779865662968, status=UP}
2026-05-27 16:07:45.832 [pool-1-thread-8] INFO  com.fbp.engine.node.impl.LogNode - [16:07:45.831][logger] {tick=1922, __inPort=in, check_timestamp=1779865665831, timestamp=1779865665831, status=UP}
2026-05-27 16:07:46.822 [pool-3-thread-1] INFO  c.f.engine.metrics.MetricsCollector - [MetricsCollector] 8건 메트릭 InfluxDB 적재 완료
2026-05-27 16:07:47.968 [pool-1-thread-8] INFO  com.fbp.engine.node.impl.LogNode - [16:07:47.968][logger] {tick=1923, __inPort=in, check_timestamp=1779865667968, timestamp=1779865667968, status=UP}
2026-05-27 16:07:50.830 [pool-1-thread-8] INFO  com.fbp.engine.node.impl.LogNode - [16:07:50.830][logger] {tick=1924, __inPort=in, check_timestamp=1779865670830, timestamp=1779865670829, status=UP}
2026-05-27 16:07:52.969 [pool-1-thread-8] INFO  com.fbp.engine.node.impl.LogNode - [16:07:52.969][logger] {tick=1925, __inPort=in, check_timestamp=1779865672969, timestamp=1779865672969, status=UP}
2026-05-27 16:07:55.824 [pool-1-thread-8] INFO  com.fbp.engine.node.impl.LogNode - [16:07:55.824][logger] {tick=1926, __inPort=in, check_timestamp=1779865675824, timestamp=1779865675824, status=UP}
2026-05-27 16:07:56.824 [pool-3-thread-1] INFO  c.f.engine.metrics.MetricsCollector - [MetricsCollector] 8건 메트릭 InfluxDB 적재 완료
2026-05-27 16:07:57.963 [pool-1-thread-8] INFO  com.fbp.engine.node.impl.LogNode - [16:07:57.963][logger] {tick=1927, __inPort=in, check_timestamp=1779865677962, timestamp=1779865677962, status=UP}
2026-05-27 16:08:00.829 [pool-1-thread-8] INFO  com.fbp.engine.node.impl.LogNode - [16:08:00.829][logger] {tick=1928, __inPort=in, check_timestamp=1779865680829, timestamp=1779865680829, status=UP}
2026-05-27 16:08:02.962 [pool-1-thread-8] INFO  com.fbp.engine.node.impl.LogNode - [16:08:02.962][logger] {tick=1929, __inPort=in, check_timestamp=1779865682962, timestamp=1779865682962, status=UP}
2026-05-27 16:08:05.832 [pool-1-thread-8] INFO  com.fbp.engine.node.impl.LogNode - [16:08:05.831][logger] {tick=1930, __inPort=in, check_timestamp=1779865685831, timestamp=1779865685831, status=UP}
2026-05-27 16:08:06.816 [pool-3-thread-1] INFO  c.f.engine.metrics.MetricsCollector - [MetricsCollector] 8건 메트릭 InfluxDB 적재 완료
2026-05-27 16:08:07.963 [pool-1-thread-8] INFO  com.fbp.engine.node.impl.LogNode - [16:08:07.963][logger] {tick=1931, __inPort=in, check_timestamp=1779865687963, timestamp=1779865687963, status=UP}
2026-05-27 16:08:10.833 [pool-1-thread-8] INFO  com.fbp.engine.node.impl.LogNode - [16:08:10.832][logger] {tick=1932, __inPort=in, check_timestamp=1779865690832, timestamp=1779865690832, status=UP}
2026-05-27 16:08:12.960 [pool-1-thread-8] INFO  com.fbp.engine.node.impl.LogNode - [16:08:12.960][logger] {tick=1933, __inPort=in, check_timestamp=1779865692960, timestamp=1779865692960, status=UP}
2026-05-27 16:08:15.830 [pool-1-thread-8] INFO  com.fbp.engine.node.impl.LogNode - [16:08:15.830][logger] {tick=1934, __inPort=in, check_timestamp=1779865695830, timestamp=1779865695829, status=UP}
2026-05-27 16:08:16.824 [pool-3-thread-1] INFO  c.f.engine.metrics.MetricsCollector - [MetricsCollector] 8건 메트릭 InfluxDB 적재 완료
2026-05-27 16:08:17.970 [pool-1-thread-8] INFO  com.fbp.engine.node.impl.LogNode - [16:08:17.970][logger] {tick=1935, __inPort=in, check_timestamp=1779865697970, timestamp=1779865697970, status=UP}
2026-05-27 16:08:20.830 [pool-1-thread-8] INFO  com.fbp.engine.node.impl.LogNode - [16:08:20.830][logger] {tick=1936, __inPort=in, check_timestamp=1779865700830, timestamp=1779865700830, status=UP}
2026-05-27 16:08:22.970 [pool-1-thread-8] INFO  com.fbp.engine.node.impl.LogNode - [16:08:22.970][logger] {tick=1937, __inPort=in, check_timestamp=1779865702970, timestamp=1779865702969, status=UP}
2026-05-27 16:08:25.830 [pool-1-thread-8] INFO  com.fbp.engine.node.impl.LogNode - [16:08:25.830][logger] {tick=1938, __inPort=in, check_timestamp=1779865705830, timestamp=1779865705830, status=UP}
2026-05-27 16:08:26.817 [pool-3-thread-1] INFO  c.f.engine.metrics.MetricsCollector - [MetricsCollector] 8건 메트릭 InfluxDB 적재 완료
2026-05-27 16:08:27.967 [pool-1-thread-8] INFO  com.fbp.engine.node.impl.LogNode - [16:08:27.967][logger] {tick=1939, __inPort=in, check_timestamp=1779865707967, timestamp=1779865707967, status=UP}
2026-05-27 16:08:30.832 [pool-1-thread-8] INFO  com.fbp.engine.node.impl.LogNode - [16:08:30.832][logger] {tick=1940, __inPort=in, check_timestamp=1779865710832, timestamp=1779865710831, status=UP}
2026-05-27 16:08:32.967 [pool-1-thread-8] INFO  com.fbp.engine.node.impl.LogNode - [16:08:32.967][logger] {tick=1941, __inPort=in, check_timestamp=1779865712967, timestamp=1779865712967, status=UP}
2026-05-27 16:08:35.832 [pool-1-thread-8] INFO  com.fbp.engine.node.impl.LogNode - [16:08:35.832][logger] {tick=1942, __inPort=in, check_timestamp=1779865715832, timestamp=1779865715832, status=UP}
2026-05-27 16:08:36.824 [pool-3-thread-1] INFO  c.f.engine.metrics.MetricsCollector - [MetricsCollector] 8건 메트릭 InfluxDB 적재 완료
2026-05-27 16:08:37.965 [pool-1-thread-8] INFO  com.fbp.engine.node.impl.LogNode - [16:08:37.965][logger] {tick=1943, __inPort=in, check_timestamp=1779865717965, timestamp=1779865717965, status=UP}
2026-05-27 16:08:40.833 [pool-1-thread-8] INFO  com.fbp.engine.node.impl.LogNode - [16:08:40.833][logger] {tick=1944, __inPort=in, check_timestamp=1779865720833, timestamp=1779865720833, status=UP}
2026-05-27 16:08:42.970 [pool-1-thread-8] INFO  com.fbp.engine.node.impl.LogNode - [16:08:42.970][logger] {tick=1945, __inPort=in, check_timestamp=1779865722970, timestamp=1779865722970, status=UP}
2026-05-27 16:08:45.830 [pool-1-thread-8] INFO  com.fbp.engine.node.impl.LogNode - [16:08:45.830][logger] {tick=1946, __inPort=in, check_timestamp=1779865725830, timestamp=1779865725830, status=UP}
2026-05-27 16:08:46.818 [pool-3-thread-1] INFO  c.f.engine.metrics.MetricsCollector - [MetricsCollector] 8건 메트릭 InfluxDB 적재 완료
2026-05-27 16:08:47.961 [pool-1-thread-8] INFO  com.fbp.engine.node.impl.LogNode - [16:08:47.961][logger] {tick=1947, __inPort=in, check_timestamp=1779865727961, timestamp=1779865727961, status=UP}
2026-05-27 16:08:50.831 [pool-1-thread-8] INFO  com.fbp.engine.node.impl.LogNode - [16:08:50.831][logger] {tick=1948, __inPort=in, check_timestamp=1779865730831, timestamp=1779865730831, status=UP}
2026-05-27 16:08:52.965 [pool-1-thread-8] INFO  com.fbp.engine.node.impl.LogNode - [16:08:52.965][logger] {tick=1949, __inPort=in, check_timestamp=1779865732965, timestamp=1779865732964, status=UP}
2026-05-27 16:08:55.833 [pool-1-thread-8] INFO  com.fbp.engine.node.impl.LogNode - [16:08:55.833][logger] {tick=1950, __inPort=in, check_timestamp=1779865735833, timestamp=1779865735833, status=UP}
2026-05-27 16:08:56.824 [pool-3-thread-1] INFO  c.f.engine.metrics.MetricsCollector - [MetricsCollector] 8건 메트릭 InfluxDB 적재 완료
2026-05-27 16:08:57.966 [pool-1-thread-8] INFO  com.fbp.engine.node.impl.LogNode - [16:08:57.966][logger] {tick=1951, __inPort=in, check_timestamp=1779865737966, timestamp=1779865737966, status=UP}
2026-05-27 16:09:00.829 [pool-1-thread-8] INFO  com.fbp.engine.node.impl.LogNode - [16:09:00.829][logger] {tick=1952, __inPort=in, check_timestamp=1779865740829, timestamp=1779865740829, status=UP}
2026-05-27 16:09:02.971 [pool-1-thread-8] INFO  com.fbp.engine.node.impl.LogNode - [16:09:02.970][logger] {tick=1953, __inPort=in, check_timestamp=1779865742970, timestamp=1779865742970, status=UP}
2026-05-27 16:09:05.834 [pool-1-thread-8] INFO  com.fbp.engine.node.impl.LogNode - [16:09:05.834][logger] {tick=1954, __inPort=in, check_timestamp=1779865745834, timestamp=1779865745833, status=UP}
2026-05-27 16:09:06.820 [pool-3-thread-1] INFO  c.f.engine.metrics.MetricsCollector - [MetricsCollector] 8건 메트릭 InfluxDB 적재 완료
2026-05-27 16:09:07.963 [pool-1-thread-8] INFO  com.fbp.engine.node.impl.LogNode - [16:09:07.963][logger] {tick=1955, __inPort=in, check_timestamp=1779865747963, timestamp=1779865747963, status=UP}
2026-05-27 16:09:10.831 [pool-1-thread-8] INFO  com.fbp.engine.node.impl.LogNode - [16:09:10.831][logger] {tick=1956, __inPort=in, check_timestamp=1779865750831, timestamp=1779865750831, status=UP}
2026-05-27 16:09:12.970 [pool-1-thread-8] INFO  com.fbp.engine.node.impl.LogNode - [16:09:12.970][logger] {tick=1957, __inPort=in, check_timestamp=1779865752970, timestamp=1779865752970, status=UP}
2026-05-27 16:09:15.833 [pool-1-thread-8] INFO  com.fbp.engine.node.impl.LogNode - [16:09:15.833][logger] {tick=1958, __inPort=in, check_timestamp=1779865755833, timestamp=1779865755833, status=UP}
2026-05-27 16:09:16.825 [pool-3-thread-1] INFO  c.f.engine.metrics.MetricsCollector - [MetricsCollector] 8건 메트릭 InfluxDB 적재 완료
2026-05-27 16:09:17.964 [pool-1-thread-8] INFO  com.fbp.engine.node.impl.LogNode - [16:09:17.964][logger] {tick=1959, __inPort=in, check_timestamp=1779865757964, timestamp=1779865757964, status=UP}
2026-05-27 16:09:20.831 [pool-1-thread-8] INFO  com.fbp.engine.node.impl.LogNode - [16:09:20.831][logger] {tick=1960, __inPort=in, check_timestamp=1779865760831, timestamp=1779865760831, status=UP}
2026-05-27 16:09:22.966 [pool-1-thread-8] INFO  com.fbp.engine.node.impl.LogNode - [16:09:22.966][logger] {tick=1961, __inPort=in, check_timestamp=1779865762966, timestamp=1779865762966, status=UP}
2026-05-27 16:09:25.833 [pool-1-thread-8] INFO  com.fbp.engine.node.impl.LogNode - [16:09:25.833][logger] {tick=1962, __inPort=in, check_timestamp=1779865765833, timestamp=1779865765833, status=UP}
2026-05-27 16:09:26.826 [pool-3-thread-1] INFO  c.f.engine.metrics.MetricsCollector - [MetricsCollector] 8건 메트릭 InfluxDB 적재 완료
2026-05-27 16:09:27.964 [pool-1-thread-8] INFO  com.fbp.engine.node.impl.LogNode - [16:09:27.964][logger] {tick=1963, __inPort=in, check_timestamp=1779865767964, timestamp=1779865767964, status=UP}
2026-05-27 16:09:30.832 [pool-1-thread-8] INFO  com.fbp.engine.node.impl.LogNode - [16:09:30.832][logger] {tick=1964, __inPort=in, check_timestamp=1779865770832, timestamp=1779865770832, status=UP}
2026-05-27 16:09:32.965 [pool-1-thread-8] INFO  com.fbp.engine.node.impl.LogNode - [16:09:32.965][logger] {tick=1965, __inPort=in, check_timestamp=1779865772965, timestamp=1779865772965, status=UP}
2026-05-27 16:09:35.833 [pool-1-thread-8] INFO  com.fbp.engine.node.impl.LogNode - [16:09:35.833][logger] {tick=1966, __inPort=in, check_timestamp=1779865775833, timestamp=1779865775833, status=UP}
2026-05-27 16:09:36.823 [pool-3-thread-1] INFO  c.f.engine.metrics.MetricsCollector - [MetricsCollector] 8건 메트릭 InfluxDB 적재 완료
2026-05-27 16:09:37.962 [pool-1-thread-8] INFO  com.fbp.engine.node.impl.LogNode - [16:09:37.962][logger] {tick=1967, __inPort=in, check_timestamp=1779865777962, timestamp=1779865777962, status=UP}
2026-05-27 16:09:40.833 [pool-1-thread-8] INFO  com.fbp.engine.node.impl.LogNode - [16:09:40.833][logger] {tick=1968, __inPort=in, check_timestamp=1779865780833, timestamp=1779865780832, status=UP}
2026-05-27 16:09:42.969 [pool-1-thread-8] INFO  com.fbp.engine.node.impl.LogNode - [16:09:42.969][logger] {tick=1969, __inPort=in, check_timestamp=1779865782969, timestamp=1779865782969, status=UP}
2026-05-27 16:09:45.836 [pool-1-thread-8] INFO  com.fbp.engine.node.impl.LogNode - [16:09:45.836][logger] {tick=1970, __inPort=in, check_timestamp=1779865785836, timestamp=1779865785836, status=UP}
2026-05-27 16:09:46.823 [pool-3-thread-1] INFO  c.f.engine.metrics.MetricsCollector - [MetricsCollector] 8건 메트릭 InfluxDB 적재 완료
2026-05-27 16:09:47.970 [pool-1-thread-8] INFO  com.fbp.engine.node.impl.LogNode - [16:09:47.970][logger] {tick=1971, __inPort=in, check_timestamp=1779865787970, timestamp=1779865787969, status=UP}
2026-05-27 16:09:50.846 [pool-1-thread-8] INFO  com.fbp.engine.node.impl.LogNode - [16:09:50.846][logger] {tick=1972, __inPort=in, check_timestamp=1779865790846, timestamp=1779865790846, status=UP}
2026-05-27 16:09:52.984 [pool-1-thread-8] INFO  com.fbp.engine.node.impl.LogNode - [16:09:52.984][logger] {tick=1973, __inPort=in, check_timestamp=1779865792984, timestamp=1779865792984, status=UP}
2026-05-27 16:09:55.856 [pool-1-thread-8] INFO  com.fbp.engine.node.impl.LogNode - [16:09:55.856][logger] {tick=1974, __inPort=in, check_timestamp=1779865795856, timestamp=1779865795856, status=UP}
2026-05-27 16:09:56.851 [pool-3-thread-1] INFO  c.f.engine.metrics.MetricsCollector - [MetricsCollector] 8건 메트릭 InfluxDB 적재 완료
2026-05-27 16:09:57.994 [pool-1-thread-8] INFO  com.fbp.engine.node.impl.LogNode - [16:09:57.994][logger] {tick=1975, __inPort=in, check_timestamp=1779865797994, timestamp=1779865797994, status=UP}
2026-05-27 16:10:00.863 [pool-1-thread-8] INFO  com.fbp.engine.node.impl.LogNode - [16:10:00.863][logger] {tick=1976, __inPort=in, check_timestamp=1779865800863, timestamp=1779865800863, status=UP}
2026-05-27 16:10:02.998 [pool-1-thread-8] INFO  com.fbp.engine.node.impl.LogNode - [16:10:02.998][logger] {tick=1977, __inPort=in, check_timestamp=1779865802998, timestamp=1779865802998, status=UP}
2026-05-27 16:10:05.866 [pool-1-thread-8] INFO  com.fbp.engine.node.impl.LogNode - [16:10:05.866][logger] {tick=1978, __inPort=in, check_timestamp=1779865805866, timestamp=1779865805866, status=UP}
2026-05-27 16:10:06.861 [pool-3-thread-1] INFO  c.f.engine.metrics.MetricsCollector - [MetricsCollector] 8건 메트릭 InfluxDB 적재 완료
2026-05-27 16:10:08.009 [pool-1-thread-8] INFO  com.fbp.engine.node.impl.LogNode - [16:10:08.008][logger] {tick=1979, __inPort=in, check_timestamp=1779865808008, timestamp=1779865808008, status=UP}
2026-05-27 16:10:10.872 [pool-1-thread-8] INFO  com.fbp.engine.node.impl.LogNode - [16:10:10.872][logger] {tick=1980, __inPort=in, check_timestamp=1779865810872, timestamp=1779865810872, status=UP}
2026-05-27 16:10:13.006 [pool-1-thread-8] INFO  com.fbp.engine.node.impl.LogNode - [16:10:13.006][logger] {tick=1981, __inPort=in, check_timestamp=1779865813006, timestamp=1779865813006, status=UP}
2026-05-27 16:10:15.876 [pool-1-thread-8] INFO  com.fbp.engine.node.impl.LogNode - [16:10:15.876][logger] {tick=1982, __inPort=in, check_timestamp=1779865815876, timestamp=1779865815876, status=UP}
2026-05-27 16:10:16.859 [pool-3-thread-1] INFO  c.f.engine.metrics.MetricsCollector - [MetricsCollector] 8건 메트릭 InfluxDB 적재 완료
2026-05-27 16:10:18.011 [pool-1-thread-8] INFO  com.fbp.engine.node.impl.LogNode - [16:10:18.011][logger] {tick=1983, __inPort=in, check_timestamp=1779865818011, timestamp=1779865818011, status=UP}
2026-05-27 16:10:20.870 [pool-1-thread-8] INFO  com.fbp.engine.node.impl.LogNode - [16:10:20.870][logger] {tick=1984, __inPort=in, check_timestamp=1779865820870, timestamp=1779865820870, status=UP}
2026-05-27 16:10:23.013 [pool-1-thread-8] INFO  com.fbp.engine.node.impl.LogNode - [16:10:23.013][logger] {tick=1985, __inPort=in, check_timestamp=1779865823013, timestamp=1779865823013, status=UP}
2026-05-27 16:10:25.870 [pool-1-thread-8] INFO  com.fbp.engine.node.impl.LogNode - [16:10:25.870][logger] {tick=1986, __inPort=in, check_timestamp=1779865825870, timestamp=1779865825870, status=UP}
2026-05-27 16:10:26.867 [pool-3-thread-1] INFO  c.f.engine.metrics.MetricsCollector - [MetricsCollector] 8건 메트릭 InfluxDB 적재 완료
2026-05-27 16:10:28.013 [pool-1-thread-8] INFO  com.fbp.engine.node.impl.LogNode - [16:10:28.013][logger] {tick=1987, __inPort=in, check_timestamp=1779865828013, timestamp=1779865828013, status=UP}
2026-05-27 16:10:30.879 [pool-1-thread-8] INFO  com.fbp.engine.node.impl.LogNode - [16:10:30.879][logger] {tick=1988, __inPort=in, check_timestamp=1779865830879, timestamp=1779865830878, status=UP}
2026-05-27 16:10:33.013 [pool-1-thread-8] INFO  com.fbp.engine.node.impl.LogNode - [16:10:33.013][logger] {tick=1989, __inPort=in, check_timestamp=1779865833013, timestamp=1779865833013, status=UP}
2026-05-27 16:10:35.873 [pool-1-thread-8] INFO  com.fbp.engine.node.impl.LogNode - [16:10:35.873][logger] {tick=1990, __inPort=in, check_timestamp=1779865835873, timestamp=1779865835873, status=UP}
2026-05-27 16:10:36.864 [pool-3-thread-1] INFO  c.f.engine.metrics.MetricsCollector - [MetricsCollector] 8건 메트릭 InfluxDB 적재 완료
2026-05-27 16:10:38.015 [pool-1-thread-8] INFO  com.fbp.engine.node.impl.LogNode - [16:10:38.015][logger] {tick=1991, __inPort=in, check_timestamp=1779865838015, timestamp=1779865838015, status=UP}
2026-05-27 16:10:40.873 [pool-1-thread-8] INFO  com.fbp.engine.node.impl.LogNode - [16:10:40.873][logger] {tick=1992, __inPort=in, check_timestamp=1779865840873, timestamp=1779865840873, status=UP}
2026-05-27 16:10:43.019 [pool-1-thread-8] INFO  com.fbp.engine.node.impl.LogNode - [16:10:43.019][logger] {tick=1993, __inPort=in, check_timestamp=1779865843019, timestamp=1779865843019, status=UP}
2026-05-27 16:10:45.883 [pool-1-thread-8] INFO  com.fbp.engine.node.impl.LogNode - [16:10:45.883][logger] {tick=1994, __inPort=in, check_timestamp=1779865845882, timestamp=1779865845882, status=UP}
2026-05-27 16:10:46.874 [pool-3-thread-1] INFO  c.f.engine.metrics.MetricsCollector - [MetricsCollector] 8건 메트릭 InfluxDB 적재 완료
2026-05-27 16:10:48.017 [pool-1-thread-8] INFO  com.fbp.engine.node.impl.LogNode - [16:10:48.017][logger] {tick=1995, __inPort=in, check_timestamp=1779865848017, timestamp=1779865848017, status=UP}
2026-05-27 16:10:50.883 [pool-1-thread-8] INFO  com.fbp.engine.node.impl.LogNode - [16:10:50.883][logger] {tick=1996, __inPort=in, check_timestamp=1779865850883, timestamp=1779865850883, status=UP}
2026-05-27 16:10:53.010 [pool-1-thread-8] INFO  com.fbp.engine.node.impl.LogNode - [16:10:53.010][logger] {tick=1997, __inPort=in, check_timestamp=1779865853010, timestamp=1779865853010, status=UP}
2026-05-27 16:10:55.881 [pool-1-thread-8] INFO  com.fbp.engine.node.impl.LogNode - [16:10:55.881][logger] {tick=1998, __inPort=in, check_timestamp=1779865855881, timestamp=1779865855881, status=UP}
2026-05-27 16:10:56.870 [pool-3-thread-1] INFO  c.f.engine.metrics.MetricsCollector - [MetricsCollector] 8건 메트릭 InfluxDB 적재 완료
2026-05-27 16:10:58.020 [pool-1-thread-8] INFO  com.fbp.engine.node.impl.LogNode - [16:10:58.020][logger] {tick=1999, __inPort=in, check_timestamp=1779865858020, timestamp=1779865858020, status=UP}
2026-05-27 16:11:00.875 [pool-1-thread-8] INFO  com.fbp.engine.node.impl.LogNode - [16:11:00.875][logger] {tick=2000, __inPort=in, check_timestamp=1779865860875, timestamp=1779865860874, status=UP}
2026-05-27 16:11:03.019 [pool-1-thread-8] INFO  com.fbp.engine.node.impl.LogNode - [16:11:03.019][logger] {tick=2001, __inPort=in, check_timestamp=1779865863019, timestamp=1779865863019, status=UP}
2026-05-27 16:11:05.882 [pool-1-thread-8] INFO  com.fbp.engine.node.impl.LogNode - [16:11:05.882][logger] {tick=2002, __inPort=in, check_timestamp=1779865865882, timestamp=1779865865882, status=UP}
2026-05-27 16:11:06.874 [pool-3-thread-1] INFO  c.f.engine.metrics.MetricsCollector - [MetricsCollector] 8건 메트릭 InfluxDB 적재 완료
2026-05-27 16:11:08.012 [pool-1-thread-8] INFO  com.fbp.engine.node.impl.LogNode - [16:11:08.012][logger] {tick=2003, __inPort=in, check_timestamp=1779865868012, timestamp=1779865868012, status=UP}
2026-05-27 16:11:10.875 [pool-1-thread-8] INFO  com.fbp.engine.node.impl.LogNode - [16:11:10.875][logger] {tick=2004, __inPort=in, check_timestamp=1779865870875, timestamp=1779865870875, status=UP}
2026-05-27 16:11:13.020 [pool-1-thread-8] INFO  com.fbp.engine.node.impl.LogNode - [16:11:13.019][logger] {tick=2005, __inPort=in, check_timestamp=1779865873019, timestamp=1779865873019, status=UP}
2026-05-27 16:11:15.876 [pool-1-thread-8] INFO  com.fbp.engine.node.impl.LogNode - [16:11:15.876][logger] {tick=2006, __inPort=in, check_timestamp=1779865875876, timestamp=1779865875876, status=UP}
2026-05-27 16:11:16.868 [pool-3-thread-1] INFO  c.f.engine.metrics.MetricsCollector - [MetricsCollector] 8건 메트릭 InfluxDB 적재 완료
2026-05-27 16:11:18.020 [pool-1-thread-8] INFO  com.fbp.engine.node.impl.LogNode - [16:11:18.020][logger] {tick=2007, __inPort=in, check_timestamp=1779865878020, timestamp=1779865878019, status=UP}
2026-05-27 16:11:20.882 [pool-1-thread-8] INFO  com.fbp.engine.node.impl.LogNode - [16:11:20.882][logger] {tick=2008, __inPort=in, check_timestamp=1779865880882, timestamp=1779865880881, status=UP}
2026-05-27 16:11:23.014 [pool-1-thread-8] INFO  com.fbp.engine.node.impl.LogNode - [16:11:23.014][logger] {tick=2009, __inPort=in, check_timestamp=1779865883014, timestamp=1779865883014, status=UP}
2026-05-27 16:11:25.883 [pool-1-thread-8] INFO  com.fbp.engine.node.impl.LogNode - [16:11:25.883][logger] {tick=2010, __inPort=in, check_timestamp=1779865885883, timestamp=1779865885883, status=UP}
2026-05-27 16:11:26.876 [pool-3-thread-1] INFO  c.f.engine.metrics.MetricsCollector - [MetricsCollector] 8건 메트릭 InfluxDB 적재 완료
2026-05-27 16:11:28.021 [pool-1-thread-8] INFO  com.fbp.engine.node.impl.LogNode - [16:11:28.021][logger] {tick=2011, __inPort=in, check_timestamp=1779865888021, timestamp=1779865888021, status=UP}
2026-05-27 16:11:30.883 [pool-1-thread-8] INFO  com.fbp.engine.node.impl.LogNode - [16:11:30.883][logger] {tick=2012, __inPort=in, check_timestamp=1779865890883, timestamp=1779865890883, status=UP}
2026-05-27 16:11:33.012 [pool-1-thread-8] INFO  com.fbp.engine.node.impl.LogNode - [16:11:33.012][logger] {tick=2013, __inPort=in, check_timestamp=1779865893012, timestamp=1779865893012, status=UP}
2026-05-27 16:11:35.884 [pool-1-thread-8] INFO  com.fbp.engine.node.impl.LogNode - [16:11:35.884][logger] {tick=2014, __inPort=in, check_timestamp=1779865895884, timestamp=1779865895884, status=UP}
2026-05-27 16:11:36.873 [pool-3-thread-1] INFO  c.f.engine.metrics.MetricsCollector - [MetricsCollector] 8건 메트릭 InfluxDB 적재 완료
2026-05-27 16:11:38.017 [pool-1-thread-8] INFO  com.fbp.engine.node.impl.LogNode - [16:11:38.017][logger] {tick=2015, __inPort=in, check_timestamp=1779865898017, timestamp=1779865898017, status=UP}
2026-05-27 16:11:40.883 [pool-1-thread-8] INFO  com.fbp.engine.node.impl.LogNode - [16:11:40.883][logger] {tick=2016, __inPort=in, check_timestamp=1779865900883, timestamp=1779865900883, status=UP}
2026-05-27 16:11:43.021 [pool-1-thread-8] INFO  com.fbp.engine.node.impl.LogNode - [16:11:43.021][logger] {tick=2017, __inPort=in, check_timestamp=1779865903021, timestamp=1779865903021, status=UP}
2026-05-27 16:11:45.875 [pool-1-thread-8] INFO  com.fbp.engine.node.impl.LogNode - [16:11:45.875][logger] {tick=2018, __inPort=in, check_timestamp=1779865905875, timestamp=1779865905875, status=UP}
2026-05-27 16:11:46.874 [pool-3-thread-1] INFO  c.f.engine.metrics.MetricsCollector - [MetricsCollector] 8건 메트릭 InfluxDB 적재 완료
2026-05-27 16:11:48.012 [pool-1-thread-8] INFO  com.fbp.engine.node.impl.LogNode - [16:11:48.012][logger] {tick=2019, __inPort=in, check_timestamp=1779865908012, timestamp=1779865908012, status=UP}
2026-05-27 16:11:50.884 [pool-1-thread-8] INFO  com.fbp.engine.node.impl.LogNode - [16:11:50.884][logger] {tick=2020, __inPort=in, check_timestamp=1779865910884, timestamp=1779865910884, status=UP}
2026-05-27 16:11:53.011 [pool-1-thread-8] INFO  com.fbp.engine.node.impl.LogNode - [16:11:53.011][logger] {tick=2021, __inPort=in, check_timestamp=1779865913011, timestamp=1779865913011, status=UP}
2026-05-27 16:11:55.882 [pool-1-thread-8] INFO  com.fbp.engine.node.impl.LogNode - [16:11:55.882][logger] {tick=2022, __inPort=in, check_timestamp=1779865915882, timestamp=1779865915882, status=UP}
2026-05-27 16:11:56.873 [pool-3-thread-1] INFO  c.f.engine.metrics.MetricsCollector - [MetricsCollector] 8건 메트릭 InfluxDB 적재 완료
2026-05-27 16:11:58.014 [pool-1-thread-8] INFO  com.fbp.engine.node.impl.LogNode - [16:11:58.013][logger] {tick=2023, __inPort=in, check_timestamp=1779865918013, timestamp=1779865918013, status=UP}
2026-05-27 16:12:00.875 [pool-1-thread-8] INFO  com.fbp.engine.node.impl.LogNode - [16:12:00.875][logger] {tick=2024, __inPort=in, check_timestamp=1779865920875, timestamp=1779865920875, status=UP}
2026-05-27 16:12:03.018 [pool-1-thread-8] INFO  com.fbp.engine.node.impl.LogNode - [16:12:03.018][logger] {tick=2025, __inPort=in, check_timestamp=1779865923018, timestamp=1779865923018, status=UP}
2026-05-27 16:12:05.876 [pool-1-thread-8] INFO  com.fbp.engine.node.impl.LogNode - [16:12:05.875][logger] {tick=2026, __inPort=in, check_timestamp=1779865925875, timestamp=1779865925875, status=UP}
2026-05-27 16:12:06.875 [pool-3-thread-1] INFO  c.f.engine.metrics.MetricsCollector - [MetricsCollector] 8건 메트릭 InfluxDB 적재 완료
2026-05-27 16:12:08.020 [pool-1-thread-8] INFO  com.fbp.engine.node.impl.LogNode - [16:12:08.020][logger] {tick=2027, __inPort=in, check_timestamp=1779865928020, timestamp=1779865928020, status=UP}
2026-05-27 16:12:10.884 [pool-1-thread-8] INFO  com.fbp.engine.node.impl.LogNode - [16:12:10.884][logger] {tick=2028, __inPort=in, check_timestamp=1779865930884, timestamp=1779865930884, status=UP}
2026-05-27 16:12:13.022 [pool-1-thread-8] INFO  com.fbp.engine.node.impl.LogNode - [16:12:13.022][logger] {tick=2029, __inPort=in, check_timestamp=1779865933022, timestamp=1779865933021, status=UP}
2026-05-27 16:12:15.877 [pool-1-thread-8] INFO  com.fbp.engine.node.impl.LogNode - [16:12:15.877][logger] {tick=2030, __inPort=in, check_timestamp=1779865935877, timestamp=1779865935877, status=UP}
2026-05-27 16:12:16.867 [pool-3-thread-1] INFO  c.f.engine.metrics.MetricsCollector - [MetricsCollector] 8건 메트릭 InfluxDB 적재 완료
2026-05-27 16:12:18.013 [pool-1-thread-8] INFO  com.fbp.engine.node.impl.LogNode - [16:12:18.013][logger] {tick=2031, __inPort=in, check_timestamp=1779865938013, timestamp=1779865938012, status=UP}
2026-05-27 16:12:20.884 [pool-1-thread-8] INFO  com.fbp.engine.node.impl.LogNode - [16:12:20.884][logger] {tick=2032, __inPort=in, check_timestamp=1779865940884, timestamp=1779865940883, status=UP}
2026-05-27 16:12:23.021 [pool-1-thread-8] INFO  com.fbp.engine.node.impl.LogNode - [16:12:23.021][logger] {tick=2033, __inPort=in, check_timestamp=1779865943021, timestamp=1779865943021, status=UP}
2026-05-27 16:12:25.876 [pool-1-thread-8] INFO  com.fbp.engine.node.impl.LogNode - [16:12:25.876][logger] {tick=2034, __inPort=in, check_timestamp=1779865945876, timestamp=1779865945876, status=UP}
2026-05-27 16:12:26.878 [pool-3-thread-1] INFO  c.f.engine.metrics.MetricsCollector - [MetricsCollector] 8건 메트릭 InfluxDB 적재 완료
2026-05-27 16:12:28.018 [pool-1-thread-8] INFO  com.fbp.engine.node.impl.LogNode - [16:12:28.018][logger] {tick=2035, __inPort=in, check_timestamp=1779865948018, timestamp=1779865948018, status=UP}
2026-05-27 16:12:30.883 [pool-1-thread-8] INFO  com.fbp.engine.node.impl.LogNode - [16:12:30.883][logger] {tick=2036, __inPort=in, check_timestamp=1779865950883, timestamp=1779865950883, status=UP}
2026-05-27 16:12:33.013 [pool-1-thread-8] INFO  com.fbp.engine.node.impl.LogNode - [16:12:33.013][logger] {tick=2037, __inPort=in, check_timestamp=1779865953013, timestamp=1779865953012, status=UP}
2026-05-27 16:12:35.882 [pool-1-thread-8] INFO  com.fbp.engine.node.impl.LogNode - [16:12:35.882][logger] {tick=2038, __inPort=in, check_timestamp=1779865955882, timestamp=1779865955882, status=UP}
2026-05-27 16:12:36.870 [pool-3-thread-1] INFO  c.f.engine.metrics.MetricsCollector - [MetricsCollector] 8건 메트릭 InfluxDB 적재 완료
2026-05-27 16:12:38.013 [pool-1-thread-8] INFO  com.fbp.engine.node.impl.LogNode - [16:12:38.013][logger] {tick=2039, __inPort=in, check_timestamp=1779865958013, timestamp=1779865958012, status=UP}
2026-05-27 16:12:40.877 [pool-1-thread-8] INFO  com.fbp.engine.node.impl.LogNode - [16:12:40.877][logger] {tick=2040, __inPort=in, check_timestamp=1779865960877, timestamp=1779865960877, status=UP}
2026-05-27 16:12:43.020 [pool-1-thread-8] INFO  com.fbp.engine.node.impl.LogNode - [16:12:43.019][logger] {tick=2041, __inPort=in, check_timestamp=1779865963019, timestamp=1779865963019, status=UP}
2026-05-27 16:12:45.878 [pool-1-thread-8] INFO  com.fbp.engine.node.impl.LogNode - [16:12:45.877][logger] {tick=2042, __inPort=in, check_timestamp=1779865965877, timestamp=1779865965877, status=UP}
2026-05-27 16:12:46.877 [pool-3-thread-1] INFO  c.f.engine.metrics.MetricsCollector - [MetricsCollector] 8건 메트릭 InfluxDB 적재 완료
2026-05-27 16:12:48.022 [pool-1-thread-8] INFO  com.fbp.engine.node.impl.LogNode - [16:12:48.022][logger] {tick=2043, __inPort=in, check_timestamp=1779865968022, timestamp=1779865968022, status=UP}
2026-05-27 16:12:50.883 [pool-1-thread-8] INFO  com.fbp.engine.node.impl.LogNode - [16:12:50.883][logger] {tick=2044, __inPort=in, check_timestamp=1779865970883, timestamp=1779865970883, status=UP}
2026-05-27 16:12:53.021 [pool-1-thread-8] INFO  com.fbp.engine.node.impl.LogNode - [16:12:53.021][logger] {tick=2045, __inPort=in, check_timestamp=1779865973021, timestamp=1779865973021, status=UP}
2026-05-27 16:12:55.885 [pool-1-thread-8] INFO  com.fbp.engine.node.impl.LogNode - [16:12:55.885][logger] {tick=2046, __inPort=in, check_timestamp=1779865975885, timestamp=1779865975885, status=UP}
2026-05-27 16:12:56.870 [pool-3-thread-1] INFO  c.f.engine.metrics.MetricsCollector - [MetricsCollector] 8건 메트릭 InfluxDB 적재 완료
2026-05-27 16:12:58.013 [pool-1-thread-8] INFO  com.fbp.engine.node.impl.LogNode - [16:12:58.013][logger] {tick=2047, __inPort=in, check_timestamp=1779865978013, timestamp=1779865978013, status=UP}
2026-05-27 16:13:00.884 [pool-1-thread-8] INFO  com.fbp.engine.node.impl.LogNode - [16:13:00.884][logger] {tick=2048, __inPort=in, check_timestamp=1779865980884, timestamp=1779865980884, status=UP}
2026-05-27 16:13:03.018 [pool-1-thread-8] INFO  com.fbp.engine.node.impl.LogNode - [16:13:03.018][logger] {tick=2049, __inPort=in, check_timestamp=1779865983018, timestamp=1779865983018, status=UP}
2026-05-27 16:13:05.884 [pool-1-thread-8] INFO  com.fbp.engine.node.impl.LogNode - [16:13:05.884][logger] {tick=2050, __inPort=in, check_timestamp=1779865985884, timestamp=1779865985884, status=UP}
2026-05-27 16:13:06.875 [pool-3-thread-1] INFO  c.f.engine.metrics.MetricsCollector - [MetricsCollector] 8건 메트릭 InfluxDB 적재 완료
2026-05-27 16:13:08.016 [pool-1-thread-8] INFO  com.fbp.engine.node.impl.LogNode - [16:13:08.016][logger] {tick=2051, __inPort=in, check_timestamp=1779865988016, timestamp=1779865988016, status=UP}
2026-05-27 16:13:10.886 [pool-1-thread-8] INFO  com.fbp.engine.node.impl.LogNode - [16:13:10.886][logger] {tick=2052, __inPort=in, check_timestamp=1779865990886, timestamp=1779865990886, status=UP}
2026-05-27 16:13:13.016 [pool-1-thread-8] INFO  com.fbp.engine.node.impl.LogNode - [16:13:13.016][logger] {tick=2053, __inPort=in, check_timestamp=1779865993016, timestamp=1779865993016, status=UP}
2026-05-27 16:13:15.878 [pool-1-thread-8] INFO  com.fbp.engine.node.impl.LogNode - [16:13:15.878][logger] {tick=2054, __inPort=in, check_timestamp=1779865995878, timestamp=1779865995878, status=UP}
2026-05-27 16:13:16.869 [pool-3-thread-1] INFO  c.f.engine.metrics.MetricsCollector - [MetricsCollector] 8건 메트릭 InfluxDB 적재 완료
2026-05-27 16:13:18.023 [pool-1-thread-8] INFO  com.fbp.engine.node.impl.LogNode - [16:13:18.023][logger] {tick=2055, __inPort=in, check_timestamp=1779865998023, timestamp=1779865998023, status=UP}
2026-05-27 16:13:20.884 [pool-1-thread-8] INFO  com.fbp.engine.node.impl.LogNode - [16:13:20.884][logger] {tick=2056, __inPort=in, check_timestamp=1779866000884, timestamp=1779866000884, status=UP}
2026-05-27 16:13:23.023 [pool-1-thread-8] INFO  com.fbp.engine.node.impl.LogNode - [16:13:23.023][logger] {tick=2057, __inPort=in, check_timestamp=1779866003023, timestamp=1779866003023, status=UP}
2026-05-27 16:13:25.884 [pool-1-thread-8] INFO  com.fbp.engine.node.impl.LogNode - [16:13:25.884][logger] {tick=2058, __inPort=in, check_timestamp=1779866005884, timestamp=1779866005883, status=UP}
2026-05-27 16:13:26.877 [pool-3-thread-1] INFO  c.f.engine.metrics.MetricsCollector - [MetricsCollector] 8건 메트릭 InfluxDB 적재 완료
2026-05-27 16:13:28.023 [pool-1-thread-8] INFO  com.fbp.engine.node.impl.LogNode - [16:13:28.023][logger] {tick=2059, __inPort=in, check_timestamp=1779866008023, timestamp=1779866008023, status=UP}
2026-05-27 16:13:30.884 [pool-1-thread-8] INFO  com.fbp.engine.node.impl.LogNode - [16:13:30.884][logger] {tick=2060, __inPort=in, check_timestamp=1779866010884, timestamp=1779866010883, status=UP}
2026-05-27 16:13:33.017 [pool-1-thread-8] INFO  com.fbp.engine.node.impl.LogNode - [16:13:33.016][logger] {tick=2061, __inPort=in, check_timestamp=1779866013016, timestamp=1779866013016, status=UP}
2026-05-27 16:13:35.884 [pool-1-thread-8] INFO  com.fbp.engine.node.impl.LogNode - [16:13:35.884][logger] {tick=2062, __inPort=in, check_timestamp=1779866015884, timestamp=1779866015884, status=UP}
2026-05-27 16:13:36.870 [pool-3-thread-1] INFO  c.f.engine.metrics.MetricsCollector - [MetricsCollector] 8건 메트릭 InfluxDB 적재 완료
2026-05-27 16:13:38.019 [pool-1-thread-8] INFO  com.fbp.engine.node.impl.LogNode - [16:13:38.019][logger] {tick=2063, __inPort=in, check_timestamp=1779866018019, timestamp=1779866018019, status=UP}
2026-05-27 16:13:40.886 [pool-1-thread-8] INFO  com.fbp.engine.node.impl.LogNode - [16:13:40.886][logger] {tick=2064, __inPort=in, check_timestamp=1779866020886, timestamp=1779866020886, status=UP}
2026-05-27 16:13:43.014 [pool-1-thread-8] INFO  com.fbp.engine.node.impl.LogNode - [16:13:43.014][logger] {tick=2065, __inPort=in, check_timestamp=1779866023014, timestamp=1779866023014, status=UP}
2026-05-27 16:13:45.886 [pool-1-thread-8] INFO  com.fbp.engine.node.impl.LogNode - [16:13:45.886][logger] {tick=2066, __inPort=in, check_timestamp=1779866025886, timestamp=1779866025886, status=UP}
2026-05-27 16:13:46.874 [pool-3-thread-1] INFO  c.f.engine.metrics.MetricsCollector - [MetricsCollector] 8건 메트릭 InfluxDB 적재 완료
2026-05-27 16:13:48.014 [pool-1-thread-8] INFO  com.fbp.engine.node.impl.LogNode - [16:13:48.013][logger] {tick=2067, __inPort=in, check_timestamp=1779866028013, timestamp=1779866028013, status=UP}
2026-05-27 16:13:50.884 [pool-1-thread-8] INFO  com.fbp.engine.node.impl.LogNode - [16:13:50.884][logger] {tick=2068, __inPort=in, check_timestamp=1779866030884, timestamp=1779866030884, status=UP}
2026-05-27 16:13:53.017 [pool-1-thread-8] INFO  com.fbp.engine.node.impl.LogNode - [16:13:53.017][logger] {tick=2069, __inPort=in, check_timestamp=1779866033017, timestamp=1779866033017, status=UP}
2026-05-27 16:13:55.877 [pool-1-thread-8] INFO  com.fbp.engine.node.impl.LogNode - [16:13:55.877][logger] {tick=2070, __inPort=in, check_timestamp=1779866035877, timestamp=1779866035877, status=UP}
2026-05-27 16:13:56.879 [pool-3-thread-1] INFO  c.f.engine.metrics.MetricsCollector - [MetricsCollector] 8건 메트릭 InfluxDB 적재 완료
2026-05-27 16:13:58.022 [pool-1-thread-8] INFO  com.fbp.engine.node.impl.LogNode - [16:13:58.022][logger] {tick=2071, __inPort=in, check_timestamp=1779866038022, timestamp=1779866038022, status=UP}
2026-05-27 16:14:00.880 [pool-1-thread-8] INFO  com.fbp.engine.node.impl.LogNode - [16:14:00.880][logger] {tick=2072, __inPort=in, check_timestamp=1779866040880, timestamp=1779866040880, status=UP}
2026-05-27 16:14:03.024 [pool-1-thread-8] INFO  com.fbp.engine.node.impl.LogNode - [16:14:03.024][logger] {tick=2073, __inPort=in, check_timestamp=1779866043023, timestamp=1779866043023, status=UP}
2026-05-27 16:14:05.885 [pool-1-thread-8] INFO  com.fbp.engine.node.impl.LogNode - [16:14:05.885][logger] {tick=2074, __inPort=in, check_timestamp=1779866045885, timestamp=1779866045885, status=UP}
2026-05-27 16:14:06.878 [pool-3-thread-1] INFO  c.f.engine.metrics.MetricsCollector - [MetricsCollector] 8건 메트릭 InfluxDB 적재 완료
2026-05-27 16:14:08.023 [pool-1-thread-8] INFO  com.fbp.engine.node.impl.LogNode - [16:14:08.023][logger] {tick=2075, __inPort=in, check_timestamp=1779866048023, timestamp=1779866048023, status=UP}
2026-05-27 16:14:10.887 [pool-1-thread-8] INFO  com.fbp.engine.node.impl.LogNode - [16:14:10.887][logger] {tick=2076, __inPort=in, check_timestamp=1779866050887, timestamp=1779866050887, status=UP}
2026-05-27 16:14:13.024 [pool-1-thread-8] INFO  com.fbp.engine.node.impl.LogNode - [16:14:13.024][logger] {tick=2077, __inPort=in, check_timestamp=1779866053024, timestamp=1779866053023, status=UP}
2026-05-27 16:14:15.880 [pool-1-thread-8] INFO  com.fbp.engine.node.impl.LogNode - [16:14:15.880][logger] {tick=2078, __inPort=in, check_timestamp=1779866055880, timestamp=1779866055879, status=UP}
2026-05-27 16:14:16.875 [pool-3-thread-1] INFO  c.f.engine.metrics.MetricsCollector - [MetricsCollector] 8건 메트릭 InfluxDB 적재 완료
2026-05-27 16:14:18.015 [pool-1-thread-8] INFO  com.fbp.engine.node.impl.LogNode - [16:14:18.015][logger] {tick=2079, __inPort=in, check_timestamp=1779866058015, timestamp=1779866058015, status=UP}
2026-05-27 16:14:20.886 [pool-1-thread-8] INFO  com.fbp.engine.node.impl.LogNode - [16:14:20.886][logger] {tick=2080, __inPort=in, check_timestamp=1779866060886, timestamp=1779866060886, status=UP}
2026-05-27 16:14:23.024 [pool-1-thread-8] INFO  com.fbp.engine.node.impl.LogNode - [16:14:23.024][logger] {tick=2081, __inPort=in, check_timestamp=1779866063024, timestamp=1779866063024, status=UP}
2026-05-27 16:14:25.886 [pool-1-thread-8] INFO  com.fbp.engine.node.impl.LogNode - [16:14:25.886][logger] {tick=2082, __inPort=in, check_timestamp=1779866065886, timestamp=1779866065886, status=UP}
2026-05-27 16:14:26.870 [pool-3-thread-1] INFO  c.f.engine.metrics.MetricsCollector - [MetricsCollector] 8건 메트릭 InfluxDB 적재 완료
2026-05-27 16:14:28.024 [pool-1-thread-8] INFO  com.fbp.engine.node.impl.LogNode - [16:14:28.024][logger] {tick=2083, __inPort=in, check_timestamp=1779866068024, timestamp=1779866068024, status=UP}
2026-05-27 16:14:30.882 [pool-1-thread-8] INFO  com.fbp.engine.node.impl.LogNode - [16:14:30.882][logger] {tick=2084, __inPort=in, check_timestamp=1779866070882, timestamp=1779866070882, status=UP}
2026-05-27 16:14:33.023 [pool-1-thread-8] INFO  com.fbp.engine.node.impl.LogNode - [16:14:33.023][logger] {tick=2085, __inPort=in, check_timestamp=1779866073023, timestamp=1779866073023, status=UP}
2026-05-27 16:14:35.878 [pool-1-thread-8] INFO  com.fbp.engine.node.impl.LogNode - [16:14:35.878][logger] {tick=2086, __inPort=in, check_timestamp=1779866075878, timestamp=1779866075877, status=UP}
2026-05-27 16:14:36.871 [pool-3-thread-1] INFO  c.f.engine.metrics.MetricsCollector - [MetricsCollector] 8건 메트릭 InfluxDB 적재 완료
2026-05-27 16:14:38.021 [pool-1-thread-8] INFO  com.fbp.engine.node.impl.LogNode - [16:14:38.021][logger] {tick=2087, __inPort=in, check_timestamp=1779866078021, timestamp=1779866078020, status=UP}
2026-05-27 16:14:40.887 [pool-1-thread-8] INFO  com.fbp.engine.node.impl.LogNode - [16:14:40.887][logger] {tick=2088, __inPort=in, check_timestamp=1779866080887, timestamp=1779866080887, status=UP}
2026-05-27 16:14:43.016 [pool-1-thread-8] INFO  com.fbp.engine.node.impl.LogNode - [16:14:43.016][logger] {tick=2089, __inPort=in, check_timestamp=1779866083016, timestamp=1779866083015, status=UP}
2026-05-27 16:14:45.887 [pool-1-thread-8] INFO  com.fbp.engine.node.impl.LogNode - [16:14:45.887][logger] {tick=2090, __inPort=in, check_timestamp=1779866085887, timestamp=1779866085887, status=UP}
2026-05-27 16:14:46.870 [pool-3-thread-1] INFO  c.f.engine.metrics.MetricsCollector - [MetricsCollector] 8건 메트릭 InfluxDB 적재 완료
2026-05-27 16:14:48.022 [pool-1-thread-8] INFO  com.fbp.engine.node.impl.LogNode - [16:14:48.022][logger] {tick=2091, __inPort=in, check_timestamp=1779866088022, timestamp=1779866088022, status=UP}
2026-05-27 16:14:50.887 [pool-1-thread-8] INFO  com.fbp.engine.node.impl.LogNode - [16:14:50.887][logger] {tick=2092, __inPort=in, check_timestamp=1779866090887, timestamp=1779866090886, status=UP}
2026-05-27 16:14:53.016 [pool-1-thread-8] INFO  com.fbp.engine.node.impl.LogNode - [16:14:53.016][logger] {tick=2093, __inPort=in, check_timestamp=1779866093016, timestamp=1779866093016, status=UP}
2026-05-27 16:14:55.887 [pool-1-thread-8] INFO  com.fbp.engine.node.impl.LogNode - [16:14:55.887][logger] {tick=2094, __inPort=in, check_timestamp=1779866095887, timestamp=1779866095887, status=UP}
2026-05-27 16:14:56.873 [pool-3-thread-1] INFO  c.f.engine.metrics.MetricsCollector - [MetricsCollector] 8건 메트릭 InfluxDB 적재 완료
2026-05-27 16:14:58.024 [pool-1-thread-8] INFO  com.fbp.engine.node.impl.LogNode - [16:14:58.024][logger] {tick=2095, __inPort=in, check_timestamp=1779866098024, timestamp=1779866098024, status=UP}
2026-05-27 16:15:00.878 [pool-1-thread-8] INFO  com.fbp.engine.node.impl.LogNode - [16:15:00.878][logger] {tick=2096, __inPort=in, check_timestamp=1779866100878, timestamp=1779866100878, status=UP}
2026-05-27 16:15:03.015 [pool-1-thread-8] INFO  com.fbp.engine.node.impl.LogNode - [16:15:03.015][logger] {tick=2097, __inPort=in, check_timestamp=1779866103015, timestamp=1779866103015, status=UP}
2026-05-27 16:15:05.888 [pool-1-thread-8] INFO  com.fbp.engine.node.impl.LogNode - [16:15:05.888][logger] {tick=2098, __inPort=in, check_timestamp=1779866105888, timestamp=1779866105888, status=UP}
2026-05-27 16:15:06.870 [pool-3-thread-1] INFO  c.f.engine.metrics.MetricsCollector - [MetricsCollector] 8건 메트릭 InfluxDB 적재 완료
2026-05-27 16:15:08.021 [pool-1-thread-8] INFO  com.fbp.engine.node.impl.LogNode - [16:15:08.021][logger] {tick=2099, __inPort=in, check_timestamp=1779866108021, timestamp=1779866108020, status=UP}
2026-05-27 16:15:10.880 [pool-1-thread-8] INFO  com.fbp.engine.node.impl.LogNode - [16:15:10.880][logger] {tick=2100, __inPort=in, check_timestamp=1779866110880, timestamp=1779866110880, status=UP}
2026-05-27 16:15:13.025 [pool-1-thread-8] INFO  com.fbp.engine.node.impl.LogNode - [16:15:13.025][logger] {tick=2101, __inPort=in, check_timestamp=1779866113025, timestamp=1779866113024, status=UP}
2026-05-27 16:15:15.880 [pool-1-thread-8] INFO  com.fbp.engine.node.impl.LogNode - [16:15:15.880][logger] {tick=2102, __inPort=in, check_timestamp=1779866115880, timestamp=1779866115880, status=UP}
2026-05-27 16:15:16.876 [pool-3-thread-1] INFO  c.f.engine.metrics.MetricsCollector - [MetricsCollector] 8건 메트릭 InfluxDB 적재 완료
2026-05-27 16:15:18.025 [pool-1-thread-8] INFO  com.fbp.engine.node.impl.LogNode - [16:15:18.025][logger] {tick=2103, __inPort=in, check_timestamp=1779866118025, timestamp=1779866118025, status=UP}
2026-05-27 16:15:20.885 [pool-1-thread-8] INFO  com.fbp.engine.node.impl.LogNode - [16:15:20.885][logger] {tick=2104, __inPort=in, check_timestamp=1779866120885, timestamp=1779866120885, status=UP}
2026-05-27 16:15:23.021 [pool-1-thread-8] INFO  com.fbp.engine.node.impl.LogNode - [16:15:23.021][logger] {tick=2105, __inPort=in, check_timestamp=1779866123021, timestamp=1779866123021, status=UP}
2026-05-27 16:15:25.886 [pool-1-thread-8] INFO  com.fbp.engine.node.impl.LogNode - [16:15:25.886][logger] {tick=2106, __inPort=in, check_timestamp=1779866125886, timestamp=1779866125886, status=UP}
2026-05-27 16:15:26.877 [pool-3-thread-1] INFO  c.f.engine.metrics.MetricsCollector - [MetricsCollector] 8건 메트릭 InfluxDB 적재 완료
2026-05-27 16:15:28.025 [pool-1-thread-8] INFO  com.fbp.engine.node.impl.LogNode - [16:15:28.025][logger] {tick=2107, __inPort=in, check_timestamp=1779866128025, timestamp=1779866128025, status=UP}
2026-05-27 16:15:30.888 [pool-1-thread-8] INFO  com.fbp.engine.node.impl.LogNode - [16:15:30.888][logger] {tick=2108, __inPort=in, check_timestamp=1779866130888, timestamp=1779866130888, status=UP}
2026-05-27 16:15:33.021 [pool-1-thread-8] INFO  com.fbp.engine.node.impl.LogNode - [16:15:33.021][logger] {tick=2109, __inPort=in, check_timestamp=1779866133021, timestamp=1779866133021, status=UP}
2026-05-27 16:15:35.886 [pool-1-thread-8] INFO  com.fbp.engine.node.impl.LogNode - [16:15:35.886][logger] {tick=2110, __inPort=in, check_timestamp=1779866135886, timestamp=1779866135886, status=UP}
2026-05-27 16:15:36.879 [pool-3-thread-1] INFO  c.f.engine.metrics.MetricsCollector - [MetricsCollector] 8건 메트릭 InfluxDB 적재 완료
2026-05-27 16:15:38.023 [pool-1-thread-8] INFO  com.fbp.engine.node.impl.LogNode - [16:15:38.023][logger] {tick=2111, __inPort=in, check_timestamp=1779866138023, timestamp=1779866138023, status=UP}
2026-05-27 16:15:40.883 [pool-1-thread-8] INFO  com.fbp.engine.node.impl.LogNode - [16:15:40.883][logger] {tick=2112, __inPort=in, check_timestamp=1779866140883, timestamp=1779866140883, status=UP}
2026-05-27 16:15:43.019 [pool-1-thread-8] INFO  com.fbp.engine.node.impl.LogNode - [16:15:43.018][logger] {tick=2113, __inPort=in, check_timestamp=1779866143018, timestamp=1779866143018, status=UP}
2026-05-27 16:15:45.885 [pool-1-thread-8] INFO  com.fbp.engine.node.impl.LogNode - [16:15:45.885][logger] {tick=2114, __inPort=in, check_timestamp=1779866145885, timestamp=1779866145885, status=UP}
2026-05-27 16:15:46.880 [pool-3-thread-1] INFO  c.f.engine.metrics.MetricsCollector - [MetricsCollector] 8건 메트릭 InfluxDB 적재 완료
2026-05-27 16:15:48.023 [pool-1-thread-8] INFO  com.fbp.engine.node.impl.LogNode - [16:15:48.023][logger] {tick=2115, __inPort=in, check_timestamp=1779866148023, timestamp=1779866148023, status=UP}
2026-05-27 16:15:50.887 [pool-1-thread-8] INFO  com.fbp.engine.node.impl.LogNode - [16:15:50.887][logger] {tick=2116, __inPort=in, check_timestamp=1779866150887, timestamp=1779866150887, status=UP}
2026-05-27 16:15:53.025 [pool-1-thread-8] INFO  com.fbp.engine.node.impl.LogNode - [16:15:53.025][logger] {tick=2117, __inPort=in, check_timestamp=1779866153025, timestamp=1779866153025, status=UP}
2026-05-27 16:15:55.882 [pool-1-thread-8] INFO  com.fbp.engine.node.impl.LogNode - [16:15:55.882][logger] {tick=2118, __inPort=in, check_timestamp=1779866155882, timestamp=1779866155882, status=UP}
2026-05-27 16:15:56.880 [pool-3-thread-1] INFO  c.f.engine.metrics.MetricsCollector - [MetricsCollector] 8건 메트릭 InfluxDB 적재 완료
2026-05-27 16:15:58.020 [pool-1-thread-8] INFO  com.fbp.engine.node.impl.LogNode - [16:15:58.020][logger] {tick=2119, __inPort=in, check_timestamp=1779866158020, timestamp=1779866158020, status=UP}
2026-05-27 16:16:00.879 [pool-1-thread-8] INFO  com.fbp.engine.node.impl.LogNode - [16:16:00.879][logger] {tick=2120, __inPort=in, check_timestamp=1779866160879, timestamp=1779866160879, status=UP}
2026-05-27 16:16:03.023 [pool-1-thread-8] INFO  com.fbp.engine.node.impl.LogNode - [16:16:03.023][logger] {tick=2121, __inPort=in, check_timestamp=1779866163023, timestamp=1779866163023, status=UP}
2026-05-27 16:16:05.885 [pool-1-thread-8] INFO  com.fbp.engine.node.impl.LogNode - [16:16:05.885][logger] {tick=2122, __inPort=in, check_timestamp=1779866165885, timestamp=1779866165885, status=UP}
2026-05-27 16:16:06.878 [pool-3-thread-1] INFO  c.f.engine.metrics.MetricsCollector - [MetricsCollector] 8건 메트릭 InfluxDB 적재 완료
2026-05-27 16:16:08.023 [pool-1-thread-8] INFO  com.fbp.engine.node.impl.LogNode - [16:16:08.023][logger] {tick=2123, __inPort=in, check_timestamp=1779866168023, timestamp=1779866168022, status=UP}
2026-05-27 16:16:10.880 [pool-1-thread-8] INFO  com.fbp.engine.node.impl.LogNode - [16:16:10.880][logger] {tick=2124, __inPort=in, check_timestamp=1779866170880, timestamp=1779866170880, status=UP}
2026-05-27 16:16:13.020 [pool-1-thread-8] INFO  com.fbp.engine.node.impl.LogNode - [16:16:13.020][logger] {tick=2125, __inPort=in, check_timestamp=1779866173020, timestamp=1779866173020, status=UP}
2026-05-27 16:16:15.884 [pool-1-thread-8] INFO  com.fbp.engine.node.impl.LogNode - [16:16:15.884][logger] {tick=2126, __inPort=in, check_timestamp=1779866175884, timestamp=1779866175884, status=UP}
2026-05-27 16:16:16.871 [pool-3-thread-1] INFO  c.f.engine.metrics.MetricsCollector - [MetricsCollector] 8건 메트릭 InfluxDB 적재 완료
2026-05-27 16:16:18.017 [pool-1-thread-8] INFO  com.fbp.engine.node.impl.LogNode - [16:16:18.017][logger] {tick=2127, __inPort=in, check_timestamp=1779866178017, timestamp=1779866178017, status=UP}
2026-05-27 16:16:20.889 [pool-1-thread-8] INFO  com.fbp.engine.node.impl.LogNode - [16:16:20.889][logger] {tick=2128, __inPort=in, check_timestamp=1779866180889, timestamp=1779866180889, status=UP}
2026-05-27 16:16:23.026 [pool-1-thread-8] INFO  com.fbp.engine.node.impl.LogNode - [16:16:23.026][logger] {tick=2129, __inPort=in, check_timestamp=1779866183026, timestamp=1779866183026, status=UP}
2026-05-27 16:16:25.887 [pool-1-thread-8] INFO  com.fbp.engine.node.impl.LogNode - [16:16:25.887][logger] {tick=2130, __inPort=in, check_timestamp=1779866185887, timestamp=1779866185886, status=UP}
2026-05-27 16:16:26.879 [pool-3-thread-1] INFO  c.f.engine.metrics.MetricsCollector - [MetricsCollector] 8건 메트릭 InfluxDB 적재 완료
2026-05-27 16:16:28.018 [pool-1-thread-8] INFO  com.fbp.engine.node.impl.LogNode - [16:16:28.018][logger] {tick=2131, __inPort=in, check_timestamp=1779866188018, timestamp=1779866188018, status=UP}
2026-05-27 16:16:30.880 [pool-1-thread-8] INFO  com.fbp.engine.node.impl.LogNode - [16:16:30.880][logger] {tick=2132, __inPort=in, check_timestamp=1779866190880, timestamp=1779866190880, status=UP}
2026-05-27 16:16:33.016 [pool-1-thread-8] INFO  com.fbp.engine.node.impl.LogNode - [16:16:33.016][logger] {tick=2133, __inPort=in, check_timestamp=1779866193016, timestamp=1779866193016, status=UP}
2026-05-27 16:16:35.889 [pool-1-thread-8] INFO  com.fbp.engine.node.impl.LogNode - [16:16:35.889][logger] {tick=2134, __inPort=in, check_timestamp=1779866195889, timestamp=1779866195889, status=UP}
2026-05-27 16:16:36.871 [pool-3-thread-1] INFO  c.f.engine.metrics.MetricsCollector - [MetricsCollector] 8건 메트릭 InfluxDB 적재 완료
2026-05-27 16:16:38.023 [pool-1-thread-8] INFO  com.fbp.engine.node.impl.LogNode - [16:16:38.023][logger] {tick=2135, __inPort=in, check_timestamp=1779866198023, timestamp=1779866198023, status=UP}
2026-05-27 16:16:40.888 [pool-1-thread-8] INFO  com.fbp.engine.node.impl.LogNode - [16:16:40.888][logger] {tick=2136, __inPort=in, check_timestamp=1779866200888, timestamp=1779866200888, status=UP}
2026-05-27 16:16:43.020 [pool-1-thread-8] INFO  com.fbp.engine.node.impl.LogNode - [16:16:43.020][logger] {tick=2137, __inPort=in, check_timestamp=1779866203020, timestamp=1779866203020, status=UP}
2026-05-27 16:16:45.887 [pool-1-thread-8] INFO  com.fbp.engine.node.impl.LogNode - [16:16:45.886][logger] {tick=2138, __inPort=in, check_timestamp=1779866205886, timestamp=1779866205886, status=UP}
2026-05-27 16:16:46.881 [pool-3-thread-1] INFO  c.f.engine.metrics.MetricsCollector - [MetricsCollector] 8건 메트릭 InfluxDB 적재 완료
2026-05-27 16:16:48.019 [pool-1-thread-8] INFO  com.fbp.engine.node.impl.LogNode - [16:16:48.019][logger] {tick=2139, __inPort=in, check_timestamp=1779866208019, timestamp=1779866208019, status=UP}
2026-05-27 16:16:50.888 [pool-1-thread-8] INFO  com.fbp.engine.node.impl.LogNode - [16:16:50.888][logger] {tick=2140, __inPort=in, check_timestamp=1779866210888, timestamp=1779866210887, status=UP}
2026-05-27 16:16:53.026 [pool-1-thread-8] INFO  com.fbp.engine.node.impl.LogNode - [16:16:53.026][logger] {tick=2141, __inPort=in, check_timestamp=1779866213026, timestamp=1779866213026, status=UP}
2026-05-27 16:16:55.887 [pool-1-thread-8] INFO  com.fbp.engine.node.impl.LogNode - [16:16:55.887][logger] {tick=2142, __inPort=in, check_timestamp=1779866215887, timestamp=1779866215887, status=UP}
2026-05-27 16:16:56.875 [pool-3-thread-1] INFO  c.f.engine.metrics.MetricsCollector - [MetricsCollector] 8건 메트릭 InfluxDB 적재 완료
2026-05-27 16:16:58.017 [pool-1-thread-8] INFO  com.fbp.engine.node.impl.LogNode - [16:16:58.017][logger] {tick=2143, __inPort=in, check_timestamp=1779866218017, timestamp=1779866218017, status=UP}
2026-05-27 16:17:00.880 [pool-1-thread-8] INFO  com.fbp.engine.node.impl.LogNode - [16:17:00.880][logger] {tick=2144, __inPort=in, check_timestamp=1779866220880, timestamp=1779866220880, status=UP}
2026-05-27 16:17:03.023 [pool-1-thread-8] INFO  com.fbp.engine.node.impl.LogNode - [16:17:03.023][logger] {tick=2145, __inPort=in, check_timestamp=1779866223023, timestamp=1779866223023, status=UP}
2026-05-27 16:17:05.882 [pool-1-thread-8] INFO  com.fbp.engine.node.impl.LogNode - [16:17:05.882][logger] {tick=2146, __inPort=in, check_timestamp=1779866225882, timestamp=1779866225881, status=UP}
2026-05-27 16:17:06.881 [pool-3-thread-1] INFO  c.f.engine.metrics.MetricsCollector - [MetricsCollector] 8건 메트릭 InfluxDB 적재 완료
2026-05-27 16:17:08.019 [pool-1-thread-8] INFO  com.fbp.engine.node.impl.LogNode - [16:17:08.019][logger] {tick=2147, __inPort=in, check_timestamp=1779866228019, timestamp=1779866228019, status=UP}
2026-05-27 16:17:10.888 [pool-1-thread-8] INFO  com.fbp.engine.node.impl.LogNode - [16:17:10.888][logger] {tick=2148, __inPort=in, check_timestamp=1779866230888, timestamp=1779866230888, status=UP}
2026-05-27 16:17:13.019 [pool-1-thread-8] INFO  com.fbp.engine.node.impl.LogNode - [16:17:13.019][logger] {tick=2149, __inPort=in, check_timestamp=1779866233018, timestamp=1779866233018, status=UP}
2026-05-27 16:17:15.888 [pool-1-thread-8] INFO  com.fbp.engine.node.impl.LogNode - [16:17:15.888][logger] {tick=2150, __inPort=in, check_timestamp=1779866235888, timestamp=1779866235888, status=UP}
2026-05-27 16:17:16.877 [pool-3-thread-1] INFO  c.f.engine.metrics.MetricsCollector - [MetricsCollector] 8건 메트릭 InfluxDB 적재 완료
2026-05-27 16:17:18.019 [pool-1-thread-8] INFO  com.fbp.engine.node.impl.LogNode - [16:17:18.019][logger] {tick=2151, __inPort=in, check_timestamp=1779866238019, timestamp=1779866238019, status=UP}
2026-05-27 16:17:20.882 [pool-1-thread-8] INFO  com.fbp.engine.node.impl.LogNode - [16:17:20.882][logger] {tick=2152, __inPort=in, check_timestamp=1779866240882, timestamp=1779866240882, status=UP}
2026-05-27 16:17:23.027 [pool-1-thread-8] INFO  com.fbp.engine.node.impl.LogNode - [16:17:23.027][logger] {tick=2153, __inPort=in, check_timestamp=1779866243027, timestamp=1779866243027, status=UP}
2026-05-27 16:17:25.888 [pool-1-thread-8] INFO  com.fbp.engine.node.impl.LogNode - [16:17:25.888][logger] {tick=2154, __inPort=in, check_timestamp=1779866245888, timestamp=1779866245888, status=UP}
2026-05-27 16:17:26.874 [pool-3-thread-1] INFO  c.f.engine.metrics.MetricsCollector - [MetricsCollector] 8건 메트릭 InfluxDB 적재 완료
2026-05-27 16:17:28.023 [pool-1-thread-8] INFO  com.fbp.engine.node.impl.LogNode - [16:17:28.023][logger] {tick=2155, __inPort=in, check_timestamp=1779866248023, timestamp=1779866248022, status=UP}
2026-05-27 16:17:30.884 [pool-1-thread-8] INFO  com.fbp.engine.node.impl.LogNode - [16:17:30.884][logger] {tick=2156, __inPort=in, check_timestamp=1779866250884, timestamp=1779866250884, status=UP}
2026-05-27 16:17:33.025 [pool-1-thread-8] INFO  com.fbp.engine.node.impl.LogNode - [16:17:33.025][logger] {tick=2157, __inPort=in, check_timestamp=1779866253025, timestamp=1779866253025, status=UP}
2026-05-27 16:17:35.885 [pool-1-thread-8] INFO  com.fbp.engine.node.impl.LogNode - [16:17:35.885][logger] {tick=2158, __inPort=in, check_timestamp=1779866255885, timestamp=1779866255885, status=UP}
2026-05-27 16:17:36.882 [pool-3-thread-1] INFO  c.f.engine.metrics.MetricsCollector - [MetricsCollector] 8건 메트릭 InfluxDB 적재 완료
2026-05-27 16:17:38.023 [pool-1-thread-8] INFO  com.fbp.engine.node.impl.LogNode - [16:17:38.023][logger] {tick=2159, __inPort=in, check_timestamp=1779866258023, timestamp=1779866258023, status=UP}
2026-05-27 16:17:40.888 [pool-1-thread-8] INFO  com.fbp.engine.node.impl.LogNode - [16:17:40.888][logger] {tick=2160, __inPort=in, check_timestamp=1779866260888, timestamp=1779866260888, status=UP}
2026-05-27 16:17:43.020 [pool-1-thread-8] INFO  com.fbp.engine.node.impl.LogNode - [16:17:43.020][logger] {tick=2161, __inPort=in, check_timestamp=1779866263019, timestamp=1779866263019, status=UP}
2026-05-27 16:17:45.887 [pool-1-thread-8] INFO  com.fbp.engine.node.impl.LogNode - [16:17:45.887][logger] {tick=2162, __inPort=in, check_timestamp=1779866265887, timestamp=1779866265886, status=UP}
2026-05-27 16:17:46.883 [pool-3-thread-1] INFO  c.f.engine.metrics.MetricsCollector - [MetricsCollector] 8건 메트릭 InfluxDB 적재 완료
2026-05-27 16:17:48.024 [pool-1-thread-8] INFO  com.fbp.engine.node.impl.LogNode - [16:17:48.024][logger] {tick=2163, __inPort=in, check_timestamp=1779866268024, timestamp=1779866268024, status=UP}
2026-05-27 16:17:50.890 [pool-1-thread-8] INFO  com.fbp.engine.node.impl.LogNode - [16:17:50.890][logger] {tick=2164, __inPort=in, check_timestamp=1779866270890, timestamp=1779866270890, status=UP}
2026-05-27 16:17:53.022 [pool-1-thread-8] INFO  com.fbp.engine.node.impl.LogNode - [16:17:53.022][logger] {tick=2165, __inPort=in, check_timestamp=1779866273022, timestamp=1779866273021, status=UP}
2026-05-27 16:17:55.889 [pool-1-thread-8] INFO  com.fbp.engine.node.impl.LogNode - [16:17:55.889][logger] {tick=2166, __inPort=in, check_timestamp=1779866275888, timestamp=1779866275888, status=UP}
2026-05-27 16:17:56.878 [pool-3-thread-1] INFO  c.f.engine.metrics.MetricsCollector - [MetricsCollector] 8건 메트릭 InfluxDB 적재 완료
2026-05-27 16:17:58.021 [pool-1-thread-8] INFO  com.fbp.engine.node.impl.LogNode - [16:17:58.021][logger] {tick=2167, __inPort=in, check_timestamp=1779866278021, timestamp=1779866278021, status=UP}
2026-05-27 16:18:00.882 [pool-1-thread-8] INFO  com.fbp.engine.node.impl.LogNode - [16:18:00.882][logger] {tick=2168, __inPort=in, check_timestamp=1779866280882, timestamp=1779866280881, status=UP}
2026-05-27 16:18:03.028 [pool-1-thread-8] INFO  com.fbp.engine.node.impl.LogNode - [16:18:03.027][logger] {tick=2169, __inPort=in, check_timestamp=1779866283027, timestamp=1779866283027, status=UP}
2026-05-27 16:18:05.890 [pool-1-thread-8] INFO  com.fbp.engine.node.impl.LogNode - [16:18:05.890][logger] {tick=2170, __inPort=in, check_timestamp=1779866285890, timestamp=1779866285890, status=UP}
2026-05-27 16:18:06.873 [pool-3-thread-1] INFO  c.f.engine.metrics.MetricsCollector - [MetricsCollector] 8건 메트릭 InfluxDB 적재 완료
2026-05-27 16:18:08.028 [pool-1-thread-8] INFO  com.fbp.engine.node.impl.LogNode - [16:18:08.028][logger] {tick=2171, __inPort=in, check_timestamp=1779866288027, timestamp=1779866288027, status=UP}
2026-05-27 16:18:10.890 [pool-1-thread-8] INFO  com.fbp.engine.node.impl.LogNode - [16:18:10.890][logger] {tick=2172, __inPort=in, check_timestamp=1779866290890, timestamp=1779866290890, status=UP}
2026-05-27 16:18:13.020 [pool-1-thread-8] INFO  com.fbp.engine.node.impl.LogNode - [16:18:13.020][logger] {tick=2173, __inPort=in, check_timestamp=1779866293020, timestamp=1779866293020, status=UP}
2026-05-27 16:18:15.891 [pool-1-thread-8] INFO  com.fbp.engine.node.impl.LogNode - [16:18:15.891][logger] {tick=2174, __inPort=in, check_timestamp=1779866295891, timestamp=1779866295891, status=UP}
2026-05-27 16:18:16.874 [pool-3-thread-1] INFO  c.f.engine.metrics.MetricsCollector - [MetricsCollector] 8건 메트릭 InfluxDB 적재 완료
2026-05-27 16:18:18.027 [pool-1-thread-8] INFO  com.fbp.engine.node.impl.LogNode - [16:18:18.027][logger] {tick=2175, __inPort=in, check_timestamp=1779866298027, timestamp=1779866298026, status=UP}
2026-05-27 16:18:20.891 [pool-1-thread-8] INFO  com.fbp.engine.node.impl.LogNode - [16:18:20.891][logger] {tick=2176, __inPort=in, check_timestamp=1779866300891, timestamp=1779866300891, status=UP}
2026-05-27 16:18:23.024 [pool-1-thread-8] INFO  com.fbp.engine.node.impl.LogNode - [16:18:23.024][logger] {tick=2177, __inPort=in, check_timestamp=1779866303024, timestamp=1779866303023, status=UP}
2026-05-27 16:18:25.891 [pool-1-thread-8] INFO  com.fbp.engine.node.impl.LogNode - [16:18:25.890][logger] {tick=2178, __inPort=in, check_timestamp=1779866305890, timestamp=1779866305890, status=UP}
2026-05-27 16:18:26.881 [pool-3-thread-1] INFO  c.f.engine.metrics.MetricsCollector - [MetricsCollector] 8건 메트릭 InfluxDB 적재 완료
2026-05-27 16:18:28.025 [pool-1-thread-8] INFO  com.fbp.engine.node.impl.LogNode - [16:18:28.025][logger] {tick=2179, __inPort=in, check_timestamp=1779866308025, timestamp=1779866308024, status=UP}
2026-05-27 16:18:30.883 [pool-1-thread-8] INFO  com.fbp.engine.node.impl.LogNode - [16:18:30.883][logger] {tick=2180, __inPort=in, check_timestamp=1779866310883, timestamp=1779866310883, status=UP}
2026-05-27 16:18:33.021 [pool-1-thread-8] INFO  com.fbp.engine.node.impl.LogNode - [16:18:33.021][logger] {tick=2181, __inPort=in, check_timestamp=1779866313021, timestamp=1779866313021, status=UP}
2026-05-27 16:18:35.887 [pool-1-thread-8] INFO  com.fbp.engine.node.impl.LogNode - [16:18:35.887][logger] {tick=2182, __inPort=in, check_timestamp=1779866315887, timestamp=1779866315887, status=UP}
2026-05-27 16:18:36.883 [pool-3-thread-1] INFO  c.f.engine.metrics.MetricsCollector - [MetricsCollector] 8건 메트릭 InfluxDB 적재 완료
2026-05-27 16:18:38.020 [pool-1-thread-8] INFO  com.fbp.engine.node.impl.LogNode - [16:18:38.020][logger] {tick=2183, __inPort=in, check_timestamp=1779866318020, timestamp=1779866318019, status=UP}
2026-05-27 16:18:40.887 [pool-1-thread-8] INFO  com.fbp.engine.node.impl.LogNode - [16:18:40.887][logger] {tick=2184, __inPort=in, check_timestamp=1779866320887, timestamp=1779866320887, status=UP}
2026-05-27 16:18:43.020 [pool-1-thread-8] INFO  com.fbp.engine.node.impl.LogNode - [16:18:43.020][logger] {tick=2185, __inPort=in, check_timestamp=1779866323020, timestamp=1779866323020, status=UP}
2026-05-27 16:18:45.891 [pool-1-thread-8] INFO  com.fbp.engine.node.impl.LogNode - [16:18:45.891][logger] {tick=2186, __inPort=in, check_timestamp=1779866325891, timestamp=1779866325891, status=UP}
2026-05-27 16:18:46.876 [pool-3-thread-1] INFO  c.f.engine.metrics.MetricsCollector - [MetricsCollector] 8건 메트릭 InfluxDB 적재 완료
2026-05-27 16:18:48.024 [pool-1-thread-8] INFO  com.fbp.engine.node.impl.LogNode - [16:18:48.024][logger] {tick=2187, __inPort=in, check_timestamp=1779866328024, timestamp=1779866328024, status=UP}
2026-05-27 16:18:50.890 [pool-1-thread-8] INFO  com.fbp.engine.node.impl.LogNode - [16:18:50.890][logger] {tick=2188, __inPort=in, check_timestamp=1779866330890, timestamp=1779866330890, status=UP}
2026-05-27 16:18:53.019 [pool-1-thread-8] INFO  com.fbp.engine.node.impl.LogNode - [16:18:53.019][logger] {tick=2189, __inPort=in, check_timestamp=1779866333019, timestamp=1779866333018, status=UP}
2026-05-27 16:18:55.882 [pool-1-thread-8] INFO  com.fbp.engine.node.impl.LogNode - [16:18:55.882][logger] {tick=2190, __inPort=in, check_timestamp=1779866335882, timestamp=1779866335882, status=UP}
2026-05-27 16:18:56.876 [pool-3-thread-1] INFO  c.f.engine.metrics.MetricsCollector - [MetricsCollector] 8건 메트릭 InfluxDB 적재 완료
2026-05-27 16:18:58.027 [pool-1-thread-8] INFO  com.fbp.engine.node.impl.LogNode - [16:18:58.027][logger] {tick=2191, __inPort=in, check_timestamp=1779866338027, timestamp=1779866338027, status=UP}
2026-05-27 16:19:00.891 [pool-1-thread-8] INFO  com.fbp.engine.node.impl.LogNode - [16:19:00.891][logger] {tick=2192, __inPort=in, check_timestamp=1779866340891, timestamp=1779866340891, status=UP}
2026-05-27 16:19:03.027 [pool-1-thread-8] INFO  com.fbp.engine.node.impl.LogNode - [16:19:03.027][logger] {tick=2193, __inPort=in, check_timestamp=1779866343027, timestamp=1779866343027, status=UP}
2026-05-27 16:19:05.890 [pool-1-thread-8] INFO  com.fbp.engine.node.impl.LogNode - [16:19:05.890][logger] {tick=2194, __inPort=in, check_timestamp=1779866345890, timestamp=1779866345889, status=UP}
2026-05-27 16:19:06.881 [pool-3-thread-1] INFO  c.f.engine.metrics.MetricsCollector - [MetricsCollector] 8건 메트릭 InfluxDB 적재 완료
2026-05-27 16:19:08.025 [pool-1-thread-8] INFO  com.fbp.engine.node.impl.LogNode - [16:19:08.025][logger] {tick=2195, __inPort=in, check_timestamp=1779866348025, timestamp=1779866348024, status=UP}
2026-05-27 16:19:10.884 [pool-1-thread-8] INFO  com.fbp.engine.node.impl.LogNode - [16:19:10.884][logger] {tick=2196, __inPort=in, check_timestamp=1779866350884, timestamp=1779866350884, status=UP}
2026-05-27 16:19:13.023 [pool-1-thread-8] INFO  com.fbp.engine.node.impl.LogNode - [16:19:13.022][logger] {tick=2197, __inPort=in, check_timestamp=1779866353022, timestamp=1779866353022, status=UP}
2026-05-27 16:19:15.886 [pool-1-thread-8] INFO  com.fbp.engine.node.impl.LogNode - [16:19:15.886][logger] {tick=2198, __inPort=in, check_timestamp=1779866355886, timestamp=1779866355886, status=UP}
2026-05-27 16:19:16.883 [pool-3-thread-1] INFO  c.f.engine.metrics.MetricsCollector - [MetricsCollector] 8건 메트릭 InfluxDB 적재 완료
2026-05-27 16:19:18.021 [pool-1-thread-8] INFO  com.fbp.engine.node.impl.LogNode - [16:19:18.021][logger] {tick=2199, __inPort=in, check_timestamp=1779866358021, timestamp=1779866358021, status=UP}
2026-05-27 16:19:20.892 [pool-1-thread-8] INFO  com.fbp.engine.node.impl.LogNode - [16:19:20.892][logger] {tick=2200, __inPort=in, check_timestamp=1779866360892, timestamp=1779866360891, status=UP}
2026-05-27 16:19:23.029 [pool-1-thread-8] INFO  com.fbp.engine.node.impl.LogNode - [16:19:23.029][logger] {tick=2201, __inPort=in, check_timestamp=1779866363029, timestamp=1779866363029, status=UP}
2026-05-27 16:19:25.890 [pool-1-thread-8] INFO  com.fbp.engine.node.impl.LogNode - [16:19:25.890][logger] {tick=2202, __inPort=in, check_timestamp=1779866365890, timestamp=1779866365890, status=UP}
2026-05-27 16:19:26.875 [pool-3-thread-1] INFO  c.f.engine.metrics.MetricsCollector - [MetricsCollector] 8건 메트릭 InfluxDB 적재 완료
2026-05-27 16:19:28.023 [pool-1-thread-8] INFO  com.fbp.engine.node.impl.LogNode - [16:19:28.023][logger] {tick=2203, __inPort=in, check_timestamp=1779866368023, timestamp=1779866368023, status=UP}
2026-05-27 16:19:30.892 [pool-1-thread-8] INFO  com.fbp.engine.node.impl.LogNode - [16:19:30.892][logger] {tick=2204, __inPort=in, check_timestamp=1779866370892, timestamp=1779866370892, status=UP}
2026-05-27 16:19:33.022 [pool-1-thread-8] INFO  com.fbp.engine.node.impl.LogNode - [16:19:33.022][logger] {tick=2205, __inPort=in, check_timestamp=1779866373022, timestamp=1779866373022, status=UP}
2026-05-27 16:19:35.892 [pool-1-thread-8] INFO  com.fbp.engine.node.impl.LogNode - [16:19:35.892][logger] {tick=2206, __inPort=in, check_timestamp=1779866375892, timestamp=1779866375892, status=UP}
2026-05-27 16:19:36.885 [pool-3-thread-1] INFO  c.f.engine.metrics.MetricsCollector - [MetricsCollector] 8건 메트릭 InfluxDB 적재 완료
2026-05-27 16:19:38.023 [pool-1-thread-8] INFO  com.fbp.engine.node.impl.LogNode - [16:19:38.023][logger] {tick=2207, __inPort=in, check_timestamp=1779866378023, timestamp=1779866378023, status=UP}
2026-05-27 16:19:40.892 [pool-1-thread-8] INFO  com.fbp.engine.node.impl.LogNode - [16:19:40.892][logger] {tick=2208, __inPort=in, check_timestamp=1779866380892, timestamp=1779866380892, status=UP}
2026-05-27 16:19:43.029 [pool-1-thread-8] INFO  com.fbp.engine.node.impl.LogNode - [16:19:43.029][logger] {tick=2209, __inPort=in, check_timestamp=1779866383029, timestamp=1779866383029, status=UP}
2026-05-27 16:19:45.884 [pool-1-thread-8] INFO  com.fbp.engine.node.impl.LogNode - [16:19:45.884][logger] {tick=2210, __inPort=in, check_timestamp=1779866385884, timestamp=1779866385884, status=UP}
2026-05-27 16:19:46.874 [pool-3-thread-1] INFO  c.f.engine.metrics.MetricsCollector - [MetricsCollector] 8건 메트릭 InfluxDB 적재 완료
2026-05-27 16:19:48.029 [pool-1-thread-8] INFO  com.fbp.engine.node.impl.LogNode - [16:19:48.029][logger] {tick=2211, __inPort=in, check_timestamp=1779866388029, timestamp=1779866388029, status=UP}
2026-05-27 16:19:50.883 [pool-1-thread-8] INFO  com.fbp.engine.node.impl.LogNode - [16:19:50.883][logger] {tick=2212, __inPort=in, check_timestamp=1779866390883, timestamp=1779866390883, status=UP}
2026-05-27 16:19:53.025 [pool-1-thread-8] INFO  com.fbp.engine.node.impl.LogNode - [16:19:53.025][logger] {tick=2213, __inPort=in, check_timestamp=1779866393025, timestamp=1779866393025, status=UP}
2026-05-27 16:19:55.892 [pool-1-thread-8] INFO  com.fbp.engine.node.impl.LogNode - [16:19:55.892][logger] {tick=2214, __inPort=in, check_timestamp=1779866395892, timestamp=1779866395892, status=UP}
2026-05-27 16:19:56.884 [pool-3-thread-1] INFO  c.f.engine.metrics.MetricsCollector - [MetricsCollector] 8건 메트릭 InfluxDB 적재 완료
2026-05-27 16:19:58.029 [pool-1-thread-8] INFO  com.fbp.engine.node.impl.LogNode - [16:19:58.029][logger] {tick=2215, __inPort=in, check_timestamp=1779866398029, timestamp=1779866398029, status=UP}
2026-05-27 16:20:00.893 [pool-1-thread-8] INFO  com.fbp.engine.node.impl.LogNode - [16:20:00.893][logger] {tick=2216, __inPort=in, check_timestamp=1779866400893, timestamp=1779866400892, status=UP}
2026-05-27 16:20:03.028 [pool-1-thread-8] INFO  com.fbp.engine.node.impl.LogNode - [16:20:03.028][logger] {tick=2217, __inPort=in, check_timestamp=1779866403028, timestamp=1779866403028, status=UP}
2026-05-27 16:20:05.888 [pool-1-thread-8] INFO  com.fbp.engine.node.impl.LogNode - [16:20:05.888][logger] {tick=2218, __inPort=in, check_timestamp=1779866405888, timestamp=1779866405888, status=UP}
2026-05-27 16:20:06.877 [pool-3-thread-1] INFO  c.f.engine.metrics.MetricsCollector - [MetricsCollector] 8건 메트릭 InfluxDB 적재 완료
2026-05-27 16:20:08.024 [pool-1-thread-8] INFO  com.fbp.engine.node.impl.LogNode - [16:20:08.024][logger] {tick=2219, __inPort=in, check_timestamp=1779866408024, timestamp=1779866408024, status=UP}
2026-05-27 16:20:10.885 [pool-1-thread-8] INFO  com.fbp.engine.node.impl.LogNode - [16:20:10.885][logger] {tick=2220, __inPort=in, check_timestamp=1779866410885, timestamp=1779866410885, status=UP}
2026-05-27 16:20:13.025 [pool-1-thread-8] INFO  com.fbp.engine.node.impl.LogNode - [16:20:13.025][logger] {tick=2221, __inPort=in, check_timestamp=1779866413025, timestamp=1779866413025, status=UP}
2026-05-27 16:20:15.891 [pool-1-thread-8] INFO  com.fbp.engine.node.impl.LogNode - [16:20:15.891][logger] {tick=2222, __inPort=in, check_timestamp=1779866415891, timestamp=1779866415891, status=UP}
2026-05-27 16:20:16.883 [pool-3-thread-1] INFO  c.f.engine.metrics.MetricsCollector - [MetricsCollector] 8건 메트릭 InfluxDB 적재 완료
2026-05-27 16:20:18.028 [pool-1-thread-8] INFO  com.fbp.engine.node.impl.LogNode - [16:20:18.028][logger] {tick=2223, __inPort=in, check_timestamp=1779866418028, timestamp=1779866418028, status=UP}
2026-05-27 16:20:20.892 [pool-1-thread-8] INFO  com.fbp.engine.node.impl.LogNode - [16:20:20.892][logger] {tick=2224, __inPort=in, check_timestamp=1779866420892, timestamp=1779866420892, status=UP}
2026-05-27 16:20:23.030 [pool-1-thread-8] INFO  com.fbp.engine.node.impl.LogNode - [16:20:23.030][logger] {tick=2225, __inPort=in, check_timestamp=1779866423030, timestamp=1779866423030, status=UP}
2026-05-27 16:20:25.892 [pool-1-thread-8] INFO  com.fbp.engine.node.impl.LogNode - [16:20:25.892][logger] {tick=2226, __inPort=in, check_timestamp=1779866425892, timestamp=1779866425892, status=UP}
2026-05-27 16:20:26.885 [pool-3-thread-1] INFO  c.f.engine.metrics.MetricsCollector - [MetricsCollector] 8건 메트릭 InfluxDB 적재 완료
2026-05-27 16:20:28.026 [pool-1-thread-8] INFO  com.fbp.engine.node.impl.LogNode - [16:20:28.026][logger] {tick=2227, __inPort=in, check_timestamp=1779866428026, timestamp=1779866428026, status=UP}
2026-05-27 16:20:30.893 [pool-1-thread-8] INFO  com.fbp.engine.node.impl.LogNode - [16:20:30.893][logger] {tick=2228, __inPort=in, check_timestamp=1779866430893, timestamp=1779866430892, status=UP}
2026-05-27 16:20:33.030 [pool-1-thread-8] INFO  com.fbp.engine.node.impl.LogNode - [16:20:33.029][logger] {tick=2229, __inPort=in, check_timestamp=1779866433029, timestamp=1779866433029, status=UP}
2026-05-27 16:20:35.889 [pool-1-thread-8] INFO  com.fbp.engine.node.impl.LogNode - [16:20:35.889][logger] {tick=2230, __inPort=in, check_timestamp=1779866435889, timestamp=1779866435889, status=UP}
2026-05-27 16:20:36.881 [pool-3-thread-1] INFO  c.f.engine.metrics.MetricsCollector - [MetricsCollector] 8건 메트릭 InfluxDB 적재 완료
2026-05-27 16:20:38.026 [pool-1-thread-8] INFO  com.fbp.engine.node.impl.LogNode - [16:20:38.026][logger] {tick=2231, __inPort=in, check_timestamp=1779866438026, timestamp=1779866438025, status=UP}
2026-05-27 16:20:40.887 [pool-1-thread-8] INFO  com.fbp.engine.node.impl.LogNode - [16:20:40.887][logger] {tick=2232, __inPort=in, check_timestamp=1779866440887, timestamp=1779866440887, status=UP}
2026-05-27 16:20:43.026 [pool-1-thread-8] INFO  com.fbp.engine.node.impl.LogNode - [16:20:43.026][logger] {tick=2233, __inPort=in, check_timestamp=1779866443026, timestamp=1779866443026, status=UP}
2026-05-27 16:20:45.893 [pool-1-thread-8] INFO  com.fbp.engine.node.impl.LogNode - [16:20:45.893][logger] {tick=2234, __inPort=in, check_timestamp=1779866445893, timestamp=1779866445893, status=UP}
2026-05-27 16:20:46.877 [pool-3-thread-1] INFO  c.f.engine.metrics.MetricsCollector - [MetricsCollector] 8건 메트릭 InfluxDB 적재 완료
2026-05-27 16:20:48.023 [pool-1-thread-8] INFO  com.fbp.engine.node.impl.LogNode - [16:20:48.023][logger] {tick=2235, __inPort=in, check_timestamp=1779866448023, timestamp=1779866448023, status=UP}
2026-05-27 16:20:50.894 [pool-1-thread-8] INFO  com.fbp.engine.node.impl.LogNode - [16:20:50.893][logger] {tick=2236, __inPort=in, check_timestamp=1779866450893, timestamp=1779866450893, status=UP}
2026-05-27 16:20:53.022 [pool-1-thread-8] INFO  com.fbp.engine.node.impl.LogNode - [16:20:53.022][logger] {tick=2237, __inPort=in, check_timestamp=1779866453022, timestamp=1779866453022, status=UP}
2026-05-27 16:20:55.894 [pool-1-thread-8] INFO  com.fbp.engine.node.impl.LogNode - [16:20:55.894][logger] {tick=2238, __inPort=in, check_timestamp=1779866455893, timestamp=1779866455893, status=UP}
2026-05-27 16:20:56.875 [pool-3-thread-1] INFO  c.f.engine.metrics.MetricsCollector - [MetricsCollector] 8건 메트릭 InfluxDB 적재 완료
2026-05-27 16:20:58.030 [pool-1-thread-8] INFO  com.fbp.engine.node.impl.LogNode - [16:20:58.030][logger] {tick=2239, __inPort=in, check_timestamp=1779866458030, timestamp=1779866458030, status=UP}
2026-05-27 16:21:00.893 [pool-1-thread-8] INFO  com.fbp.engine.node.impl.LogNode - [16:21:00.893][logger] {tick=2240, __inPort=in, check_timestamp=1779866460893, timestamp=1779866460893, status=UP}
2026-05-27 16:21:03.030 [pool-1-thread-8] INFO  com.fbp.engine.node.impl.LogNode - [16:21:03.030][logger] {tick=2241, __inPort=in, check_timestamp=1779866463030, timestamp=1779866463030, status=UP}
2026-05-27 16:21:05.893 [pool-1-thread-8] INFO  com.fbp.engine.node.impl.LogNode - [16:21:05.893][logger] {tick=2242, __inPort=in, check_timestamp=1779866465893, timestamp=1779866465893, status=UP}
2026-05-27 16:21:06.879 [pool-3-thread-1] INFO  c.f.engine.metrics.MetricsCollector - [MetricsCollector] 8건 메트릭 InfluxDB 적재 완료
2026-05-27 16:21:08.031 [pool-1-thread-8] INFO  com.fbp.engine.node.impl.LogNode - [16:21:08.031][logger] {tick=2243, __inPort=in, check_timestamp=1779866468030, timestamp=1779866468030, status=UP}
2026-05-27 16:21:10.885 [pool-1-thread-8] INFO  com.fbp.engine.node.impl.LogNode - [16:21:10.885][logger] {tick=2244, __inPort=in, check_timestamp=1779866470885, timestamp=1779866470885, status=UP}
2026-05-27 16:21:13.025 [pool-1-thread-8] INFO  com.fbp.engine.node.impl.LogNode - [16:21:13.025][logger] {tick=2245, __inPort=in, check_timestamp=1779866473025, timestamp=1779866473025, status=UP}
2026-05-27 16:21:15.893 [pool-1-thread-8] INFO  com.fbp.engine.node.impl.LogNode - [16:21:15.893][logger] {tick=2246, __inPort=in, check_timestamp=1779866475893, timestamp=1779866475893, status=UP}
2026-05-27 16:21:16.885 [pool-3-thread-1] INFO  c.f.engine.metrics.MetricsCollector - [MetricsCollector] 8건 메트릭 InfluxDB 적재 완료
2026-05-27 16:21:18.025 [pool-1-thread-8] INFO  com.fbp.engine.node.impl.LogNode - [16:21:18.025][logger] {tick=2247, __inPort=in, check_timestamp=1779866478025, timestamp=1779866478025, status=UP}
2026-05-27 16:21:20.892 [pool-1-thread-8] INFO  com.fbp.engine.node.impl.LogNode - [16:21:20.892][logger] {tick=2248, __inPort=in, check_timestamp=1779866480892, timestamp=1779866480892, status=UP}
2026-05-27 16:21:23.028 [pool-1-thread-8] INFO  com.fbp.engine.node.impl.LogNode - [16:21:23.027][logger] {tick=2249, __inPort=in, check_timestamp=1779866483027, timestamp=1779866483027, status=UP}
2026-05-27 16:21:25.893 [pool-1-thread-8] INFO  com.fbp.engine.node.impl.LogNode - [16:21:25.893][logger] {tick=2250, __inPort=in, check_timestamp=1779866485893, timestamp=1779866485893, status=UP}
2026-05-27 16:21:26.877 [pool-3-thread-1] INFO  c.f.engine.metrics.MetricsCollector - [MetricsCollector] 8건 메트릭 InfluxDB 적재 완료
2026-05-27 16:21:28.030 [pool-1-thread-8] INFO  com.fbp.engine.node.impl.LogNode - [16:21:28.030][logger] {tick=2251, __inPort=in, check_timestamp=1779866488030, timestamp=1779866488030, status=UP}
2026-05-27 16:21:30.894 [pool-1-thread-8] INFO  com.fbp.engine.node.impl.LogNode - [16:21:30.894][logger] {tick=2252, __inPort=in, check_timestamp=1779866490894, timestamp=1779866490894, status=UP}
2026-05-27 16:21:33.029 [pool-1-thread-8] INFO  com.fbp.engine.node.impl.LogNode - [16:21:33.029][logger] {tick=2253, __inPort=in, check_timestamp=1779866493029, timestamp=1779866493029, status=UP}
2026-05-27 16:21:35.894 [pool-1-thread-8] INFO  com.fbp.engine.node.impl.LogNode - [16:21:35.894][logger] {tick=2254, __inPort=in, check_timestamp=1779866495894, timestamp=1779866495893, status=UP}
2026-05-27 16:21:36.881 [pool-3-thread-1] INFO  c.f.engine.metrics.MetricsCollector - [MetricsCollector] 8건 메트릭 InfluxDB 적재 완료
2026-05-27 16:21:38.023 [pool-1-thread-8] INFO  com.fbp.engine.node.impl.LogNode - [16:21:38.023][logger] {tick=2255, __inPort=in, check_timestamp=1779866498023, timestamp=1779866498023, status=UP}
2026-05-27 16:21:40.887 [pool-1-thread-8] INFO  com.fbp.engine.node.impl.LogNode - [16:21:40.887][logger] {tick=2256, __inPort=in, check_timestamp=1779866500887, timestamp=1779866500887, status=UP}
2026-05-27 16:21:43.031 [pool-1-thread-8] INFO  com.fbp.engine.node.impl.LogNode - [16:21:43.031][logger] {tick=2257, __inPort=in, check_timestamp=1779866503031, timestamp=1779866503031, status=UP}
2026-05-27 16:21:45.887 [pool-1-thread-8] INFO  com.fbp.engine.node.impl.LogNode - [16:21:45.887][logger] {tick=2258, __inPort=in, check_timestamp=1779866505887, timestamp=1779866505887, status=UP}
2026-05-27 16:21:46.885 [pool-3-thread-1] INFO  c.f.engine.metrics.MetricsCollector - [MetricsCollector] 8건 메트릭 InfluxDB 적재 완료
2026-05-27 16:21:48.024 [pool-1-thread-8] INFO  com.fbp.engine.node.impl.LogNode - [16:21:48.024][logger] {tick=2259, __inPort=in, check_timestamp=1779866508024, timestamp=1779866508024, status=UP}
2026-05-27 16:21:50.886 [pool-1-thread-8] INFO  com.fbp.engine.node.impl.LogNode - [16:21:50.886][logger] {tick=2260, __inPort=in, check_timestamp=1779866510886, timestamp=1779866510886, status=UP}
2026-05-27 16:21:53.031 [pool-1-thread-8] INFO  com.fbp.engine.node.impl.LogNode - [16:21:53.031][logger] {tick=2261, __inPort=in, check_timestamp=1779866513031, timestamp=1779866513031, status=UP}
2026-05-27 16:21:55.894 [pool-1-thread-8] INFO  com.fbp.engine.node.impl.LogNode - [16:21:55.894][logger] {tick=2262, __inPort=in, check_timestamp=1779866515894, timestamp=1779866515894, status=UP}
2026-05-27 16:21:56.887 [pool-3-thread-1] INFO  c.f.engine.metrics.MetricsCollector - [MetricsCollector] 8건 메트릭 InfluxDB 적재 완료
2026-05-27 16:21:58.031 [pool-1-thread-8] INFO  com.fbp.engine.node.impl.LogNode - [16:21:58.031][logger] {tick=2263, __inPort=in, check_timestamp=1779866518031, timestamp=1779866518031, status=UP}
2026-05-27 16:22:00.893 [pool-1-thread-8] INFO  com.fbp.engine.node.impl.LogNode - [16:22:00.893][logger] {tick=2264, __inPort=in, check_timestamp=1779866520893, timestamp=1779866520893, status=UP}
2026-05-27 16:22:03.031 [pool-1-thread-8] INFO  com.fbp.engine.node.impl.LogNode - [16:22:03.031][logger] {tick=2265, __inPort=in, check_timestamp=1779866523031, timestamp=1779866523031, status=UP}
2026-05-27 16:22:05.895 [pool-1-thread-8] INFO  com.fbp.engine.node.impl.LogNode - [16:22:05.895][logger] {tick=2266, __inPort=in, check_timestamp=1779866525895, timestamp=1779866525894, status=UP}
2026-05-27 16:22:06.886 [pool-3-thread-1] INFO  c.f.engine.metrics.MetricsCollector - [MetricsCollector] 8건 메트릭 InfluxDB 적재 완료
2026-05-27 16:22:08.028 [pool-1-thread-8] INFO  com.fbp.engine.node.impl.LogNode - [16:22:08.028][logger] {tick=2267, __inPort=in, check_timestamp=1779866528028, timestamp=1779866528028, status=UP}
2026-05-27 16:22:10.895 [pool-1-thread-8] INFO  com.fbp.engine.node.impl.LogNode - [16:22:10.895][logger] {tick=2268, __inPort=in, check_timestamp=1779866530895, timestamp=1779866530895, status=UP}
2026-05-27 16:22:13.031 [pool-1-thread-8] INFO  com.fbp.engine.node.impl.LogNode - [16:22:13.031][logger] {tick=2269, __inPort=in, check_timestamp=1779866533031, timestamp=1779866533031, status=UP}
2026-05-27 16:22:15.895 [pool-1-thread-8] INFO  com.fbp.engine.node.impl.LogNode - [16:22:15.895][logger] {tick=2270, __inPort=in, check_timestamp=1779866535895, timestamp=1779866535895, status=UP}
2026-05-27 16:22:16.882 [pool-3-thread-1] INFO  c.f.engine.metrics.MetricsCollector - [MetricsCollector] 8건 메트릭 InfluxDB 적재 완료
2026-05-27 16:22:18.027 [pool-1-thread-8] INFO  com.fbp.engine.node.impl.LogNode - [16:22:18.027][logger] {tick=2271, __inPort=in, check_timestamp=1779866538027, timestamp=1779866538026, status=UP}
2026-05-27 16:22:20.893 [pool-1-thread-8] INFO  com.fbp.engine.node.impl.LogNode - [16:22:20.893][logger] {tick=2272, __inPort=in, check_timestamp=1779866540893, timestamp=1779866540893, status=UP}
2026-05-27 16:22:23.031 [pool-1-thread-8] INFO  com.fbp.engine.node.impl.LogNode - [16:22:23.031][logger] {tick=2273, __inPort=in, check_timestamp=1779866543031, timestamp=1779866543030, status=UP}
2026-05-27 16:22:25.890 [pool-1-thread-8] INFO  com.fbp.engine.node.impl.LogNode - [16:22:25.890][logger] {tick=2274, __inPort=in, check_timestamp=1779866545890, timestamp=1779866545890, status=UP}
2026-05-27 16:22:26.886 [pool-3-thread-1] INFO  c.f.engine.metrics.MetricsCollector - [MetricsCollector] 8건 메트릭 InfluxDB 적재 완료
2026-05-27 16:22:28.030 [pool-1-thread-8] INFO  com.fbp.engine.node.impl.LogNode - [16:22:28.030][logger] {tick=2275, __inPort=in, check_timestamp=1779866548030, timestamp=1779866548030, status=UP}
2026-05-27 16:22:30.895 [pool-1-thread-8] INFO  com.fbp.engine.node.impl.LogNode - [16:22:30.895][logger] {tick=2276, __inPort=in, check_timestamp=1779866550895, timestamp=1779866550895, status=UP}
2026-05-27 16:22:33.026 [pool-1-thread-8] INFO  com.fbp.engine.node.impl.LogNode - [16:22:33.026][logger] {tick=2277, __inPort=in, check_timestamp=1779866553026, timestamp=1779866553026, status=UP}
2026-05-27 16:22:35.894 [pool-1-thread-8] INFO  com.fbp.engine.node.impl.LogNode - [16:22:35.894][logger] {tick=2278, __inPort=in, check_timestamp=1779866555894, timestamp=1779866555894, status=UP}
2026-05-27 16:22:36.886 [pool-3-thread-1] INFO  c.f.engine.metrics.MetricsCollector - [MetricsCollector] 8건 메트릭 InfluxDB 적재 완료
2026-05-27 16:22:38.029 [pool-1-thread-8] INFO  com.fbp.engine.node.impl.LogNode - [16:22:38.029][logger] {tick=2279, __inPort=in, check_timestamp=1779866558029, timestamp=1779866558029, status=UP}
2026-05-27 16:22:40.888 [pool-1-thread-8] INFO  com.fbp.engine.node.impl.LogNode - [16:22:40.888][logger] {tick=2280, __inPort=in, check_timestamp=1779866560888, timestamp=1779866560887, status=UP}
2026-05-27 16:22:43.025 [pool-1-thread-8] INFO  com.fbp.engine.node.impl.LogNode - [16:22:43.025][logger] {tick=2281, __inPort=in, check_timestamp=1779866563025, timestamp=1779866563024, status=UP}
2026-05-27 16:22:45.887 [pool-1-thread-8] INFO  com.fbp.engine.node.impl.LogNode - [16:22:45.887][logger] {tick=2282, __inPort=in, check_timestamp=1779866565887, timestamp=1779866565887, status=UP}
2026-05-27 16:22:46.884 [pool-3-thread-1] INFO  c.f.engine.metrics.MetricsCollector - [MetricsCollector] 8건 메트릭 InfluxDB 적재 완료
2026-05-27 16:22:48.026 [pool-1-thread-8] INFO  com.fbp.engine.node.impl.LogNode - [16:22:48.026][logger] {tick=2283, __inPort=in, check_timestamp=1779866568026, timestamp=1779866568026, status=UP}
2026-05-27 16:22:50.892 [pool-1-thread-8] INFO  com.fbp.engine.node.impl.LogNode - [16:22:50.892][logger] {tick=2284, __inPort=in, check_timestamp=1779866570892, timestamp=1779866570891, status=UP}
2026-05-27 16:22:53.032 [pool-1-thread-8] INFO  com.fbp.engine.node.impl.LogNode - [16:22:53.032][logger] {tick=2285, __inPort=in, check_timestamp=1779866573032, timestamp=1779866573032, status=UP}
2026-05-27 16:22:55.893 [pool-1-thread-8] INFO  com.fbp.engine.node.impl.LogNode - [16:22:55.893][logger] {tick=2286, __inPort=in, check_timestamp=1779866575893, timestamp=1779866575892, status=UP}
2026-05-27 16:22:56.881 [pool-3-thread-1] INFO  c.f.engine.metrics.MetricsCollector - [MetricsCollector] 8건 메트릭 InfluxDB 적재 완료
2026-05-27 16:22:58.032 [pool-1-thread-8] INFO  com.fbp.engine.node.impl.LogNode - [16:22:58.032][logger] {tick=2287, __inPort=in, check_timestamp=1779866578032, timestamp=1779866578032, status=UP}
2026-05-27 16:23:00.895 [pool-1-thread-8] INFO  com.fbp.engine.node.impl.LogNode - [16:23:00.895][logger] {tick=2288, __inPort=in, check_timestamp=1779866580895, timestamp=1779866580895, status=UP}
2026-05-27 16:23:03.032 [pool-1-thread-8] INFO  com.fbp.engine.node.impl.LogNode - [16:23:03.032][logger] {tick=2289, __inPort=in, check_timestamp=1779866583032, timestamp=1779866583032, status=UP}
2026-05-27 16:23:05.890 [pool-1-thread-8] INFO  com.fbp.engine.node.impl.LogNode - [16:23:05.890][logger] {tick=2290, __inPort=in, check_timestamp=1779866585890, timestamp=1779866585890, status=UP}
2026-05-27 16:23:06.879 [pool-3-thread-1] INFO  c.f.engine.metrics.MetricsCollector - [MetricsCollector] 8건 메트릭 InfluxDB 적재 완료
2026-05-27 16:23:08.026 [pool-1-thread-8] INFO  com.fbp.engine.node.impl.LogNode - [16:23:08.026][logger] {tick=2291, __inPort=in, check_timestamp=1779866588026, timestamp=1779866588025, status=UP}
2026-05-27 16:23:10.895 [pool-1-thread-8] INFO  com.fbp.engine.node.impl.LogNode - [16:23:10.895][logger] {tick=2292, __inPort=in, check_timestamp=1779866590895, timestamp=1779866590895, status=UP}
2026-05-27 16:23:13.030 [pool-1-thread-8] INFO  com.fbp.engine.node.impl.LogNode - [16:23:13.030][logger] {tick=2293, __inPort=in, check_timestamp=1779866593030, timestamp=1779866593030, status=UP}
2026-05-27 16:23:15.895 [pool-1-thread-8] INFO  com.fbp.engine.node.impl.LogNode - [16:23:15.895][logger] {tick=2294, __inPort=in, check_timestamp=1779866595895, timestamp=1779866595895, status=UP}
2026-05-27 16:23:16.884 [pool-3-thread-1] INFO  c.f.engine.metrics.MetricsCollector - [MetricsCollector] 8건 메트릭 InfluxDB 적재 완료
2026-05-27 16:23:18.028 [pool-1-thread-8] INFO  com.fbp.engine.node.impl.LogNode - [16:23:18.028][logger] {tick=2295, __inPort=in, check_timestamp=1779866598028, timestamp=1779866598028, status=UP}
2026-05-27 16:23:20.896 [pool-1-thread-8] INFO  com.fbp.engine.node.impl.LogNode - [16:23:20.896][logger] {tick=2296, __inPort=in, check_timestamp=1779866600896, timestamp=1779866600896, status=UP}
2026-05-27 16:23:23.025 [pool-1-thread-8] INFO  com.fbp.engine.node.impl.LogNode - [16:23:23.025][logger] {tick=2297, __inPort=in, check_timestamp=1779866603025, timestamp=1779866603024, status=UP}
2026-05-27 16:23:25.895 [pool-1-thread-8] INFO  com.fbp.engine.node.impl.LogNode - [16:23:25.895][logger] {tick=2298, __inPort=in, check_timestamp=1779866605895, timestamp=1779866605895, status=UP}
2026-05-27 16:23:26.887 [pool-3-thread-1] INFO  c.f.engine.metrics.MetricsCollector - [MetricsCollector] 8건 메트릭 InfluxDB 적재 완료
2026-05-27 16:23:28.025 [pool-1-thread-8] INFO  com.fbp.engine.node.impl.LogNode - [16:23:28.025][logger] {tick=2299, __inPort=in, check_timestamp=1779866608025, timestamp=1779866608024, status=UP}
2026-05-27 16:23:30.896 [pool-1-thread-8] INFO  com.fbp.engine.node.impl.LogNode - [16:23:30.896][logger] {tick=2300, __inPort=in, check_timestamp=1779866610896, timestamp=1779866610896, status=UP}
2026-05-27 16:23:33.025 [pool-1-thread-8] INFO  com.fbp.engine.node.impl.LogNode - [16:23:33.025][logger] {tick=2301, __inPort=in, check_timestamp=1779866613025, timestamp=1779866613025, status=UP}
2026-05-27 16:23:35.891 [pool-1-thread-8] INFO  com.fbp.engine.node.impl.LogNode - [16:23:35.890][logger] {tick=2302, __inPort=in, check_timestamp=1779866615890, timestamp=1779866615890, status=UP}
2026-05-27 16:23:36.879 [pool-3-thread-1] INFO  c.f.engine.metrics.MetricsCollector - [MetricsCollector] 8건 메트릭 InfluxDB 적재 완료
2026-05-27 16:23:38.032 [pool-1-thread-8] INFO  com.fbp.engine.node.impl.LogNode - [16:23:38.032][logger] {tick=2303, __inPort=in, check_timestamp=1779866618031, timestamp=1779866618031, status=UP}
2026-05-27 16:23:40.887 [pool-1-thread-8] INFO  com.fbp.engine.node.impl.LogNode - [16:23:40.887][logger] {tick=2304, __inPort=in, check_timestamp=1779866620887, timestamp=1779866620886, status=UP}
2026-05-27 16:23:43.028 [pool-1-thread-8] INFO  com.fbp.engine.node.impl.LogNode - [16:23:43.028][logger] {tick=2305, __inPort=in, check_timestamp=1779866623028, timestamp=1779866623027, status=UP}
2026-05-27 16:23:45.895 [pool-1-thread-8] INFO  com.fbp.engine.node.impl.LogNode - [16:23:45.895][logger] {tick=2306, __inPort=in, check_timestamp=1779866625895, timestamp=1779866625895, status=UP}
2026-05-27 16:23:46.889 [pool-3-thread-1] INFO  c.f.engine.metrics.MetricsCollector - [MetricsCollector] 8건 메트릭 InfluxDB 적재 완료
2026-05-27 16:23:48.032 [pool-1-thread-8] INFO  com.fbp.engine.node.impl.LogNode - [16:23:48.032][logger] {tick=2307, __inPort=in, check_timestamp=1779866628032, timestamp=1779866628032, status=UP}
2026-05-27 16:23:50.894 [pool-1-thread-8] INFO  com.fbp.engine.node.impl.LogNode - [16:23:50.894][logger] {tick=2308, __inPort=in, check_timestamp=1779866630894, timestamp=1779866630894, status=UP}
2026-05-27 16:23:53.030 [pool-1-thread-8] INFO  com.fbp.engine.node.impl.LogNode - [16:23:53.030][logger] {tick=2309, __inPort=in, check_timestamp=1779866633030, timestamp=1779866633030, status=UP}
2026-05-27 16:23:55.895 [pool-1-thread-8] INFO  com.fbp.engine.node.impl.LogNode - [16:23:55.895][logger] {tick=2310, __inPort=in, check_timestamp=1779866635895, timestamp=1779866635895, status=UP}
2026-05-27 16:23:56.887 [pool-3-thread-1] INFO  c.f.engine.metrics.MetricsCollector - [MetricsCollector] 8건 메트릭 InfluxDB 적재 완료
2026-05-27 16:23:58.030 [pool-1-thread-8] INFO  com.fbp.engine.node.impl.LogNode - [16:23:58.030][logger] {tick=2311, __inPort=in, check_timestamp=1779866638030, timestamp=1779866638030, status=UP}
2026-05-27 16:24:00.897 [pool-1-thread-8] INFO  com.fbp.engine.node.impl.LogNode - [16:24:00.896][logger] {tick=2312, __inPort=in, check_timestamp=1779866640896, timestamp=1779866640896, status=UP}
2026-05-27 16:24:03.027 [pool-1-thread-8] INFO  com.fbp.engine.node.impl.LogNode - [16:24:03.027][logger] {tick=2313, __inPort=in, check_timestamp=1779866643027, timestamp=1779866643027, status=UP}
2026-05-27 16:24:05.896 [pool-1-thread-8] INFO  com.fbp.engine.node.impl.LogNode - [16:24:05.896][logger] {tick=2314, __inPort=in, check_timestamp=1779866645896, timestamp=1779866645895, status=UP}
2026-05-27 16:24:06.880 [pool-3-thread-1] INFO  c.f.engine.metrics.MetricsCollector - [MetricsCollector] 8건 메트릭 InfluxDB 적재 완료
2026-05-27 16:24:08.032 [pool-1-thread-8] INFO  com.fbp.engine.node.impl.LogNode - [16:24:08.032][logger] {tick=2315, __inPort=in, check_timestamp=1779866648031, timestamp=1779866648031, status=UP}
2026-05-27 16:24:10.896 [pool-1-thread-8] INFO  com.fbp.engine.node.impl.LogNode - [16:24:10.896][logger] {tick=2316, __inPort=in, check_timestamp=1779866650896, timestamp=1779866650896, status=UP}
2026-05-27 16:24:13.034 [pool-1-thread-8] INFO  com.fbp.engine.node.impl.LogNode - [16:24:13.034][logger] {tick=2317, __inPort=in, check_timestamp=1779866653033, timestamp=1779866653033, status=UP}
2026-05-27 16:24:15.897 [pool-1-thread-8] INFO  com.fbp.engine.node.impl.LogNode - [16:24:15.897][logger] {tick=2318, __inPort=in, check_timestamp=1779866655897, timestamp=1779866655897, status=UP}
2026-05-27 16:24:16.879 [pool-3-thread-1] INFO  c.f.engine.metrics.MetricsCollector - [MetricsCollector] 8건 메트릭 InfluxDB 적재 완료
2026-05-27 16:24:18.030 [pool-1-thread-8] INFO  com.fbp.engine.node.impl.LogNode - [16:24:18.030][logger] {tick=2319, __inPort=in, check_timestamp=1779866658030, timestamp=1779866658030, status=UP}
2026-05-27 16:24:20.897 [pool-1-thread-8] INFO  com.fbp.engine.node.impl.LogNode - [16:24:20.897][logger] {tick=2320, __inPort=in, check_timestamp=1779866660897, timestamp=1779866660897, status=UP}
2026-05-27 16:24:23.027 [pool-1-thread-8] INFO  com.fbp.engine.node.impl.LogNode - [16:24:23.027][logger] {tick=2321, __inPort=in, check_timestamp=1779866663027, timestamp=1779866663026, status=UP}
2026-05-27 16:24:25.894 [pool-1-thread-8] INFO  com.fbp.engine.node.impl.LogNode - [16:24:25.894][logger] {tick=2322, __inPort=in, check_timestamp=1779866665894, timestamp=1779866665894, status=UP}
2026-05-27 16:24:26.888 [pool-3-thread-1] INFO  c.f.engine.metrics.MetricsCollector - [MetricsCollector] 8건 메트릭 InfluxDB 적재 완료
2026-05-27 16:24:28.025 [pool-1-thread-8] INFO  com.fbp.engine.node.impl.LogNode - [16:24:28.024][logger] {tick=2323, __inPort=in, check_timestamp=1779866668024, timestamp=1779866668024, status=UP}
2026-05-27 16:24:30.894 [pool-1-thread-8] INFO  com.fbp.engine.node.impl.LogNode - [16:24:30.894][logger] {tick=2324, __inPort=in, check_timestamp=1779866670894, timestamp=1779866670893, status=UP}
2026-05-27 16:24:33.024 [pool-1-thread-8] INFO  com.fbp.engine.node.impl.LogNode - [16:24:33.024][logger] {tick=2325, __inPort=in, check_timestamp=1779866673024, timestamp=1779866673024, status=UP}
2026-05-27 16:24:35.894 [pool-1-thread-8] INFO  com.fbp.engine.node.impl.LogNode - [16:24:35.893][logger] {tick=2326, __inPort=in, check_timestamp=1779866675893, timestamp=1779866675893, status=UP}
2026-05-27 16:24:36.886 [pool-3-thread-1] INFO  c.f.engine.metrics.MetricsCollector - [MetricsCollector] 8건 메트릭 InfluxDB 적재 완료
2026-05-27 16:24:38.034 [pool-1-thread-8] INFO  com.fbp.engine.node.impl.LogNode - [16:24:38.034][logger] {tick=2327, __inPort=in, check_timestamp=1779866678034, timestamp=1779866678034, status=UP}
2026-05-27 16:24:40.889 [pool-1-thread-8] INFO  com.fbp.engine.node.impl.LogNode - [16:24:40.889][logger] {tick=2328, __inPort=in, check_timestamp=1779866680889, timestamp=1779866680889, status=UP}
2026-05-27 16:24:43.024 [pool-1-thread-8] INFO  com.fbp.engine.node.impl.LogNode - [16:24:43.024][logger] {tick=2329, __inPort=in, check_timestamp=1779866683024, timestamp=1779866683024, status=UP}
2026-05-27 16:24:45.897 [pool-1-thread-8] INFO  com.fbp.engine.node.impl.LogNode - [16:24:45.897][logger] {tick=2330, __inPort=in, check_timestamp=1779866685897, timestamp=1779866685897, status=UP}
2026-05-27 16:24:46.882 [pool-3-thread-1] INFO  c.f.engine.metrics.MetricsCollector - [MetricsCollector] 8건 메트릭 InfluxDB 적재 완료
2026-05-27 16:24:48.031 [pool-1-thread-8] INFO  com.fbp.engine.node.impl.LogNode - [16:24:48.031][logger] {tick=2331, __inPort=in, check_timestamp=1779866688031, timestamp=1779866688031, status=UP}
2026-05-27 16:24:50.897 [pool-1-thread-8] INFO  com.fbp.engine.node.impl.LogNode - [16:24:50.897][logger] {tick=2332, __inPort=in, check_timestamp=1779866690897, timestamp=1779866690897, status=UP}
2026-05-27 16:24:53.034 [pool-1-thread-8] INFO  com.fbp.engine.node.impl.LogNode - [16:24:53.034][logger] {tick=2333, __inPort=in, check_timestamp=1779866693034, timestamp=1779866693034, status=UP}
2026-05-27 16:24:55.897 [pool-1-thread-8] INFO  com.fbp.engine.node.impl.LogNode - [16:24:55.897][logger] {tick=2334, __inPort=in, check_timestamp=1779866695897, timestamp=1779866695897, status=UP}
2026-05-27 16:24:56.885 [pool-3-thread-1] INFO  c.f.engine.metrics.MetricsCollector - [MetricsCollector] 8건 메트릭 InfluxDB 적재 완료
2026-05-27 16:24:58.034 [pool-1-thread-8] INFO  com.fbp.engine.node.impl.LogNode - [16:24:58.034][logger] {tick=2335, __inPort=in, check_timestamp=1779866698034, timestamp=1779866698034, status=UP}
2026-05-27 16:25:00.897 [pool-1-thread-8] INFO  com.fbp.engine.node.impl.LogNode - [16:25:00.897][logger] {tick=2336, __inPort=in, check_timestamp=1779866700897, timestamp=1779866700897, status=UP}
2026-05-27 16:25:03.034 [pool-1-thread-8] INFO  com.fbp.engine.node.impl.LogNode - [16:25:03.034][logger] {tick=2337, __inPort=in, check_timestamp=1779866703034, timestamp=1779866703034, status=UP}
2026-05-27 16:25:05.898 [pool-1-thread-8] INFO  com.fbp.engine.node.impl.LogNode - [16:25:05.898][logger] {tick=2338, __inPort=in, check_timestamp=1779866705897, timestamp=1779866705897, status=UP}
2026-05-27 16:25:06.890 [pool-3-thread-1] INFO  c.f.engine.metrics.MetricsCollector - [MetricsCollector] 8건 메트릭 InfluxDB 적재 완료
2026-05-27 16:25:08.027 [pool-1-thread-8] INFO  com.fbp.engine.node.impl.LogNode - [16:25:08.027][logger] {tick=2339, __inPort=in, check_timestamp=1779866708027, timestamp=1779866708027, status=UP}
2026-05-27 16:25:10.897 [pool-1-thread-8] INFO  com.fbp.engine.node.impl.LogNode - [16:25:10.897][logger] {tick=2340, __inPort=in, check_timestamp=1779866710897, timestamp=1779866710897, status=UP}
2026-05-27 16:25:13.031 [pool-1-thread-8] INFO  com.fbp.engine.node.impl.LogNode - [16:25:13.031][logger] {tick=2341, __inPort=in, check_timestamp=1779866713031, timestamp=1779866713031, status=UP}
2026-05-27 16:25:15.897 [pool-1-thread-8] INFO  com.fbp.engine.node.impl.LogNode - [16:25:15.897][logger] {tick=2342, __inPort=in, check_timestamp=1779866715897, timestamp=1779866715897, status=UP}
2026-05-27 16:25:16.888 [pool-3-thread-1] INFO  c.f.engine.metrics.MetricsCollector - [MetricsCollector] 8건 메트릭 InfluxDB 적재 완료
2026-05-27 16:25:18.025 [pool-1-thread-8] INFO  com.fbp.engine.node.impl.LogNode - [16:25:18.025][logger] {tick=2343, __inPort=in, check_timestamp=1779866718025, timestamp=1779866718025, status=UP}
2026-05-27 16:25:20.893 [pool-1-thread-8] INFO  com.fbp.engine.node.impl.LogNode - [16:25:20.893][logger] {tick=2344, __inPort=in, check_timestamp=1779866720893, timestamp=1779866720893, status=UP}
2026-05-27 16:25:23.033 [pool-1-thread-8] INFO  com.fbp.engine.node.impl.LogNode - [16:25:23.033][logger] {tick=2345, __inPort=in, check_timestamp=1779866723033, timestamp=1779866723033, status=UP}
2026-05-27 16:25:25.898 [pool-1-thread-8] INFO  com.fbp.engine.node.impl.LogNode - [16:25:25.898][logger] {tick=2346, __inPort=in, check_timestamp=1779866725898, timestamp=1779866725898, status=UP}
2026-05-27 16:25:26.889 [pool-3-thread-1] INFO  c.f.engine.metrics.MetricsCollector - [MetricsCollector] 8건 메트릭 InfluxDB 적재 완료
2026-05-27 16:25:28.034 [pool-1-thread-8] INFO  com.fbp.engine.node.impl.LogNode - [16:25:28.034][logger] {tick=2347, __inPort=in, check_timestamp=1779866728034, timestamp=1779866728034, status=UP}
2026-05-27 16:25:30.897 [pool-1-thread-8] INFO  com.fbp.engine.node.impl.LogNode - [16:25:30.897][logger] {tick=2348, __inPort=in, check_timestamp=1779866730897, timestamp=1779866730897, status=UP}
2026-05-27 16:25:33.030 [pool-1-thread-8] INFO  com.fbp.engine.node.impl.LogNode - [16:25:33.030][logger] {tick=2349, __inPort=in, check_timestamp=1779866733030, timestamp=1779866733030, status=UP}
2026-05-27 16:25:35.895 [pool-1-thread-8] INFO  com.fbp.engine.node.impl.LogNode - [16:25:35.895][logger] {tick=2350, __inPort=in, check_timestamp=1779866735895, timestamp=1779866735895, status=UP}
2026-05-27 16:25:36.886 [pool-3-thread-1] INFO  c.f.engine.metrics.MetricsCollector - [MetricsCollector] 8건 메트릭 InfluxDB 적재 완료
2026-05-27 16:25:38.031 [pool-1-thread-8] INFO  com.fbp.engine.node.impl.LogNode - [16:25:38.031][logger] {tick=2351, __inPort=in, check_timestamp=1779866738031, timestamp=1779866738031, status=UP}
2026-05-27 16:25:40.897 [pool-1-thread-8] INFO  com.fbp.engine.node.impl.LogNode - [16:25:40.897][logger] {tick=2352, __inPort=in, check_timestamp=1779866740897, timestamp=1779866740896, status=UP}
2026-05-27 16:25:43.035 [pool-1-thread-8] INFO  com.fbp.engine.node.impl.LogNode - [16:25:43.035][logger] {tick=2353, __inPort=in, check_timestamp=1779866743035, timestamp=1779866743035, status=UP}
2026-05-27 16:25:45.896 [pool-1-thread-8] INFO  com.fbp.engine.node.impl.LogNode - [16:25:45.896][logger] {tick=2354, __inPort=in, check_timestamp=1779866745896, timestamp=1779866745896, status=UP}
2026-05-27 16:25:46.884 [pool-3-thread-1] INFO  c.f.engine.metrics.MetricsCollector - [MetricsCollector] 8건 메트릭 InfluxDB 적재 완료
2026-05-27 16:25:48.029 [pool-1-thread-8] INFO  com.fbp.engine.node.impl.LogNode - [16:25:48.029][logger] {tick=2355, __inPort=in, check_timestamp=1779866748029, timestamp=1779866748029, status=UP}
2026-05-27 16:25:50.897 [pool-1-thread-8] INFO  com.fbp.engine.node.impl.LogNode - [16:25:50.897][logger] {tick=2356, __inPort=in, check_timestamp=1779866750897, timestamp=1779866750897, status=UP}
2026-05-27 16:25:53.032 [pool-1-thread-8] INFO  com.fbp.engine.node.impl.LogNode - [16:25:53.032][logger] {tick=2357, __inPort=in, check_timestamp=1779866753032, timestamp=1779866753031, status=UP}
2026-05-27 16:25:55.899 [pool-1-thread-8] INFO  com.fbp.engine.node.impl.LogNode - [16:25:55.898][logger] {tick=2358, __inPort=in, check_timestamp=1779866755898, timestamp=1779866755898, status=UP}
2026-05-27 16:25:56.886 [pool-3-thread-1] INFO  c.f.engine.metrics.MetricsCollector - [MetricsCollector] 8건 메트릭 InfluxDB 적재 완료
2026-05-27 16:25:58.030 [pool-1-thread-8] INFO  com.fbp.engine.node.impl.LogNode - [16:25:58.030][logger] {tick=2359, __inPort=in, check_timestamp=1779866758030, timestamp=1779866758030, status=UP}
2026-05-27 16:26:00.898 [pool-1-thread-8] INFO  com.fbp.engine.node.impl.LogNode - [16:26:00.898][logger] {tick=2360, __inPort=in, check_timestamp=1779866760898, timestamp=1779866760898, status=UP}
2026-05-27 16:26:03.031 [pool-1-thread-8] INFO  com.fbp.engine.node.impl.LogNode - [16:26:03.031][logger] {tick=2361, __inPort=in, check_timestamp=1779866763031, timestamp=1779866763031, status=UP}
2026-05-27 16:26:05.897 [pool-1-thread-8] INFO  com.fbp.engine.node.impl.LogNode - [16:26:05.897][logger] {tick=2362, __inPort=in, check_timestamp=1779866765897, timestamp=1779866765897, status=UP}
2026-05-27 16:26:06.898 [pool-3-thread-1] INFO  c.f.engine.metrics.MetricsCollector - [MetricsCollector] 8건 메트릭 InfluxDB 적재 완료
2026-05-27 16:26:08.034 [pool-1-thread-8] INFO  com.fbp.engine.node.impl.LogNode - [16:26:08.034][logger] {tick=2363, __inPort=in, check_timestamp=1779866768034, timestamp=1779866768034, status=UP}
2026-05-27 16:26:10.889 [pool-1-thread-8] INFO  com.fbp.engine.node.impl.LogNode - [16:26:10.889][logger] {tick=2364, __inPort=in, check_timestamp=1779866770889, timestamp=1779866770889, status=UP}
2026-05-27 16:26:13.031 [pool-1-thread-8] INFO  com.fbp.engine.node.impl.LogNode - [16:26:13.031][logger] {tick=2365, __inPort=in, check_timestamp=1779866773031, timestamp=1779866773030, status=UP}
2026-05-27 16:26:15.899 [pool-1-thread-8] INFO  com.fbp.engine.node.impl.LogNode - [16:26:15.899][logger] {tick=2366, __inPort=in, check_timestamp=1779866775899, timestamp=1779866775899, status=UP}
2026-05-27 16:26:16.891 [pool-3-thread-1] INFO  c.f.engine.metrics.MetricsCollector - [MetricsCollector] 8건 메트릭 InfluxDB 적재 완료
2026-05-27 16:26:18.030 [pool-1-thread-8] INFO  com.fbp.engine.node.impl.LogNode - [16:26:18.030][logger] {tick=2367, __inPort=in, check_timestamp=1779866778030, timestamp=1779866778030, status=UP}
2026-05-27 16:26:20.890 [pool-1-thread-8] INFO  com.fbp.engine.node.impl.LogNode - [16:26:20.890][logger] {tick=2368, __inPort=in, check_timestamp=1779866780889, timestamp=1779866780889, status=UP}
2026-05-27 16:26:23.026 [pool-1-thread-8] INFO  com.fbp.engine.node.impl.LogNode - [16:26:23.026][logger] {tick=2369, __inPort=in, check_timestamp=1779866783026, timestamp=1779866783026, status=UP}
2026-05-27 16:26:25.897 [pool-1-thread-8] INFO  com.fbp.engine.node.impl.LogNode - [16:26:25.897][logger] {tick=2370, __inPort=in, check_timestamp=1779866785897, timestamp=1779866785897, status=UP}
2026-05-27 16:26:26.890 [pool-3-thread-1] INFO  c.f.engine.metrics.MetricsCollector - [MetricsCollector] 8건 메트릭 InfluxDB 적재 완료
2026-05-27 16:26:28.034 [pool-1-thread-8] INFO  com.fbp.engine.node.impl.LogNode - [16:26:28.034][logger] {tick=2371, __inPort=in, check_timestamp=1779866788034, timestamp=1779866788034, status=UP}
2026-05-27 16:26:30.897 [pool-1-thread-8] INFO  com.fbp.engine.node.impl.LogNode - [16:26:30.897][logger] {tick=2372, __inPort=in, check_timestamp=1779866790897, timestamp=1779866790897, status=UP}
2026-05-27 16:26:33.027 [pool-1-thread-8] INFO  com.fbp.engine.node.impl.LogNode - [16:26:33.026][logger] {tick=2373, __inPort=in, check_timestamp=1779866793026, timestamp=1779866793026, status=UP}
2026-05-27 16:26:35.899 [pool-1-thread-8] INFO  com.fbp.engine.node.impl.LogNode - [16:26:35.898][logger] {tick=2374, __inPort=in, check_timestamp=1779866795898, timestamp=1779866795898, status=UP}
2026-05-27 16:26:36.880 [pool-3-thread-1] INFO  c.f.engine.metrics.MetricsCollector - [MetricsCollector] 8건 메트릭 InfluxDB 적재 완료
2026-05-27 16:26:38.030 [pool-1-thread-8] INFO  com.fbp.engine.node.impl.LogNode - [16:26:38.030][logger] {tick=2375, __inPort=in, check_timestamp=1779866798030, timestamp=1779866798030, status=UP}
2026-05-27 16:26:40.899 [pool-1-thread-8] INFO  com.fbp.engine.node.impl.LogNode - [16:26:40.899][logger] {tick=2376, __inPort=in, check_timestamp=1779866800899, timestamp=1779866800899, status=UP}
2026-05-27 16:26:43.031 [pool-1-thread-8] INFO  com.fbp.engine.node.impl.LogNode - [16:26:43.031][logger] {tick=2377, __inPort=in, check_timestamp=1779866803031, timestamp=1779866803031, status=UP}
2026-05-27 16:26:45.899 [pool-1-thread-8] INFO  com.fbp.engine.node.impl.LogNode - [16:26:45.899][logger] {tick=2378, __inPort=in, check_timestamp=1779866805899, timestamp=1779866805899, status=UP}
2026-05-27 16:26:46.883 [pool-3-thread-1] INFO  c.f.engine.metrics.MetricsCollector - [MetricsCollector] 8건 메트릭 InfluxDB 적재 완료
2026-05-27 16:26:48.028 [pool-1-thread-8] INFO  com.fbp.engine.node.impl.LogNode - [16:26:48.028][logger] {tick=2379, __inPort=in, check_timestamp=1779866808028, timestamp=1779866808028, status=UP}
2026-05-27 16:26:50.897 [pool-1-thread-8] INFO  com.fbp.engine.node.impl.LogNode - [16:26:50.897][logger] {tick=2380, __inPort=in, check_timestamp=1779866810897, timestamp=1779866810897, status=UP}
2026-05-27 16:26:53.028 [pool-1-thread-8] INFO  com.fbp.engine.node.impl.LogNode - [16:26:53.028][logger] {tick=2381, __inPort=in, check_timestamp=1779866813028, timestamp=1779866813028, status=UP}
2026-05-27 16:26:55.899 [pool-1-thread-8] INFO  com.fbp.engine.node.impl.LogNode - [16:26:55.899][logger] {tick=2382, __inPort=in, check_timestamp=1779866815899, timestamp=1779866815899, status=UP}
2026-05-27 16:26:56.892 [pool-3-thread-1] INFO  c.f.engine.metrics.MetricsCollector - [MetricsCollector] 8건 메트릭 InfluxDB 적재 완료
2026-05-27 16:26:58.035 [pool-1-thread-8] INFO  com.fbp.engine.node.impl.LogNode - [16:26:58.035][logger] {tick=2383, __inPort=in, check_timestamp=1779866818035, timestamp=1779866818035, status=UP}
2026-05-27 16:27:00.899 [pool-1-thread-8] INFO  com.fbp.engine.node.impl.LogNode - [16:27:00.899][logger] {tick=2384, __inPort=in, check_timestamp=1779866820899, timestamp=1779866820899, status=UP}
2026-05-27 16:27:03.031 [pool-1-thread-8] INFO  com.fbp.engine.node.impl.LogNode - [16:27:03.031][logger] {tick=2385, __inPort=in, check_timestamp=1779866823031, timestamp=1779866823031, status=UP}
2026-05-27 16:27:05.898 [pool-1-thread-8] INFO  com.fbp.engine.node.impl.LogNode - [16:27:05.898][logger] {tick=2386, __inPort=in, check_timestamp=1779866825898, timestamp=1779866825898, status=UP}
2026-05-27 16:27:06.888 [pool-3-thread-1] INFO  c.f.engine.metrics.MetricsCollector - [MetricsCollector] 8건 메트릭 InfluxDB 적재 완료
2026-05-27 16:27:08.029 [pool-1-thread-8] INFO  com.fbp.engine.node.impl.LogNode - [16:27:08.029][logger] {tick=2387, __inPort=in, check_timestamp=1779866828029, timestamp=1779866828029, status=UP}
2026-05-27 16:27:10.890 [pool-1-thread-8] INFO  com.fbp.engine.node.impl.LogNode - [16:27:10.890][logger] {tick=2388, __inPort=in, check_timestamp=1779866830890, timestamp=1779866830890, status=UP}
2026-05-27 16:27:13.037 [pool-1-thread-8] INFO  com.fbp.engine.node.impl.LogNode - [16:27:13.036][logger] {tick=2389, __inPort=in, check_timestamp=1779866833036, timestamp=1779866833036, status=UP}
2026-05-27 16:27:15.900 [pool-1-thread-8] INFO  com.fbp.engine.node.impl.LogNode - [16:27:15.900][logger] {tick=2390, __inPort=in, check_timestamp=1779866835900, timestamp=1779866835899, status=UP}
2026-05-27 16:27:16.884 [pool-3-thread-1] INFO  c.f.engine.metrics.MetricsCollector - [MetricsCollector] 8건 메트릭 InfluxDB 적재 완료
2026-05-27 16:27:18.037 [pool-1-thread-8] INFO  com.fbp.engine.node.impl.LogNode - [16:27:18.037][logger] {tick=2391, __inPort=in, check_timestamp=1779866838037, timestamp=1779866838036, status=UP}
2026-05-27 16:27:20.899 [pool-1-thread-8] INFO  com.fbp.engine.node.impl.LogNode - [16:27:20.899][logger] {tick=2392, __inPort=in, check_timestamp=1779866840899, timestamp=1779866840899, status=UP}
2026-05-27 16:27:23.035 [pool-1-thread-8] INFO  com.fbp.engine.node.impl.LogNode - [16:27:23.035][logger] {tick=2393, __inPort=in, check_timestamp=1779866843035, timestamp=1779866843035, status=UP}
2026-05-27 16:27:25.892 [pool-1-thread-8] INFO  com.fbp.engine.node.impl.LogNode - [16:27:25.891][logger] {tick=2394, __inPort=in, check_timestamp=1779866845891, timestamp=1779866845891, status=UP}
2026-05-27 16:27:26.883 [pool-3-thread-1] INFO  c.f.engine.metrics.MetricsCollector - [MetricsCollector] 8건 메트릭 InfluxDB 적재 완료
2026-05-27 16:27:28.031 [pool-1-thread-8] INFO  com.fbp.engine.node.impl.LogNode - [16:27:28.031][logger] {tick=2395, __inPort=in, check_timestamp=1779866848031, timestamp=1779866848031, status=UP}
2026-05-27 16:27:30.896 [pool-1-thread-8] INFO  com.fbp.engine.node.impl.LogNode - [16:27:30.896][logger] {tick=2396, __inPort=in, check_timestamp=1779866850896, timestamp=1779866850896, status=UP}
2026-05-27 16:27:33.037 [pool-1-thread-8] INFO  com.fbp.engine.node.impl.LogNode - [16:27:33.037][logger] {tick=2397, __inPort=in, check_timestamp=1779866853037, timestamp=1779866853037, status=UP}
2026-05-27 16:27:35.898 [pool-1-thread-8] INFO  com.fbp.engine.node.impl.LogNode - [16:27:35.898][logger] {tick=2398, __inPort=in, check_timestamp=1779866855898, timestamp=1779866855898, status=UP}
2026-05-27 16:27:36.894 [pool-3-thread-1] INFO  c.f.engine.metrics.MetricsCollector - [MetricsCollector] 8건 메트릭 InfluxDB 적재 완료
2026-05-27 16:27:38.036 [pool-1-thread-8] INFO  com.fbp.engine.node.impl.LogNode - [16:27:38.036][logger] {tick=2399, __inPort=in, check_timestamp=1779866858036, timestamp=1779866858035, status=UP}
2026-05-27 16:27:40.891 [pool-1-thread-8] INFO  com.fbp.engine.node.impl.LogNode - [16:27:40.891][logger] {tick=2400, __inPort=in, check_timestamp=1779866860891, timestamp=1779866860890, status=UP}
2026-05-27 16:27:43.029 [pool-1-thread-8] INFO  com.fbp.engine.node.impl.LogNode - [16:27:43.029][logger] {tick=2401, __inPort=in, check_timestamp=1779866863029, timestamp=1779866863029, status=UP}
2026-05-27 16:27:45.900 [pool-1-thread-8] INFO  com.fbp.engine.node.impl.LogNode - [16:27:45.900][logger] {tick=2402, __inPort=in, check_timestamp=1779866865900, timestamp=1779866865900, status=UP}
2026-05-27 16:27:46.885 [pool-3-thread-1] INFO  c.f.engine.metrics.MetricsCollector - [MetricsCollector] 8건 메트릭 InfluxDB 적재 완료
2026-05-27 16:27:48.037 [pool-1-thread-8] INFO  com.fbp.engine.node.impl.LogNode - [16:27:48.037][logger] {tick=2403, __inPort=in, check_timestamp=1779866868037, timestamp=1779866868037, status=UP}
2026-05-27 16:27:50.899 [pool-1-thread-8] INFO  com.fbp.engine.node.impl.LogNode - [16:27:50.899][logger] {tick=2404, __inPort=in, check_timestamp=1779866870899, timestamp=1779866870899, status=UP}
2026-05-27 16:27:53.032 [pool-1-thread-8] INFO  com.fbp.engine.node.impl.LogNode - [16:27:53.032][logger] {tick=2405, __inPort=in, check_timestamp=1779866873032, timestamp=1779866873032, status=UP}
2026-05-27 16:27:55.900 [pool-1-thread-8] INFO  com.fbp.engine.node.impl.LogNode - [16:27:55.900][logger] {tick=2406, __inPort=in, check_timestamp=1779866875900, timestamp=1779866875900, status=UP}
2026-05-27 16:27:56.890 [pool-3-thread-1] INFO  c.f.engine.metrics.MetricsCollector - [MetricsCollector] 8건 메트릭 InfluxDB 적재 완료
2026-05-27 16:27:58.037 [pool-1-thread-8] INFO  com.fbp.engine.node.impl.LogNode - [16:27:58.037][logger] {tick=2407, __inPort=in, check_timestamp=1779866878037, timestamp=1779866878037, status=UP}
2026-05-27 16:28:00.899 [pool-1-thread-8] INFO  com.fbp.engine.node.impl.LogNode - [16:28:00.899][logger] {tick=2408, __inPort=in, check_timestamp=1779866880899, timestamp=1779866880898, status=UP}
2026-05-27 16:28:03.036 [pool-1-thread-8] INFO  com.fbp.engine.node.impl.LogNode - [16:28:03.036][logger] {tick=2409, __inPort=in, check_timestamp=1779866883036, timestamp=1779866883035, status=UP}
2026-05-27 16:28:05.900 [pool-1-thread-8] INFO  com.fbp.engine.node.impl.LogNode - [16:28:05.900][logger] {tick=2410, __inPort=in, check_timestamp=1779866885900, timestamp=1779866885900, status=UP}
2026-05-27 16:28:06.887 [pool-3-thread-1] INFO  c.f.engine.metrics.MetricsCollector - [MetricsCollector] 8건 메트릭 InfluxDB 적재 완료
2026-05-27 16:28:08.032 [pool-1-thread-8] INFO  com.fbp.engine.node.impl.LogNode - [16:28:08.032][logger] {tick=2411, __inPort=in, check_timestamp=1779866888032, timestamp=1779866888031, status=UP}
2026-05-27 16:28:10.900 [pool-1-thread-8] INFO  com.fbp.engine.node.impl.LogNode - [16:28:10.900][logger] {tick=2412, __inPort=in, check_timestamp=1779866890900, timestamp=1779866890900, status=UP}
2026-05-27 16:28:13.029 [pool-1-thread-8] INFO  com.fbp.engine.node.impl.LogNode - [16:28:13.029][logger] {tick=2413, __inPort=in, check_timestamp=1779866893029, timestamp=1779866893029, status=UP}
2026-05-27 16:28:15.891 [pool-1-thread-8] INFO  com.fbp.engine.node.impl.LogNode - [16:28:15.891][logger] {tick=2414, __inPort=in, check_timestamp=1779866895891, timestamp=1779866895891, status=UP}
2026-05-27 16:28:16.892 [pool-3-thread-1] INFO  c.f.engine.metrics.MetricsCollector - [MetricsCollector] 8건 메트릭 InfluxDB 적재 완료
2026-05-27 16:28:18.030 [pool-1-thread-8] INFO  com.fbp.engine.node.impl.LogNode - [16:28:18.030][logger] {tick=2415, __inPort=in, check_timestamp=1779866898030, timestamp=1779866898030, status=UP}
2026-05-27 16:28:20.897 [pool-1-thread-8] INFO  com.fbp.engine.node.impl.LogNode - [16:28:20.897][logger] {tick=2416, __inPort=in, check_timestamp=1779866900897, timestamp=1779866900897, status=UP}
2026-05-27 16:28:23.033 [pool-1-thread-8] INFO  com.fbp.engine.node.impl.LogNode - [16:28:23.033][logger] {tick=2417, __inPort=in, check_timestamp=1779866903033, timestamp=1779866903033, status=UP}
2026-05-27 16:28:25.898 [pool-1-thread-8] INFO  com.fbp.engine.node.impl.LogNode - [16:28:25.898][logger] {tick=2418, __inPort=in, check_timestamp=1779866905898, timestamp=1779866905898, status=UP}
2026-05-27 16:28:26.887 [pool-3-thread-1] INFO  c.f.engine.metrics.MetricsCollector - [MetricsCollector] 8건 메트릭 InfluxDB 적재 완료
2026-05-27 16:28:28.038 [pool-1-thread-8] INFO  com.fbp.engine.node.impl.LogNode - [16:28:28.038][logger] {tick=2419, __inPort=in, check_timestamp=1779866908038, timestamp=1779866908038, status=UP}
2026-05-27 16:28:30.898 [pool-1-thread-8] INFO  com.fbp.engine.node.impl.LogNode - [16:28:30.898][logger] {tick=2420, __inPort=in, check_timestamp=1779866910898, timestamp=1779866910898, status=UP}
2026-05-27 16:28:33.029 [pool-1-thread-8] INFO  com.fbp.engine.node.impl.LogNode - [16:28:33.029][logger] {tick=2421, __inPort=in, check_timestamp=1779866913029, timestamp=1779866913028, status=UP}
2026-05-27 16:28:35.899 [pool-1-thread-8] INFO  com.fbp.engine.node.impl.LogNode - [16:28:35.899][logger] {tick=2422, __inPort=in, check_timestamp=1779866915899, timestamp=1779866915899, status=UP}
2026-05-27 16:28:36.892 [pool-3-thread-1] INFO  c.f.engine.metrics.MetricsCollector - [MetricsCollector] 8건 메트릭 InfluxDB 적재 완료
2026-05-27 16:28:38.038 [pool-1-thread-8] INFO  com.fbp.engine.node.impl.LogNode - [16:28:38.038][logger] {tick=2423, __inPort=in, check_timestamp=1779866918038, timestamp=1779866918038, status=UP}
2026-05-27 16:28:40.901 [pool-1-thread-8] INFO  com.fbp.engine.node.impl.LogNode - [16:28:40.901][logger] {tick=2424, __inPort=in, check_timestamp=1779866920901, timestamp=1779866920900, status=UP}
2026-05-27 16:28:43.037 [pool-1-thread-8] INFO  com.fbp.engine.node.impl.LogNode - [16:28:43.037][logger] {tick=2425, __inPort=in, check_timestamp=1779866923037, timestamp=1779866923037, status=UP}
2026-05-27 16:28:45.901 [pool-1-thread-8] INFO  com.fbp.engine.node.impl.LogNode - [16:28:45.901][logger] {tick=2426, __inPort=in, check_timestamp=1779866925901, timestamp=1779866925901, status=UP}
2026-05-27 16:28:46.891 [pool-3-thread-1] INFO  c.f.engine.metrics.MetricsCollector - [MetricsCollector] 8건 메트릭 InfluxDB 적재 완료
2026-05-27 16:28:48.038 [pool-1-thread-8] INFO  com.fbp.engine.node.impl.LogNode - [16:28:48.038][logger] {tick=2427, __inPort=in, check_timestamp=1779866928038, timestamp=1779866928038, status=UP}
2026-05-27 16:28:50.894 [pool-1-thread-8] INFO  com.fbp.engine.node.impl.LogNode - [16:28:50.894][logger] {tick=2428, __inPort=in, check_timestamp=1779866930894, timestamp=1779866930894, status=UP}
2026-05-27 16:28:53.038 [pool-1-thread-8] INFO  com.fbp.engine.node.impl.LogNode - [16:28:53.038][logger] {tick=2429, __inPort=in, check_timestamp=1779866933038, timestamp=1779866933038, status=UP}
2026-05-27 16:28:55.901 [pool-1-thread-8] INFO  com.fbp.engine.node.impl.LogNode - [16:28:55.901][logger] {tick=2430, __inPort=in, check_timestamp=1779866935901, timestamp=1779866935901, status=UP}
2026-05-27 16:28:56.892 [pool-3-thread-1] INFO  c.f.engine.metrics.MetricsCollector - [MetricsCollector] 8건 메트릭 InfluxDB 적재 완료
2026-05-27 16:28:58.032 [pool-1-thread-8] INFO  com.fbp.engine.node.impl.LogNode - [16:28:58.032][logger] {tick=2431, __inPort=in, check_timestamp=1779866938032, timestamp=1779866938032, status=UP}
2026-05-27 16:29:00.901 [pool-1-thread-8] INFO  com.fbp.engine.node.impl.LogNode - [16:29:00.901][logger] {tick=2432, __inPort=in, check_timestamp=1779866940901, timestamp=1779866940901, status=UP}
2026-05-27 16:29:03.031 [pool-1-thread-8] INFO  com.fbp.engine.node.impl.LogNode - [16:29:03.031][logger] {tick=2433, __inPort=in, check_timestamp=1779866943031, timestamp=1779866943031, status=UP}
2026-05-27 16:29:05.899 [pool-1-thread-8] INFO  com.fbp.engine.node.impl.LogNode - [16:29:05.899][logger] {tick=2434, __inPort=in, check_timestamp=1779866945899, timestamp=1779866945899, status=UP}
2026-05-27 16:29:06.887 [pool-3-thread-1] INFO  c.f.engine.metrics.MetricsCollector - [MetricsCollector] 8건 메트릭 InfluxDB 적재 완료
2026-05-27 16:29:08.038 [pool-1-thread-8] INFO  com.fbp.engine.node.impl.LogNode - [16:29:08.038][logger] {tick=2435, __inPort=in, check_timestamp=1779866948038, timestamp=1779866948038, status=UP}
2026-05-27 16:29:10.900 [pool-1-thread-8] INFO  com.fbp.engine.node.impl.LogNode - [16:29:10.900][logger] {tick=2436, __inPort=in, check_timestamp=1779866950900, timestamp=1779866950900, status=UP}
2026-05-27 16:29:13.037 [pool-1-thread-8] INFO  com.fbp.engine.node.impl.LogNode - [16:29:13.037][logger] {tick=2437, __inPort=in, check_timestamp=1779866953037, timestamp=1779866953037, status=UP}
2026-05-27 16:29:15.901 [pool-1-thread-8] INFO  com.fbp.engine.node.impl.LogNode - [16:29:15.901][logger] {tick=2438, __inPort=in, check_timestamp=1779866955901, timestamp=1779866955901, status=UP}
2026-05-27 16:29:16.893 [pool-3-thread-1] INFO  c.f.engine.metrics.MetricsCollector - [MetricsCollector] 8건 메트릭 InfluxDB 적재 완료
2026-05-27 16:29:18.029 [pool-1-thread-8] INFO  com.fbp.engine.node.impl.LogNode - [16:29:18.029][logger] {tick=2439, __inPort=in, check_timestamp=1779866958029, timestamp=1779866958029, status=UP}
2026-05-27 16:29:20.898 [pool-1-thread-8] INFO  com.fbp.engine.node.impl.LogNode - [16:29:20.898][logger] {tick=2440, __inPort=in, check_timestamp=1779866960898, timestamp=1779866960897, status=UP}
2026-05-27 16:29:23.029 [pool-1-thread-8] INFO  com.fbp.engine.node.impl.LogNode - [16:29:23.029][logger] {tick=2441, __inPort=in, check_timestamp=1779866963029, timestamp=1779866963029, status=UP}
2026-05-27 16:29:25.902 [pool-1-thread-8] INFO  com.fbp.engine.node.impl.LogNode - [16:29:25.902][logger] {tick=2442, __inPort=in, check_timestamp=1779866965902, timestamp=1779866965902, status=UP}
2026-05-27 16:29:26.889 [pool-3-thread-1] INFO  c.f.engine.metrics.MetricsCollector - [MetricsCollector] 8건 메트릭 InfluxDB 적재 완료
2026-05-27 16:29:28.030 [pool-1-thread-8] INFO  com.fbp.engine.node.impl.LogNode - [16:29:28.030][logger] {tick=2443, __inPort=in, check_timestamp=1779866968030, timestamp=1779866968030, status=UP}
2026-05-27 16:29:30.901 [pool-1-thread-8] INFO  com.fbp.engine.node.impl.LogNode - [16:29:30.901][logger] {tick=2444, __inPort=in, check_timestamp=1779866970901, timestamp=1779866970900, status=UP}
2026-05-27 16:29:33.039 [pool-1-thread-8] INFO  com.fbp.engine.node.impl.LogNode - [16:29:33.039][logger] {tick=2445, __inPort=in, check_timestamp=1779866973038, timestamp=1779866973038, status=UP}
2026-05-27 16:29:35.897 [pool-1-thread-8] INFO  com.fbp.engine.node.impl.LogNode - [16:29:35.897][logger] {tick=2446, __inPort=in, check_timestamp=1779866975897, timestamp=1779866975897, status=UP}
2026-05-27 16:29:36.888 [pool-3-thread-1] INFO  c.f.engine.metrics.MetricsCollector - [MetricsCollector] 8건 메트릭 InfluxDB 적재 완료
2026-05-27 16:29:38.037 [pool-1-thread-8] INFO  com.fbp.engine.node.impl.LogNode - [16:29:38.037][logger] {tick=2447, __inPort=in, check_timestamp=1779866978037, timestamp=1779866978037, status=UP}
2026-05-27 16:29:40.902 [pool-1-thread-8] INFO  com.fbp.engine.node.impl.LogNode - [16:29:40.902][logger] {tick=2448, __inPort=in, check_timestamp=1779866980902, timestamp=1779866980902, status=UP}
2026-05-27 16:29:43.032 [pool-1-thread-8] INFO  com.fbp.engine.node.impl.LogNode - [16:29:43.032][logger] {tick=2449, __inPort=in, check_timestamp=1779866983032, timestamp=1779866983032, status=UP}
2026-05-27 16:29:45.899 [pool-1-thread-8] INFO  com.fbp.engine.node.impl.LogNode - [16:29:45.899][logger] {tick=2450, __inPort=in, check_timestamp=1779866985899, timestamp=1779866985899, status=UP}
2026-05-27 16:29:46.893 [pool-3-thread-1] INFO  c.f.engine.metrics.MetricsCollector - [MetricsCollector] 8건 메트릭 InfluxDB 적재 완료
2026-05-27 16:29:48.031 [pool-1-thread-8] INFO  com.fbp.engine.node.impl.LogNode - [16:29:48.031][logger] {tick=2451, __inPort=in, check_timestamp=1779866988031, timestamp=1779866988031, status=UP}
2026-05-27 16:29:50.893 [pool-1-thread-8] INFO  com.fbp.engine.node.impl.LogNode - [16:29:50.892][logger] {tick=2452, __inPort=in, check_timestamp=1779866990892, timestamp=1779866990892, status=UP}
2026-05-27 16:29:53.035 [pool-1-thread-8] INFO  com.fbp.engine.node.impl.LogNode - [16:29:53.035][logger] {tick=2453, __inPort=in, check_timestamp=1779866993035, timestamp=1779866993035, status=UP}
2026-05-27 16:29:55.897 [pool-1-thread-8] INFO  com.fbp.engine.node.impl.LogNode - [16:29:55.897][logger] {tick=2454, __inPort=in, check_timestamp=1779866995897, timestamp=1779866995897, status=UP}
2026-05-27 16:29:56.891 [pool-3-thread-1] INFO  c.f.engine.metrics.MetricsCollector - [MetricsCollector] 8건 메트릭 InfluxDB 적재 완료
2026-05-27 16:29:58.036 [pool-1-thread-8] INFO  com.fbp.engine.node.impl.LogNode - [16:29:58.036][logger] {tick=2455, __inPort=in, check_timestamp=1779866998036, timestamp=1779866998036, status=UP}
2026-05-27 16:30:00.897 [pool-1-thread-8] INFO  com.fbp.engine.node.impl.LogNode - [16:30:00.897][logger] {tick=2456, __inPort=in, check_timestamp=1779867000897, timestamp=1779867000897, status=UP}
2026-05-27 16:30:03.039 [pool-1-thread-8] INFO  com.fbp.engine.node.impl.LogNode - [16:30:03.039][logger] {tick=2457, __inPort=in, check_timestamp=1779867003039, timestamp=1779867003039, status=UP}
2026-05-27 16:30:05.902 [pool-1-thread-8] INFO  com.fbp.engine.node.impl.LogNode - [16:30:05.902][logger] {tick=2458, __inPort=in, check_timestamp=1779867005902, timestamp=1779867005902, status=UP}
2026-05-27 16:30:06.888 [pool-3-thread-1] INFO  c.f.engine.metrics.MetricsCollector - [MetricsCollector] 8건 메트릭 InfluxDB 적재 완료
2026-05-27 16:30:08.035 [pool-1-thread-8] INFO  com.fbp.engine.node.impl.LogNode - [16:30:08.035][logger] {tick=2459, __inPort=in, check_timestamp=1779867008035, timestamp=1779867008034, status=UP}
2026-05-27 16:30:10.902 [pool-1-thread-8] INFO  com.fbp.engine.node.impl.LogNode - [16:30:10.902][logger] {tick=2460, __inPort=in, check_timestamp=1779867010902, timestamp=1779867010902, status=UP}
2026-05-27 16:30:13.039 [pool-1-thread-8] INFO  com.fbp.engine.node.impl.LogNode - [16:30:13.039][logger] {tick=2461, __inPort=in, check_timestamp=1779867013039, timestamp=1779867013039, status=UP}
2026-05-27 16:30:15.901 [pool-1-thread-8] INFO  com.fbp.engine.node.impl.LogNode - [16:30:15.901][logger] {tick=2462, __inPort=in, check_timestamp=1779867015901, timestamp=1779867015901, status=UP}
2026-05-27 16:30:16.892 [pool-3-thread-1] INFO  c.f.engine.metrics.MetricsCollector - [MetricsCollector] 8건 메트릭 InfluxDB 적재 완료
2026-05-27 16:30:18.033 [pool-1-thread-8] INFO  com.fbp.engine.node.impl.LogNode - [16:30:18.033][logger] {tick=2463, __inPort=in, check_timestamp=1779867018033, timestamp=1779867018033, status=UP}
2026-05-27 16:30:20.903 [pool-1-thread-8] INFO  com.fbp.engine.node.impl.LogNode - [16:30:20.903][logger] {tick=2464, __inPort=in, check_timestamp=1779867020903, timestamp=1779867020903, status=UP}
2026-05-27 16:30:23.040 [pool-1-thread-8] INFO  com.fbp.engine.node.impl.LogNode - [16:30:23.040][logger] {tick=2465, __inPort=in, check_timestamp=1779867023040, timestamp=1779867023039, status=UP}
2026-05-27 16:30:25.902 [pool-1-thread-8] INFO  com.fbp.engine.node.impl.LogNode - [16:30:25.902][logger] {tick=2466, __inPort=in, check_timestamp=1779867025902, timestamp=1779867025902, status=UP}
2026-05-27 16:30:26.891 [pool-3-thread-1] INFO  c.f.engine.metrics.MetricsCollector - [MetricsCollector] 8건 메트릭 InfluxDB 적재 완료
2026-05-27 16:30:28.035 [pool-1-thread-8] INFO  com.fbp.engine.node.impl.LogNode - [16:30:28.035][logger] {tick=2467, __inPort=in, check_timestamp=1779867028035, timestamp=1779867028035, status=UP}
2026-05-27 16:30:30.902 [pool-1-thread-8] INFO  com.fbp.engine.node.impl.LogNode - [16:30:30.902][logger] {tick=2468, __inPort=in, check_timestamp=1779867030902, timestamp=1779867030902, status=UP}
2026-05-27 16:30:33.038 [pool-1-thread-8] INFO  com.fbp.engine.node.impl.LogNode - [16:30:33.038][logger] {tick=2469, __inPort=in, check_timestamp=1779867033038, timestamp=1779867033038, status=UP}
2026-05-27 16:30:35.899 [pool-1-thread-8] INFO  com.fbp.engine.node.impl.LogNode - [16:30:35.899][logger] {tick=2470, __inPort=in, check_timestamp=1779867035899, timestamp=1779867035899, status=UP}
2026-05-27 16:30:36.894 [pool-3-thread-1] INFO  c.f.engine.metrics.MetricsCollector - [MetricsCollector] 8건 메트릭 InfluxDB 적재 완료
2026-05-27 16:30:38.033 [pool-1-thread-8] INFO  com.fbp.engine.node.impl.LogNode - [16:30:38.033][logger] {tick=2471, __inPort=in, check_timestamp=1779867038033, timestamp=1779867038033, status=UP}
2026-05-27 16:30:40.896 [pool-1-thread-8] INFO  com.fbp.engine.node.impl.LogNode - [16:30:40.896][logger] {tick=2472, __inPort=in, check_timestamp=1779867040896, timestamp=1779867040896, status=UP}
2026-05-27 16:30:43.040 [pool-1-thread-8] INFO  com.fbp.engine.node.impl.LogNode - [16:30:43.040][logger] {tick=2473, __inPort=in, check_timestamp=1779867043040, timestamp=1779867043040, status=UP}
2026-05-27 16:30:45.903 [pool-1-thread-8] INFO  com.fbp.engine.node.impl.LogNode - [16:30:45.903][logger] {tick=2474, __inPort=in, check_timestamp=1779867045903, timestamp=1779867045903, status=UP}
2026-05-27 16:30:46.885 [pool-3-thread-1] INFO  c.f.engine.metrics.MetricsCollector - [MetricsCollector] 8건 메트릭 InfluxDB 적재 완료
2026-05-27 16:30:48.036 [pool-1-thread-8] INFO  com.fbp.engine.node.impl.LogNode - [16:30:48.036][logger] {tick=2475, __inPort=in, check_timestamp=1779867048036, timestamp=1779867048036, status=UP}
2026-05-27 16:30:50.897 [pool-1-thread-8] INFO  com.fbp.engine.node.impl.LogNode - [16:30:50.897][logger] {tick=2476, __inPort=in, check_timestamp=1779867050897, timestamp=1779867050897, status=UP}
2026-05-27 16:30:53.031 [pool-1-thread-8] INFO  com.fbp.engine.node.impl.LogNode - [16:30:53.031][logger] {tick=2477, __inPort=in, check_timestamp=1779867053031, timestamp=1779867053031, status=UP}
2026-05-27 16:30:55.903 [pool-1-thread-8] INFO  com.fbp.engine.node.impl.LogNode - [16:30:55.903][logger] {tick=2478, __inPort=in, check_timestamp=1779867055903, timestamp=1779867055903, status=UP}
2026-05-27 16:30:56.889 [pool-3-thread-1] INFO  c.f.engine.metrics.MetricsCollector - [MetricsCollector] 8건 메트릭 InfluxDB 적재 완료
2026-05-27 16:30:58.037 [pool-1-thread-8] INFO  com.fbp.engine.node.impl.LogNode - [16:30:58.037][logger] {tick=2479, __inPort=in, check_timestamp=1779867058037, timestamp=1779867058036, status=UP}
2026-05-27 16:31:00.904 [pool-1-thread-8] INFO  com.fbp.engine.node.impl.LogNode - [16:31:00.903][logger] {tick=2480, __inPort=in, check_timestamp=1779867060903, timestamp=1779867060903, status=UP}
2026-05-27 16:31:03.040 [pool-1-thread-8] INFO  com.fbp.engine.node.impl.LogNode - [16:31:03.040][logger] {tick=2481, __inPort=in, check_timestamp=1779867063040, timestamp=1779867063040, status=UP}
2026-05-27 16:31:05.896 [pool-1-thread-8] INFO  com.fbp.engine.node.impl.LogNode - [16:31:05.896][logger] {tick=2482, __inPort=in, check_timestamp=1779867065896, timestamp=1779867065896, status=UP}
2026-05-27 16:31:06.894 [pool-3-thread-1] INFO  c.f.engine.metrics.MetricsCollector - [MetricsCollector] 8건 메트릭 InfluxDB 적재 완료
2026-05-27 16:31:08.039 [pool-1-thread-8] INFO  com.fbp.engine.node.impl.LogNode - [16:31:08.039][logger] {tick=2483, __inPort=in, check_timestamp=1779867068039, timestamp=1779867068039, status=UP}
2026-05-27 16:31:10.897 [pool-1-thread-8] INFO  com.fbp.engine.node.impl.LogNode - [16:31:10.897][logger] {tick=2484, __inPort=in, check_timestamp=1779867070897, timestamp=1779867070897, status=UP}
2026-05-27 16:31:13.038 [pool-1-thread-8] INFO  com.fbp.engine.node.impl.LogNode - [16:31:13.038][logger] {tick=2485, __inPort=in, check_timestamp=1779867073038, timestamp=1779867073037, status=UP}
2026-05-27 16:31:15.898 [pool-1-thread-8] INFO  com.fbp.engine.node.impl.LogNode - [16:31:15.898][logger] {tick=2486, __inPort=in, check_timestamp=1779867075898, timestamp=1779867075898, status=UP}
2026-05-27 16:31:16.895 [pool-3-thread-1] INFO  c.f.engine.metrics.MetricsCollector - [MetricsCollector] 8건 메트릭 InfluxDB 적재 완료
2026-05-27 16:31:18.032 [pool-1-thread-8] INFO  com.fbp.engine.node.impl.LogNode - [16:31:18.032][logger] {tick=2487, __inPort=in, check_timestamp=1779867078032, timestamp=1779867078032, status=UP}
2026-05-27 16:31:20.902 [pool-1-thread-8] INFO  com.fbp.engine.node.impl.LogNode - [16:31:20.902][logger] {tick=2488, __inPort=in, check_timestamp=1779867080902, timestamp=1779867080902, status=UP}
2026-05-27 16:31:23.033 [pool-1-thread-8] INFO  com.fbp.engine.node.impl.LogNode - [16:31:23.033][logger] {tick=2489, __inPort=in, check_timestamp=1779867083033, timestamp=1779867083033, status=UP}
2026-05-27 16:31:25.901 [pool-1-thread-8] INFO  com.fbp.engine.node.impl.LogNode - [16:31:25.901][logger] {tick=2490, __inPort=in, check_timestamp=1779867085901, timestamp=1779867085901, status=UP}
2026-05-27 16:31:26.898 [pool-3-thread-1] INFO  c.f.engine.metrics.MetricsCollector - [MetricsCollector] 8건 메트릭 InfluxDB 적재 완료
2026-05-27 16:31:28.041 [pool-1-thread-8] INFO  com.fbp.engine.node.impl.LogNode - [16:31:28.040][logger] {tick=2491, __inPort=in, check_timestamp=1779867088040, timestamp=1779867088040, status=UP}
2026-05-27 16:31:30.903 [pool-1-thread-8] INFO  com.fbp.engine.node.impl.LogNode - [16:31:30.903][logger] {tick=2492, __inPort=in, check_timestamp=1779867090903, timestamp=1779867090903, status=UP}
2026-05-27 16:31:33.040 [pool-1-thread-8] INFO  com.fbp.engine.node.impl.LogNode - [16:31:33.040][logger] {tick=2493, __inPort=in, check_timestamp=1779867093040, timestamp=1779867093040, status=UP}
2026-05-27 16:31:35.897 [pool-1-thread-8] INFO  com.fbp.engine.node.impl.LogNode - [16:31:35.896][logger] {tick=2494, __inPort=in, check_timestamp=1779867095896, timestamp=1779867095896, status=UP}
2026-05-27 16:31:36.892 [pool-3-thread-1] INFO  c.f.engine.metrics.MetricsCollector - [MetricsCollector] 8건 메트릭 InfluxDB 적재 완료
2026-05-27 16:31:38.039 [pool-1-thread-8] INFO  com.fbp.engine.node.impl.LogNode - [16:31:38.038][logger] {tick=2495, __inPort=in, check_timestamp=1779867098038, timestamp=1779867098038, status=UP}
2026-05-27 16:31:40.900 [pool-1-thread-8] INFO  com.fbp.engine.node.impl.LogNode - [16:31:40.900][logger] {tick=2496, __inPort=in, check_timestamp=1779867100900, timestamp=1779867100900, status=UP}
2026-05-27 16:31:43.040 [pool-1-thread-8] INFO  com.fbp.engine.node.impl.LogNode - [16:31:43.040][logger] {tick=2497, __inPort=in, check_timestamp=1779867103040, timestamp=1779867103040, status=UP}
2026-05-27 16:31:45.902 [pool-1-thread-8] INFO  com.fbp.engine.node.impl.LogNode - [16:31:45.902][logger] {tick=2498, __inPort=in, check_timestamp=1779867105902, timestamp=1779867105902, status=UP}
2026-05-27 16:31:46.896 [pool-3-thread-1] INFO  c.f.engine.metrics.MetricsCollector - [MetricsCollector] 8건 메트릭 InfluxDB 적재 완료
2026-05-27 16:31:48.038 [pool-1-thread-8] INFO  com.fbp.engine.node.impl.LogNode - [16:31:48.037][logger] {tick=2499, __inPort=in, check_timestamp=1779867108037, timestamp=1779867108037, status=UP}
2026-05-27 16:31:50.896 [pool-1-thread-8] INFO  com.fbp.engine.node.impl.LogNode - [16:31:50.896][logger] {tick=2500, __inPort=in, check_timestamp=1779867110896, timestamp=1779867110896, status=UP}
2026-05-27 16:31:53.040 [pool-1-thread-8] INFO  com.fbp.engine.node.impl.LogNode - [16:31:53.040][logger] {tick=2501, __inPort=in, check_timestamp=1779867113040, timestamp=1779867113040, status=UP}
2026-05-27 16:31:55.904 [pool-1-thread-8] INFO  com.fbp.engine.node.impl.LogNode - [16:31:55.904][logger] {tick=2502, __inPort=in, check_timestamp=1779867115904, timestamp=1779867115904, status=UP}
2026-05-27 16:31:56.891 [pool-3-thread-1] INFO  c.f.engine.metrics.MetricsCollector - [MetricsCollector] 8건 메트릭 InfluxDB 적재 완료
2026-05-27 16:31:58.041 [pool-1-thread-8] INFO  com.fbp.engine.node.impl.LogNode - [16:31:58.041][logger] {tick=2503, __inPort=in, check_timestamp=1779867118041, timestamp=1779867118041, status=UP}
2026-05-27 16:32:00.904 [pool-1-thread-8] INFO  com.fbp.engine.node.impl.LogNode - [16:32:00.904][logger] {tick=2504, __inPort=in, check_timestamp=1779867120904, timestamp=1779867120904, status=UP}
2026-05-27 16:32:03.040 [pool-1-thread-8] INFO  com.fbp.engine.node.impl.LogNode - [16:32:03.040][logger] {tick=2505, __inPort=in, check_timestamp=1779867123040, timestamp=1779867123040, status=UP}
2026-05-27 16:32:05.901 [pool-1-thread-8] INFO  com.fbp.engine.node.impl.LogNode - [16:32:05.901][logger] {tick=2506, __inPort=in, check_timestamp=1779867125901, timestamp=1779867125901, status=UP}
2026-05-27 16:32:06.888 [pool-3-thread-1] INFO  c.f.engine.metrics.MetricsCollector - [MetricsCollector] 8건 메트릭 InfluxDB 적재 완료
2026-05-27 16:32:08.041 [pool-1-thread-8] INFO  com.fbp.engine.node.impl.LogNode - [16:32:08.041][logger] {tick=2507, __inPort=in, check_timestamp=1779867128041, timestamp=1779867128041, status=UP}
2026-05-27 16:32:10.899 [pool-1-thread-8] INFO  com.fbp.engine.node.impl.LogNode - [16:32:10.899][logger] {tick=2508, __inPort=in, check_timestamp=1779867130899, timestamp=1779867130899, status=UP}
2026-05-27 16:32:13.041 [pool-1-thread-8] INFO  com.fbp.engine.node.impl.LogNode - [16:32:13.041][logger] {tick=2509, __inPort=in, check_timestamp=1779867133041, timestamp=1779867133040, status=UP}
2026-05-27 16:32:15.904 [pool-1-thread-8] INFO  com.fbp.engine.node.impl.LogNode - [16:32:15.904][logger] {tick=2510, __inPort=in, check_timestamp=1779867135904, timestamp=1779867135904, status=UP}
2026-05-27 16:32:16.887 [pool-3-thread-1] INFO  c.f.engine.metrics.MetricsCollector - [MetricsCollector] 8건 메트릭 InfluxDB 적재 완료
2026-05-27 16:32:18.034 [pool-1-thread-8] INFO  com.fbp.engine.node.impl.LogNode - [16:32:18.034][logger] {tick=2511, __inPort=in, check_timestamp=1779867138034, timestamp=1779867138034, status=UP}
2026-05-27 16:32:20.903 [pool-1-thread-8] INFO  com.fbp.engine.node.impl.LogNode - [16:32:20.903][logger] {tick=2512, __inPort=in, check_timestamp=1779867140903, timestamp=1779867140903, status=UP}
2026-05-27 16:32:23.042 [pool-1-thread-8] INFO  com.fbp.engine.node.impl.LogNode - [16:32:23.042][logger] {tick=2513, __inPort=in, check_timestamp=1779867143042, timestamp=1779867143041, status=UP}
2026-05-27 16:32:25.905 [pool-1-thread-8] INFO  com.fbp.engine.node.impl.LogNode - [16:32:25.905][logger] {tick=2514, __inPort=in, check_timestamp=1779867145905, timestamp=1779867145905, status=UP}
2026-05-27 16:32:26.893 [pool-3-thread-1] INFO  c.f.engine.metrics.MetricsCollector - [MetricsCollector] 8건 메트릭 InfluxDB 적재 완료
2026-05-27 16:32:28.042 [pool-1-thread-8] INFO  com.fbp.engine.node.impl.LogNode - [16:32:28.042][logger] {tick=2515, __inPort=in, check_timestamp=1779867148042, timestamp=1779867148041, status=UP}
2026-05-27 16:32:30.897 [pool-1-thread-8] INFO  com.fbp.engine.node.impl.LogNode - [16:32:30.897][logger] {tick=2516, __inPort=in, check_timestamp=1779867150896, timestamp=1779867150896, status=UP}
2026-05-27 16:32:33.041 [pool-1-thread-8] INFO  com.fbp.engine.node.impl.LogNode - [16:32:33.041][logger] {tick=2517, __inPort=in, check_timestamp=1779867153041, timestamp=1779867153041, status=UP}
2026-05-27 16:32:35.904 [pool-1-thread-8] INFO  com.fbp.engine.node.impl.LogNode - [16:32:35.904][logger] {tick=2518, __inPort=in, check_timestamp=1779867155904, timestamp=1779867155904, status=UP}
2026-05-27 16:32:36.895 [pool-3-thread-1] INFO  c.f.engine.metrics.MetricsCollector - [MetricsCollector] 8건 메트릭 InfluxDB 적재 완료
2026-05-27 16:32:38.034 [pool-1-thread-8] INFO  com.fbp.engine.node.impl.LogNode - [16:32:38.034][logger] {tick=2519, __inPort=in, check_timestamp=1779867158034, timestamp=1779867158034, status=UP}
2026-05-27 16:32:40.899 [pool-1-thread-8] INFO  com.fbp.engine.node.impl.LogNode - [16:32:40.899][logger] {tick=2520, __inPort=in, check_timestamp=1779867160899, timestamp=1779867160899, status=UP}
2026-05-27 16:32:43.035 [pool-1-thread-8] INFO  com.fbp.engine.node.impl.LogNode - [16:32:43.035][logger] {tick=2521, __inPort=in, check_timestamp=1779867163035, timestamp=1779867163035, status=UP}
2026-05-27 16:32:45.905 [pool-1-thread-8] INFO  com.fbp.engine.node.impl.LogNode - [16:32:45.905][logger] {tick=2522, __inPort=in, check_timestamp=1779867165905, timestamp=1779867165904, status=UP}
2026-05-27 16:32:46.892 [pool-3-thread-1] INFO  c.f.engine.metrics.MetricsCollector - [MetricsCollector] 8건 메트릭 InfluxDB 적재 완료
2026-05-27 16:32:48.041 [pool-1-thread-8] INFO  com.fbp.engine.node.impl.LogNode - [16:32:48.041][logger] {tick=2523, __inPort=in, check_timestamp=1779867168041, timestamp=1779867168040, status=UP}
2026-05-27 16:32:50.904 [pool-1-thread-8] INFO  com.fbp.engine.node.impl.LogNode - [16:32:50.904][logger] {tick=2524, __inPort=in, check_timestamp=1779867170904, timestamp=1779867170904, status=UP}
2026-05-27 16:32:53.041 [pool-1-thread-8] INFO  com.fbp.engine.node.impl.LogNode - [16:32:53.041][logger] {tick=2525, __inPort=in, check_timestamp=1779867173041, timestamp=1779867173040, status=UP}
2026-05-27 16:32:55.902 [pool-1-thread-8] INFO  com.fbp.engine.node.impl.LogNode - [16:32:55.902][logger] {tick=2526, __inPort=in, check_timestamp=1779867175902, timestamp=1779867175902, status=UP}
2026-05-27 16:32:56.889 [pool-3-thread-1] INFO  c.f.engine.metrics.MetricsCollector - [MetricsCollector] 8건 메트릭 InfluxDB 적재 완료
2026-05-27 16:32:58.039 [pool-1-thread-8] INFO  com.fbp.engine.node.impl.LogNode - [16:32:58.039][logger] {tick=2527, __inPort=in, check_timestamp=1779867178039, timestamp=1779867178039, status=UP}
2026-05-27 16:33:00.897 [pool-1-thread-8] INFO  com.fbp.engine.node.impl.LogNode - [16:33:00.897][logger] {tick=2528, __inPort=in, check_timestamp=1779867180897, timestamp=1779867180897, status=UP}
2026-05-27 16:33:03.041 [pool-1-thread-8] INFO  com.fbp.engine.node.impl.LogNode - [16:33:03.041][logger] {tick=2529, __inPort=in, check_timestamp=1779867183041, timestamp=1779867183041, status=UP}
2026-05-27 16:33:05.896 [pool-1-thread-8] INFO  com.fbp.engine.node.impl.LogNode - [16:33:05.896][logger] {tick=2530, __inPort=in, check_timestamp=1779867185896, timestamp=1779867185896, status=UP}
2026-05-27 16:33:06.897 [pool-3-thread-1] INFO  c.f.engine.metrics.MetricsCollector - [MetricsCollector] 8건 메트릭 InfluxDB 적재 완료
2026-05-27 16:33:08.034 [pool-1-thread-8] INFO  com.fbp.engine.node.impl.LogNode - [16:33:08.034][logger] {tick=2531, __inPort=in, check_timestamp=1779867188034, timestamp=1779867188034, status=UP}
2026-05-27 16:33:10.903 [pool-1-thread-8] INFO  com.fbp.engine.node.impl.LogNode - [16:33:10.903][logger] {tick=2532, __inPort=in, check_timestamp=1779867190903, timestamp=1779867190902, status=UP}
2026-05-27 16:33:13.034 [pool-1-thread-8] INFO  com.fbp.engine.node.impl.LogNode - [16:33:13.034][logger] {tick=2533, __inPort=in, check_timestamp=1779867193034, timestamp=1779867193034, status=UP}
2026-05-27 16:33:15.905 [pool-1-thread-8] INFO  com.fbp.engine.node.impl.LogNode - [16:33:15.905][logger] {tick=2534, __inPort=in, check_timestamp=1779867195905, timestamp=1779867195904, status=UP}
2026-05-27 16:33:16.895 [pool-3-thread-1] INFO  c.f.engine.metrics.MetricsCollector - [MetricsCollector] 8건 메트릭 InfluxDB 적재 완료
2026-05-27 16:33:18.040 [pool-1-thread-8] INFO  com.fbp.engine.node.impl.LogNode - [16:33:18.040][logger] {tick=2535, __inPort=in, check_timestamp=1779867198040, timestamp=1779867198040, status=UP}
2026-05-27 16:33:20.906 [pool-1-thread-8] INFO  com.fbp.engine.node.impl.LogNode - [16:33:20.906][logger] {tick=2536, __inPort=in, check_timestamp=1779867200906, timestamp=1779867200906, status=UP}
2026-05-27 16:33:23.036 [pool-1-thread-8] INFO  com.fbp.engine.node.impl.LogNode - [16:33:23.036][logger] {tick=2537, __inPort=in, check_timestamp=1779867203036, timestamp=1779867203035, status=UP}
2026-05-27 16:33:25.905 [pool-1-thread-8] INFO  com.fbp.engine.node.impl.LogNode - [16:33:25.905][logger] {tick=2538, __inPort=in, check_timestamp=1779867205905, timestamp=1779867205905, status=UP}
2026-05-27 16:33:26.887 [pool-3-thread-1] INFO  c.f.engine.metrics.MetricsCollector - [MetricsCollector] 8건 메트릭 InfluxDB 적재 완료
2026-05-27 16:33:28.043 [pool-1-thread-8] INFO  com.fbp.engine.node.impl.LogNode - [16:33:28.043][logger] {tick=2539, __inPort=in, check_timestamp=1779867208043, timestamp=1779867208042, status=UP}
2026-05-27 16:33:30.905 [pool-1-thread-8] INFO  com.fbp.engine.node.impl.LogNode - [16:33:30.905][logger] {tick=2540, __inPort=in, check_timestamp=1779867210905, timestamp=1779867210905, status=UP}
2026-05-27 16:33:33.040 [pool-1-thread-8] INFO  com.fbp.engine.node.impl.LogNode - [16:33:33.040][logger] {tick=2541, __inPort=in, check_timestamp=1779867213040, timestamp=1779867213040, status=UP}
2026-05-27 16:33:35.906 [pool-1-thread-8] INFO  com.fbp.engine.node.impl.LogNode - [16:33:35.905][logger] {tick=2542, __inPort=in, check_timestamp=1779867215905, timestamp=1779867215905, status=UP}
2026-05-27 16:33:36.898 [pool-3-thread-1] INFO  c.f.engine.metrics.MetricsCollector - [MetricsCollector] 8건 메트릭 InfluxDB 적재 완료
2026-05-27 16:33:38.041 [pool-1-thread-8] INFO  com.fbp.engine.node.impl.LogNode - [16:33:38.041][logger] {tick=2543, __inPort=in, check_timestamp=1779867218041, timestamp=1779867218041, status=UP}
2026-05-27 16:33:40.902 [pool-1-thread-8] INFO  com.fbp.engine.node.impl.LogNode - [16:33:40.902][logger] {tick=2544, __inPort=in, check_timestamp=1779867220902, timestamp=1779867220902, status=UP}
2026-05-27 16:33:43.036 [pool-1-thread-8] INFO  com.fbp.engine.node.impl.LogNode - [16:33:43.036][logger] {tick=2545, __inPort=in, check_timestamp=1779867223035, timestamp=1779867223035, status=UP}
2026-05-27 16:33:45.906 [pool-1-thread-8] INFO  com.fbp.engine.node.impl.LogNode - [16:33:45.906][logger] {tick=2546, __inPort=in, check_timestamp=1779867225906, timestamp=1779867225906, status=UP}
2026-05-27 16:33:46.898 [pool-3-thread-1] INFO  c.f.engine.metrics.MetricsCollector - [MetricsCollector] 8건 메트릭 InfluxDB 적재 완료
2026-05-27 16:33:48.041 [pool-1-thread-8] INFO  com.fbp.engine.node.impl.LogNode - [16:33:48.041][logger] {tick=2547, __inPort=in, check_timestamp=1779867228041, timestamp=1779867228041, status=UP}
2026-05-27 16:33:50.906 [pool-1-thread-8] INFO  com.fbp.engine.node.impl.LogNode - [16:33:50.906][logger] {tick=2548, __inPort=in, check_timestamp=1779867230906, timestamp=1779867230906, status=UP}
2026-05-27 16:33:53.037 [pool-1-thread-8] INFO  com.fbp.engine.node.impl.LogNode - [16:33:53.037][logger] {tick=2549, __inPort=in, check_timestamp=1779867233037, timestamp=1779867233037, status=UP}
2026-05-27 16:33:55.906 [pool-1-thread-8] INFO  com.fbp.engine.node.impl.LogNode - [16:33:55.906][logger] {tick=2550, __inPort=in, check_timestamp=1779867235906, timestamp=1779867235906, status=UP}
2026-05-27 16:33:56.895 [pool-3-thread-1] INFO  c.f.engine.metrics.MetricsCollector - [MetricsCollector] 8건 메트릭 InfluxDB 적재 완료
2026-05-27 16:33:58.041 [pool-1-thread-8] INFO  com.fbp.engine.node.impl.LogNode - [16:33:58.041][logger] {tick=2551, __inPort=in, check_timestamp=1779867238041, timestamp=1779867238041, status=UP}
2026-05-27 16:34:00.906 [pool-1-thread-8] INFO  com.fbp.engine.node.impl.LogNode - [16:34:00.906][logger] {tick=2552, __inPort=in, check_timestamp=1779867240906, timestamp=1779867240906, status=UP}
2026-05-27 16:34:03.042 [pool-1-thread-8] INFO  com.fbp.engine.node.impl.LogNode - [16:34:03.042][logger] {tick=2553, __inPort=in, check_timestamp=1779867243042, timestamp=1779867243042, status=UP}
2026-05-27 16:34:05.900 [pool-1-thread-8] INFO  com.fbp.engine.node.impl.LogNode - [16:34:05.899][logger] {tick=2554, __inPort=in, check_timestamp=1779867245899, timestamp=1779867245899, status=UP}
2026-05-27 16:34:06.897 [pool-3-thread-1] INFO  c.f.engine.metrics.MetricsCollector - [MetricsCollector] 8건 메트릭 InfluxDB 적재 완료
2026-05-27 16:34:08.042 [pool-1-thread-8] INFO  com.fbp.engine.node.impl.LogNode - [16:34:08.042][logger] {tick=2555, __inPort=in, check_timestamp=1779867248042, timestamp=1779867248042, status=UP}
2026-05-27 16:34:10.907 [pool-1-thread-8] INFO  com.fbp.engine.node.impl.LogNode - [16:34:10.907][logger] {tick=2556, __inPort=in, check_timestamp=1779867250907, timestamp=1779867250906, status=UP}
2026-05-27 16:34:13.043 [pool-1-thread-8] INFO  com.fbp.engine.node.impl.LogNode - [16:34:13.043][logger] {tick=2557, __inPort=in, check_timestamp=1779867253043, timestamp=1779867253043, status=UP}
2026-05-27 16:34:15.906 [pool-1-thread-8] INFO  com.fbp.engine.node.impl.LogNode - [16:34:15.906][logger] {tick=2558, __inPort=in, check_timestamp=1779867255906, timestamp=1779867255906, status=UP}
2026-05-27 16:34:16.898 [pool-3-thread-1] INFO  c.f.engine.metrics.MetricsCollector - [MetricsCollector] 8건 메트릭 InfluxDB 적재 완료
2026-05-27 16:34:18.037 [pool-1-thread-8] INFO  com.fbp.engine.node.impl.LogNode - [16:34:18.037][logger] {tick=2559, __inPort=in, check_timestamp=1779867258037, timestamp=1779867258037, status=UP}
2026-05-27 16:34:20.897 [pool-1-thread-8] INFO  com.fbp.engine.node.impl.LogNode - [16:34:20.897][logger] {tick=2560, __inPort=in, check_timestamp=1779867260897, timestamp=1779867260897, status=UP}
2026-05-27 16:34:23.040 [pool-1-thread-8] INFO  com.fbp.engine.node.impl.LogNode - [16:34:23.040][logger] {tick=2561, __inPort=in, check_timestamp=1779867263040, timestamp=1779867263039, status=UP}
2026-05-27 16:34:25.897 [pool-1-thread-8] INFO  com.fbp.engine.node.impl.LogNode - [16:34:25.897][logger] {tick=2562, __inPort=in, check_timestamp=1779867265897, timestamp=1779867265897, status=UP}
2026-05-27 16:34:26.894 [pool-3-thread-1] INFO  c.f.engine.metrics.MetricsCollector - [MetricsCollector] 8건 메트릭 InfluxDB 적재 완료
2026-05-27 16:34:28.039 [pool-1-thread-8] INFO  com.fbp.engine.node.impl.LogNode - [16:34:28.039][logger] {tick=2563, __inPort=in, check_timestamp=1779867268039, timestamp=1779867268039, status=UP}
2026-05-27 16:34:30.907 [pool-1-thread-8] INFO  com.fbp.engine.node.impl.LogNode - [16:34:30.907][logger] {tick=2564, __inPort=in, check_timestamp=1779867270907, timestamp=1779867270907, status=UP}
2026-05-27 16:34:33.043 [pool-1-thread-8] INFO  com.fbp.engine.node.impl.LogNode - [16:34:33.042][logger] {tick=2565, __inPort=in, check_timestamp=1779867273042, timestamp=1779867273042, status=UP}
2026-05-27 16:34:35.906 [pool-1-thread-8] INFO  com.fbp.engine.node.impl.LogNode - [16:34:35.906][logger] {tick=2566, __inPort=in, check_timestamp=1779867275906, timestamp=1779867275906, status=UP}
2026-05-27 16:34:36.897 [pool-3-thread-1] INFO  c.f.engine.metrics.MetricsCollector - [MetricsCollector] 8건 메트릭 InfluxDB 적재 완료
2026-05-27 16:34:38.042 [pool-1-thread-8] INFO  com.fbp.engine.node.impl.LogNode - [16:34:38.042][logger] {tick=2567, __inPort=in, check_timestamp=1779867278042, timestamp=1779867278042, status=UP}
2026-05-27 16:34:40.907 [pool-1-thread-8] INFO  com.fbp.engine.node.impl.LogNode - [16:34:40.907][logger] {tick=2568, __inPort=in, check_timestamp=1779867280907, timestamp=1779867280906, status=UP}
2026-05-27 16:34:43.044 [pool-1-thread-8] INFO  com.fbp.engine.node.impl.LogNode - [16:34:43.044][logger] {tick=2569, __inPort=in, check_timestamp=1779867283044, timestamp=1779867283044, status=UP}
2026-05-27 16:34:45.905 [pool-1-thread-8] INFO  com.fbp.engine.node.impl.LogNode - [16:34:45.905][logger] {tick=2570, __inPort=in, check_timestamp=1779867285905, timestamp=1779867285904, status=UP}
2026-05-27 16:34:46.890 [pool-3-thread-1] INFO  c.f.engine.metrics.MetricsCollector - [MetricsCollector] 8건 메트릭 InfluxDB 적재 완료
2026-05-27 16:34:48.043 [pool-1-thread-8] INFO  com.fbp.engine.node.impl.LogNode - [16:34:48.043][logger] {tick=2571, __inPort=in, check_timestamp=1779867288043, timestamp=1779867288043, status=UP}
2026-05-27 16:34:50.907 [pool-1-thread-8] INFO  com.fbp.engine.node.impl.LogNode - [16:34:50.907][logger] {tick=2572, __inPort=in, check_timestamp=1779867290907, timestamp=1779867290907, status=UP}
2026-05-27 16:34:53.041 [pool-1-thread-8] INFO  com.fbp.engine.node.impl.LogNode - [16:34:53.041][logger] {tick=2573, __inPort=in, check_timestamp=1779867293041, timestamp=1779867293040, status=UP}
2026-05-27 16:34:55.906 [pool-1-thread-8] INFO  com.fbp.engine.node.impl.LogNode - [16:34:55.906][logger] {tick=2574, __inPort=in, check_timestamp=1779867295906, timestamp=1779867295905, status=UP}
2026-05-27 16:34:57.008 [pool-3-thread-1] INFO  c.f.engine.metrics.MetricsCollector - [MetricsCollector] 8건 메트릭 InfluxDB 적재 완료
2026-05-27 16:34:58.036 [pool-1-thread-8] INFO  com.fbp.engine.node.impl.LogNode - [16:34:58.036][logger] {tick=2575, __inPort=in, check_timestamp=1779867298036, timestamp=1779867298036, status=UP}
2026-05-27 16:35:00.908 [pool-1-thread-8] INFO  com.fbp.engine.node.impl.LogNode - [16:35:00.908][logger] {tick=2576, __inPort=in, check_timestamp=1779867300908, timestamp=1779867300907, status=UP}
2026-05-27 16:35:03.044 [pool-1-thread-8] INFO  com.fbp.engine.node.impl.LogNode - [16:35:03.044][logger] {tick=2577, __inPort=in, check_timestamp=1779867303044, timestamp=1779867303044, status=UP}
2026-05-27 16:36:33.453 [pool-1-thread-8] INFO  com.fbp.engine.node.impl.LogNode - [16:36:33.453][logger] {tick=2578, __inPort=in, check_timestamp=1779867393453, timestamp=1779867393452, status=UP}
2026-05-27 16:36:34.450 [pool-3-thread-1] INFO  c.f.engine.metrics.MetricsCollector - [MetricsCollector] 8건 메트릭 InfluxDB 적재 완료
2026-05-27 16:36:35.584 [pool-1-thread-8] INFO  com.fbp.engine.node.impl.LogNode - [16:36:35.584][logger] {tick=2579, __inPort=in, check_timestamp=1779867395584, timestamp=1779867395584, status=UP}
2026-05-27 16:36:38.449 [pool-1-thread-8] INFO  com.fbp.engine.node.impl.LogNode - [16:36:38.449][logger] {tick=2580, __inPort=in, check_timestamp=1779867398448, timestamp=1779867398448, status=UP}
2026-05-27 16:36:40.581 [pool-1-thread-8] INFO  com.fbp.engine.node.impl.LogNode - [16:36:40.581][logger] {tick=2581, __inPort=in, check_timestamp=1779867400581, timestamp=1779867400581, status=UP}
2026-05-27 16:36:43.445 [pool-1-thread-8] INFO  com.fbp.engine.node.impl.LogNode - [16:36:43.445][logger] {tick=2582, __inPort=in, check_timestamp=1779867403445, timestamp=1779867403445, status=UP}
2026-05-27 16:36:44.455 [pool-3-thread-1] INFO  c.f.engine.metrics.MetricsCollector - [MetricsCollector] 8건 메트릭 InfluxDB 적재 완료
2026-05-27 16:36:45.581 [pool-1-thread-8] INFO  com.fbp.engine.node.impl.LogNode - [16:36:45.581][logger] {tick=2583, __inPort=in, check_timestamp=1779867405581, timestamp=1779867405581, status=UP}
